{
  "format_version": "1.13.0",
  "minecraft:biome": {
    "description": {
      "identifier": "stone_beach"
    },
    "components": {
      "minecraft:climate": {
        "downfall": 0.3,
        "snow_accumulation": [ 0.0, 0.25 ],
        "temperature": 0.2
      },
      "minecraft:overworld_height": {
        "noise_type": "stone_beach"
      },
      "minecraft:surface_parameters": {
        "sea_floor_depth": 7,
        "sea_floor_material": "minecraft:gravel",
        "foundation_material": "minecraft:stone",
        "mid_material": "minecraft:stone",
        "top_material": "minecraft:stone",
        "sea_material": "minecraft:water"
      },
      "minecraft:surface_material_adjustments": {
        "adjustments": [
          {
            "materials": {
              "mid_material": "minecraft:gravel",
              "top_material": "minecraft:gravel"
            },
            "noise_frequency_scale": 0.03175,
            "noise_range": [ -0.05, 0.05 ]
          }
        ]
      },

      "beach": {},
      "stone_beach": {},
      "monster": {},
      "overworld": {},
      "stone": {}
    }
  }
}