{
	"pools": [
		{
			"rolls": 1,
			"entries": [
				{
					"type": "item",
					"name": "minecraft:air",
					"weight": 8,
					"functions": [
						{
							"function": "set_count",
							"count": {
								"min": 0,
								"max": 0
							}
						}
					]
				},
				{
					"type": "item",
					"name": "minecraft:stick",
					"weight": 1,
					"functions": [
						{
							"function": "set_count",
							"count": {
								"min": 1,
								"max": 1
							}
						}
					]
				},
				{
					"type": "item",
					"name": "tweaks:palm_sapling_item",
					"weight": 1,
					"functions": [
						{
							"function": "set_count",
							"count": {
								"min": 1,
								"max": 1
							}
						}
					]
				}
			]
		}
	]
}