{
  "pools": [
    {
      "rolls": 1,
      "entries": [
        {
          "type": "item",
          "name": "minecraft:rabbit_hide",
          "weight": 10
        },
        {
          "type": "item",
          "name": "minecraft:rabbit_foot",
          "weight": 10
        },
        {
          "type": "item",
          "name": "minecraft:chicken",
          "weight": 10
        },
        {
          "type": "item",
          "name": "minecraft:feather",
          "weight": 10
        },
        {
          "type": "item",
          "name": "minecraft:rotten_flesh",
          "weight": 10
        },
        {
          "type": "item",
          "name": "minecraft:string",
          "weight": 10
        },
        {
          "type": "item",
          "name": "minecraft:phantom_membrane",
          "weight": 2
        },
        {
          "type": "item",
          "name": "tweaks:rabid_fang",
          "weight": 1
        }
      ]
    }
  ]
}