{
    "pools": [
     {
        "rolls": 1,
        "entries": [
          {
            "type": "item",
            "name": "tweaks:raw_haddock",
            "weight": 3,
            "functions": [
              {
                "function": "set_count",
                "count": {
                  "min": 0,
                  "max": 2
                }
              },
              {
                "function": "looting_enchant",
                "count": {
                  "min": 0,
                  "max": 1
                }
              }
            ]
          }
        ]
      },
      {
      "rolls": 1,
        "entries": [
                {
                    "type": "item",
                    "name": "minecraft:salmon",
                    "weight": 1,
                  "functions": [
                    {
                      "function": "set_count",
                      "count": {
                        "min": 0,
                        "max": 2
                      }
                    },
                    {
                      "function": "looting_enchant",
                      "count": {
                        "min": 0,
                        "max": 1
                      }
                    }
                  ]
                }
            ]
        }
    ]
}