{
  "format_version": "1.13.0",
  "minecraft:scatter_feature": {
    "description": {
      "identifier": "tweaks:butterfly_rose_scatter_feature"
    },
    "iterations": 30,
    "coordinate_eval_order": "zyx",
    "x": {
      "extent": [ -8, 8 ],
      "distribution": "gaussian"
    },
    "z": {
      "extent": [ -8, 8 ],
      "distribution": "gaussian"
    },
    "y": {
      "extent": [ -4, 4 ],
      "distribution": "gaussian"
    },
    "project_input_to_floor": false,
    "places_feature": "tweaks:butterfly_rose_feature"
  }
}