{
  "minecraft:structure_template_feature" : {
    "facing_direction" : "random",
    "constraints" : {
      "block_intersection" : {
        "block_allowlist" : [
          "minecraft:end_stone",
          "tweaks:pearl_ore",
          "tweaks:lepidolite_pearl_ore",
          "tweaks:lepidolite"
        ]
      }
    },
    "description" : {
      "identifier" : "tweaks:end_fossil_feature"
    },
    "adjustment_radius" : 6,
    "structure_name" : "mystructure:end_fossil"
  },
  "format_version" : "1.13.0"
}