{
  "format_version": "1.16.0",
  "minecraft:vegetation_patch_feature": {
    "description": {
      "identifier": "tweaks:nebula_patch_feature"
    },
    "replaceable_blocks": [
      "minecraft:end_stone",
      "tweaks:pearl_ore"
    ],
    "ground_block": "tweaks:twisting_nebula",
    "vegetation_feature": "minecraft:air",
    "surface": "floor",
    "depth": {
      "range_min": 4,
      "range_max": 9
    },
    "vertical_range": 5,
    "vegetation_chance": 0.8,
    "horizontal_radius": {
      "range_min": 1,
      "range_max": 4
    },
    "extra_edge_column_chance": 0.3
  }
}