{
  "pools": [
    {
      "rolls": {
        "min": 3,
        "max": 8
      },
      "entries": [
        {
          "type": "item",
          "name": "minecraft:clay_ball"
        },
        {
          "type": "item",
          "functions": [
            {
              "function": "set_data",
              "data": 2
            }
          ],
          "name": "minecraft:dye"
        },
        {
          "type": "item",
          "weight": 10,
          "functions": [
            {
              "function": "set_count",
              "count": {
                "min": 1,
                "max": 4
              }
            }
          ],
          "name": "minecraft:cactus"
        },
        {
          "type": "item",
          "weight": 1,
          "functions": [
            {
              "function": "set_count",
              "count": {
                "min": 1,
                "max": 1
              }
            }
          ],
          "name": "minecraft:saddle"
        },
        {
          "type": "item",
          "weight": 10,
          "functions": [
            {
              "function": "set_count",
              "count": {
                "min": 1,
                "max": 7
              }
            }
          ],
          "name": "minecraft:wheat"
        },
        {
          "type": "item",
          "weight": 10,
          "functions": [
            {
              "function": "set_count",
              "count": {
                "min": 1,
                "max": 4
              }
            }
          ],
          "name": "minecraft:bread"
        },
        {
          "type": "item",
          "weight": 1,
          "functions": [
            {
              "function": "set_count",
              "count": {
                "min": 1,
                "max": 2
              }
            }
          ],
          "name": "tweaks:camel_pelt"
        },
        {
          "type": "item",
          "name": "minecraft:book"
        },
        {
          "type": "item",
          "weight": 2,
          "functions": [
            {
              "function": "set_count",
              "count": {
                "min": 1,
                "max": 3
              }
            }
          ],
          "name": "minecraft:deadbush"
        },
        {
          "type": "item",
          "weight": 2,
          "functions": [
            {
              "function": "set_count",
              "count": {
                "min": 1,
                "max": 2
              }
            }
          ],
          "name": "tweaks:palm_log"
        },
        {
          "type": "item",
          "weight": 2,
          "functions": [
            {
              "function": "set_count",
              "count": {
                "min": 1,
                "max": 3
              }
            }
          ],
          "name": "tweaks:palm_leaves"
        },
        {
          "type": "item",
          "functions": [
            {
              "function": "set_count",
              "count": {
                "min": 1,
                "max": 3
              }
            }
          ],
          "name": "minecraft:emerald"
        }
      ]
    }
  ]
}