{
  "format_version": "1.20.10",
  "minecraft:recipe_shapeless": {
    "description": {
    "identifier": "tweaks:stonecutter_mossy_deepslate_bricks_to_slab"
    },
    "tags": [ "stonecutter" ],
    "priority": 1,
    "ingredients": [
      {
        "item": "tweaks:mossy_deepslate_bricks"
      }
    ],
    "unlock": [
      {
        "item": "tweaks:mossy_deepslate_bricks"
      }
    ],
    "result": {
      "item": "tweaks:mossy_deepslate_brick_slab",
      "count": 2
    }
  }
}
