{
  "format_version": "1.20.10",
  "minecraft:recipe_shapeless": {
    "description": {
    "identifier": "tweaks:stonecutter_purpur_to_smooth"
    },
    "tags": [ "stonecutter" ],
    "priority": 1,
    "ingredients": [
      {
        "item": "minecraft:purpur_block",
        "data": 0
      }
    ],
    "unlock": [
      {
        "item": "minecraft:purpur_block",
        "data": 0
      }
    ],
    "result": {
      "item": "tweaks:smooth_purpur",
      "count": 1
    }
  }
}
