{
  "format_version": "1.20.10",
  "minecraft:recipe_shapeless": {
    "description": {
    "identifier": "tweaks:stonecutter_polished_dripstone_to_polished_slab"
    },
    "tags": [ "stonecutter" ],
    "priority": 1,
    "ingredients": [
      {
        "item": "tweaks:polished_dripstone"
      }
    ],
    "unlock": [
      {
        "item": "tweaks:polished_dripstone"
      }
    ],
    "result": {
      "item": "tweaks:polished_dripstone_slab",
      "count": 2
    }
  }
}
