{
  "format_version": "1.16.0",
  "minecraft:block": {
    "description": {
      "identifier": "tweaks:aquatic_illuminator",
      "register_to_creative_menu": true
    },
    "components": {
      "minecraft:creative_category": {
        "category": "construction",
        "group": "itemGroup.name.light"
      },
      "minecraft:destroy_time": 2.45,
      "minecraft:map_color" : "#01CEBC",
      "minecraft:block_light_emission": 0.55,
      "minecraft:loot": "loot_tables/blocks/illuminator.json",
      "minecraft:block_light_absorption": 15.0,
      "minecraft:explosion_resistance": 1.0
    }
  }
}