{
  "format_version": "1.16.100",
  "minecraft:block": {
    "description": {
      "identifier": "tweaks:barrel_cactus",
      "register_to_creative_menu": false
    },
    "components": {
      "minecraft:geometry": "geometry.growth",
      "minecraft:material_instances": {
        "*": {
          "texture": "barrel_cactus",
          "render_method": "alpha_test",
          "face_dimming": false,
          "ambient_occlusion": false
        }
     },
     "minecraft:placement_filter" : {
       "conditions" : [
         {
           "block_filter" : [
             "sand",
             "suspicious_sand",
             "sandstone",
             "hardened_clay",
             "stained_hardened_clay",
             "red_sandstone"
           ],
           "allowed_faces" : [
             "up"
           ]
         }
       ]
      },
      "minecraft:loot": "loot_tables/blocks/barrel_cactus.json",
      "minecraft:entity_collision": false,
      "minecraft:map_color" : "#719930",
      "minecraft:creative_category": {
        "category": "commands",
        "group": "itemGroup.name.commands"
      },
      "minecraft:on_interact": {
        "event": "bonemeal",
        "condition": "query.get_equipped_item_name =='bone_meal'"
      },
      "minecraft:pick_collision": {
        "origin": [-4, 0,-4],
        "size": [6,9,6]
      },
      "minecraft:destroy_time": 0,
      "minecraft:block_light_absorption": 0,
      "minecraft:random_ticking": {
        "on_tick": {
          "event": "nothing"
        }
      }
    },
    "events": {
      "nothing": {
        "run_command": {
          "command": "nothing"
        }
      },
      "bonemeal": {
        "decrement_stack": {},
        "run_command": {
          "command": "function bonemeal_cactus"
        }
      }
    }
  }
}