{
  "format_version": "1.16.100",
  "minecraft:block": {
    "description": {
      "identifier": "tweaks:chorungus_stem",
      "register_to_creative_menu": true
    },
    "components": {
      "minecraft:loot": "loot_tables/nothing.json",
      "minecraft:creative_category": {
        "category": "nature",
        "group": "itemGroup.name.mushroom"
      },
      "minecraft:destroy_time": 0.25,
      "minecraft:map_color" : "#DFD3B0",
      "minecraft:explosion_resistance": 1,
      "minecraft:random_ticking": {
        "on_tick": {
          "event": "nothing"
        }
      }
    },
    "events": {
      "nothing": {
        "run_command": {
          "command": "nothing"
        }
      }
    }
  }
}