{
  "format_version": "1.16.0",
  "minecraft:block": {
    "description": {
      "identifier": "tweaks:chorus_morass",
      "register_to_creative_menu": true
    },
    "components": {
      "minecraft:creative_category": {
        "category": "nature",
        "group": "itemGroup.name.morass"
      },
      "minecraft:loot": "loot_tables/blocks/chorus_morass.json",
      "minecraft:destroy_time": 0.2,
      "minecraft:friction": 0.6,
      "minecraft:map_color": "#854F92",
      "minecraft:explosion_resistance": 1,
      "minecraft:on_interact": {
        "event": "tweaks:grass_grow_random",
        "condition": "query.get_equipped_item_name =='bone_meal'"
      }
    },
    "events": {
      "tweaks:grass_grow1": {
        "run_command": {
          "command": [
            "particle minecraft:crop_growth_emitter ~~1~",
            "fill ~ ~1 ~ ~ ~1 ~ tweaks:chorus_weeds 14 replace air 0",
            "playsound item.bone_meal.use @p ~~~"
          ]
        },
        "decrement_stack": {}
      },
      "tweaks:grass_grow2": {
        "run_command": {
          "command": [
            "particle minecraft:crop_growth_emitter ~~1~",
            "fill ~ ~1 ~ ~ ~1 ~ tweaks:chorus_shoots 14 replace air 0",
            "playsound item.bone_meal.use @p ~~~"
          ]
        },
        "decrement_stack": {}
      },
      "tweaks:grass_grow3": {
        "run_command": {
          "command": [
            "particle minecraft:crop_growth_emitter ~~1~",
            "fill ~ ~1 ~ ~ ~1 ~ tweaks:chorus_morass_carpet 14 replace air 0",
            "playsound item.bone_meal.use @p ~~~"
          ]
        },
        "decrement_stack": {}
      },
      "tweaks:grass_grow4": {
        "run_command": {
          "command": [
            "particle minecraft:crop_growth_emitter ~~1~",
            "fill ~ ~1 ~ ~ ~1 ~ tweaks:chorungus 14 replace air 0",
            "playsound item.bone_meal.use @p ~~~"
          ]
        },
        "decrement_stack": {}
      },
      "tweaks:grass_grow5": {
        "run_command": {
          "command": [
            "particle minecraft:crop_growth_emitter ~~1~",
            "fill ~ ~1 ~ ~ ~1 ~ tweaks:waft_fruit_plant 14 replace air 0",
            "playsound item.bone_meal.use @p ~~~"
          ]
        },
        "decrement_stack": {}
      },
      "tweaks:grass_grow_random": {
        "randomize": [
          {
            "trigger": {
              "event": "tweaks:grass_grow1"
            },
            "weight": 20
          },
          {
            "trigger": {
              "event": "tweaks:grass_grow2"
            },
            "weight": 30
          },
          {
            "trigger": {
              "event": "tweaks:grass_grow3"
            },
            "weight": 40
          },
          {
            "trigger": {
              "event": "tweaks:grass_grow4"
            },
            "weight": 5
          },
          {
            "trigger": {
              "event": "tweaks:grass_grow5"
            },
            "weight": 5
          }
        ]
      }
    }
  }
}