{
	"format_version": "1.16.0",
	"minecraft:block": {
		"description": {
			"identifier": "tweaks:cracked_dripstone_bricks",
			"register_to_creative_menu": true
		},
		"components": {
			"tag:dig_with_pickaxe": {},
			"tag:stone": {},
      		"minecraft:creative_category": {
        		"group": "itemGroup.name.stoneBrick",
      			"category": "construction"
      		},
			"minecraft:destroy_time": 4.2,
                    "minecraft:map_color": "#AB9385",
			"minecraft:explosion_resistance": 8,
			"minecraft:loot": "loot_tables/no_drops.json",
			"minecraft:on_player_destroyed": {
				"condition": "query.equipped_item_any_tag('slot.weapon.mainhand', 'minecraft:is_pickaxe')",
				"event": "tweaks:broken"
			}
		},
		"events": {
			"tweaks:broken": {
				"spawn_loot": {
					"table": "loot_tables/blocks/cracked_dripstone_bricks.json"
				}
			}
		}
	}
}