{
  "format_version": "1.16.100",
  "minecraft:block": {
    "description": {
      "identifier": "tweaks:dragon_cherry_bush",
      "register_to_creative_menu": false
    },
    "components": {
      "minecraft:geometry": "geometry.growth",
      "minecraft:material_instances": {
        "*": {
          "texture": "dragon_cherry_bush",
          "render_method": "alpha_test",
          "face_dimming": false
        }
     },
     "minecraft:placement_filter" : {
       "conditions" : [
         {
           "block_filter" : [
             "crimson_nylium"
           ],
           "allowed_faces" : [
             "up"
           ]
         }
       ]
      },
      "minecraft:loot": "loot_tables/nothing.json",
      "minecraft:creative_category": {
        "category": "commands",
        "group": "itemGroup.name.commands"
      },
      "minecraft:on_interact": {
        "event": "bonemeal",
        "condition": "query.get_equipped_item_name =='wither_bone_meal'"
      },
      "minecraft:destroy_time": 0.2,
      "minecraft:map_color": "#0C0C0C",
      "minecraft:entity_collision": false,
      "minecraft:pick_collision": {
        "origin": [-4, 0,-4],
        "size": [10,16,10]
      },
      "minecraft:block_light_emission" : 0,
      "minecraft:block_light_absorption": 0,
      "minecraft:random_ticking": {
        "on_tick": {
          "event": "grow"
        }
      }
    },
    "events": {
      "grow": {
        "run_command": {
          "command": "setblock ~ ~ ~ tweaks:dragon_cherry_bush_grown"
        }
      },
      "bonemeal": {
        "decrement_stack": {},
        "run_command": {
          "command": "function bonemeal_cherries"
        }
      }
    }
  }
}