{
	"format_version": "1.16.100",
	"minecraft:block": {
		"description": {
			"identifier": "tweaks:dragon_cherry_bush_grown",
			"register_to_creative_menu": false
		},
		"components": {
			"minecraft:creative_category": {
				"group": "itemGroup.name.commands",
				"category": "commands"
			},
			"minecraft:geometry": "geometry.growth",
			"minecraft:material_instances": {
				"*": {
					"texture": "dragon_cherry_bush_grown",
					"render_method": "alpha_test",
					"face_dimming": false
				}
			},
			"minecraft:pick_collision": {
				"origin": [
					-4,
					0,
					-4
				],
				"size": [
					10,
					16,
					10
				]
			},
			"minecraft:entity_collision": false,
                    "minecraft:loot": "loot_tables/blocks/dragon_cherries.json",
			"minecraft:destroy_time": 0.2,
                    "minecraft:map_color": "#0C0C0C",
			"minecraft:on_interact": {
				"event": "get_cherries",
				"target": "self"
			},
			"minecraft:friction": 0.6,
			"minecraft:block_light_absorption": 0
		},
		"events": {
			"get_cherries": {
				"set_block_at_pos": {
					"block_type": "tweaks:dragon_cherry_bush",
					"block_offset": [
						0,
						0,
						0
					]
				},
				"run_command": {
					"command": [
                                        "playsound block.sweet_berry_bush.pick @a[r=7]"
					]
				},
				"spawn_loot": {
					"table": "loot_tables/blocks/dragon_cherries.json"
				}
			}
		}
	}
}