{
  "format_version": "1.17.3",
  "minecraft:block": {
    "description": {
      "identifier": "tweaks:dripstone_brick_stairs",
      "register_to_creative_menu": true,
      "properties": {
        "tweaks:facing": [
          2,
          3,
          4,
          5,
          6
        ],
        "tweaks:shape": [
          "straight",
          "inner",
          "outer"
        ],
        "tweaks:half": [
          "bottom",
          "top"
        ]
      }
    },
    "components": {
      "tag:dig_with_pickaxe": {},
      "tag:stone": {},
      "minecraft:creative_category": {
        "category": "construction",
        "group": "itemGroup.name.stairs"
      },
      "minecraft:loot": "loot_tables/blocks/dripstone_brick_stairs.json",
      "minecraft:block_light_absorption": 0,
      "minecraft:destroy_time": 4.2,
      "minecraft:map_color": "#AB9385",
      "minecraft:explosion_resistance": 8,
      "minecraft:material_instances": {
        "*": {
          "texture": "dripstone_bricks",
          "render_method": "opaque"
        }
      },
      "minecraft:pick_collision": {
        "origin": [-8, 0,-8],
        "size": [16,16,16]
      },
      "minecraft:entity_collision": {
        "origin": [-8, 0, -8],
        "size": [16, 8 ,16]
      },
      "minecraft:on_interact": {
        "condition": "query.is_sneaking",
        "event": "tweaks:change_shape"
      },
      "minecraft:on_player_placing": {
        "event": "tweaks:place_block"
      }
    },
    "permutations": [
      {
        "name": "facing=north half=bottom",
        "condition": "query.block_property('tweaks:facing') == 2 && query.block_property('tweaks:half') == 'bottom'",
        "components": {
          "minecraft:rotation": [0, 90, 0]
        }
      },
      {
        "name": "facing=south half=bottom",
        "condition": "query.block_property('tweaks:facing') == 3 && query.block_property('tweaks:half') == 'bottom'",
        "components": {
          "minecraft:rotation": [0, -90, 0]
        }
      },
      {
        "name": "facing=west half=bottom",
        "condition": "query.block_property('tweaks:facing') == 4 && query.block_property('tweaks:half') == 'bottom'",
        "components": {
          "minecraft:rotation": [0, 180, 0]
        }
      },
      {
        "name": "facing=east half=bottom",
        "condition": "query.block_property('tweaks:facing') == 5 && query.block_property('tweaks:half') == 'bottom'",
        "components": {
          "minecraft:rotation": [0, 0, 0]
        }
      },
      {
        "name": "facing=north half=top",
        "condition": "query.block_property('tweaks:facing') == 2 && query.block_property('tweaks:half') == 'top'",
        "components": {
          "minecraft:rotation": [180, 90, 0]
        }
      },
      {
        "name": "facing=south half=top",
        "condition": "query.block_property('tweaks:facing') == 3 && query.block_property('tweaks:half') == 'top'",
        "components": {
          "minecraft:rotation": [180, -90, 0]
        }
      },
      {
        "name": "facing=west half=top",
        "condition": "query.block_property('tweaks:facing') == 4 && query.block_property('tweaks:half') == 'top'",
        "components": {
          "minecraft:rotation": [180, 180, 0]
        }
      },
      {
        "name": "facing=east half=top",
        "condition": "query.block_property('tweaks:facing') == 5 && query.block_property('tweaks:half') == 'top'",
        "components": {
          "minecraft:rotation": [180, 0, 0]
        }
      },
      {
        "name": "shape=straight",
        "condition": "query.block_property('tweaks:shape') == 'straight'",
        "components": {
          "minecraft:geometry": "geometry.stair_block"
        }
      },
      {
        "name": "shape=inner",
        "condition": "query.block_property('tweaks:shape') == 'inner'",
        "components": {
          "minecraft:geometry": "geometry.inner_stair_block"
        }
      },
      {
        "name": "shape=outer",
        "condition": "query.block_property('tweaks:shape') == 'outer'",
        "components": {
          "minecraft:geometry": "geometry.outer_stair_block"
        }
      }
    ],
    "events": {
      "tweaks:change_shape":{
        "sequence": [
          {
            "condition": "query.block_property('tweaks:shape') == 'outer'",
            "set_block_property": {
              "tweaks:shape": "'straight'"
            }
          },
          {
            "condition": "query.block_property('tweaks:shape') == 'inner'",
            "set_block_property": {
              "tweaks:shape": "'outer'"
            }
          },
          {
            "condition": "query.block_property('tweaks:shape') == 'straight'",
            "set_block_property": {
              "tweaks:shape": "'inner'"
            }
          }
        ]
      },
      "tweaks:place_block": {
        "sequence": [
          {
            "set_block_property": {
              "tweaks:facing": "(query.cardinal_facing_2d)"
            }
          },
          {
            "condition": "query.target_x_rotation <= 4",
            "set_block_property": {
              "tweaks:half": "'top'"
            }
          }
        ]
      }
    }
  }
}