{
  "minecraft:block" : {
    "components" : {
      "minecraft:map_color": "#F3E593",
      "minecraft:destroy_time" : 0.5,
      "minecraft:entity_collision" : {
        "origin" : [
          -8,
          0,
          -8
        ],
        "size" : [
          16,
          16,
          16
        ]
      },
      "minecraft:on_placed" : {
        "event" : "placed",
        "target" : "self"
      },
      "minecraft:placement_filter" : {
        "conditions" : [
          {
            "block_filter" : [
              "end_stone",
              "chorus_sod",
              "chorus_morass"
            ],
            "allowed_faces" : [
              "up"
            ]
          }
        ]
      },
      "minecraft:on_step_off" : {
        "event" : "step_off",
        "target" : "self"
      },
      "minecraft:block_light_absorption" : 0,
      "minecraft:on_step_on" : {
        "event" : "step_on",
        "target" : "self"
      },
      "minecraft:on_player_destroyed" : {
        "event" : "on_destroy",
        "target" : "self"
      },
      "minecraft:creative_category": {
	  "group": "itemGroup.name.endDangers",
	  "category": "nature"
      },
      "minecraft:breathability" : "solid",
      "minecraft:friction" : 0.60000002384185791,
      "minecraft:loot" : "loot_tables\/blocks\/nothing.json",
      "minecraft:explosion_resistance" : 1,
      "minecraft:block_light_emission" : 0,
      "minecraft:pick_collision" : {
        "origin" : [
          -8,
          0,
          -8
        ],
        "size" : [
          16,
          16,
          16
        ]
      },
      "minecraft:random_ticking" : {
        "on_tick" : {
          "event" : "on_random_tick",
          "target" : "self"
        }
      },
      "minecraft:on_player_placing" : {
        "event" : "update_rotation"
      }
    },
    "permutations" : [
      {
        "condition" : "query.block_property('stair:rotation') == 2",
        "components" : {
          "minecraft:rotation" : [
            0,
            0,
            0
          ]
        }
      },
      {
        "condition" : "query.block_property('stair:rotation') == 3",
        "components" : {
          "minecraft:rotation" : [
            0,
            -180,
            0
          ]
        }
      },
      {
        "condition" : "query.block_property('stair:rotation') == 4",
        "components" : {
          "minecraft:rotation" : [
            0,
            90,
            0
          ]
        }
      },
      {
        "condition" : "query.block_property('stair:rotation') == 5",
        "components" : {
          "minecraft:rotation" : [
            0,
            -90,
            0
          ]
        }
      }
    ],
    "description" : {
      "properties" : {
        "stair:rotation" : [
          0,
          1,
          2,
          3,
          4,
          5,
          6
        ]
      },
      "identifier" : "tweaks:endermite_nest",
      "register_to_creative_menu" : true
    },
    "events" : {
      "step_off" : {

      },
      "on_tick" : {

      },
      "step_on" : {

      },
      "update_rotation" : {

      },
      "on_random_tick" : {
        "randomize" : [
          {
            "run_command" : {
              "command" : [
                "summon endermite ~1 ~ ~",
                "playsound mob.turtle_baby.born @a[r=10]"
              ]
            },
            "weight" : 2
          },
          {
            "run_command" : {
              "command" : [
                "summon endermite ~-1 ~ ~",
                "playsound mob.turtle_baby.born @a[r=10]"
              ]
            },
            "weight" : 2
          },
          {
            "run_command" : {
              "command" : [
                "summon endermite ~ ~ ~1",
                "playsound mob.turtle_baby.born @a[r=10]"
              ]
            },
            "weight" : 2
          },
          {
            "run_command" : {
              "command" : [
                "summon endermite ~ ~ ~-1",
                "playsound mob.turtle_baby.born @a[r=10]"
              ]
            },
            "weight" : 2
          },
          {
            "run_command" : {
              "command" : [
                "playsound mob.turtle_baby.born @a[r=10]",
                "playsound block.turtle_egg.break @a[r=10]",
                "summon endermite ~ ~ ~",
                "summon endermite ~1 ~ ~",
                "setblock ~ ~ ~ air",
                "summon endermite ~ ~ ~-1"
              ]
            },
            "weight" : 1
          }
        ]
      },
      "on_destroy" : {
        "run_command" : {
          "command" : [
            "playsound mob.turtle_baby.born @a[r=10]",
            "playsound block.turtle_egg.break @a[r=10]",
            "summon endermite ~ ~ ~",
            "summon endermite ~1 ~ ~",
            "setblock ~ ~ ~ air",
            "summon endermite ~ ~ ~-1"
          ]
        }
      },
      "placed" : {

      }
    }
  },
  "format_version" : "1.16.0"
}