{
  "format_version": "1.16.100",
  "minecraft:block": {
    "description": {
      "identifier": "tweaks:medium_topaz_growth",
      "register_to_creative_menu": false
    },
    "components": {
      "minecraft:geometry": "geometry.growth",
      "minecraft:material_instances": {
        "*": {
          "texture": "medium_topaz_growth",
          "render_method": "alpha_test",
          "face_dimming": false,
          "ambient_occlusion": false
        }
     },
     "minecraft:placement_filter" : {
       "conditions" : [
         {
           "allowed_faces" : [
             "up"
           ]
         }
       ]
      },
      "minecraft:loot": "loot_tables/nothing.json",
      "minecraft:map_color" : "#EBB200",
      "minecraft:creative_category": {
        "category": "commands",
        "group": "itemGroup.name.commands"
      },
      "minecraft:pick_collision": {
        "origin": [-8, 0,-8],
        "size": [16,8,16]
      },
      "minecraft:entity_collision": {
        "origin": [-8, 0, -8],
        "size": [16, 8,16]
      },
      "minecraft:destroy_time": 3.5,
      "minecraft:block_light_emission" : 0.25,
      "minecraft:block_light_absorption": 0,
      "minecraft:random_ticking": {
        "on_tick": {
          "event": "grow"
        }
      }
    },
    "events": {
      "grow": {
        "run_command": {
          "command": "setblock ~ ~ ~ tweaks:large_topaz_growth"
        }
      }
    }
  }
}