{
  "minecraft:block" : {
    "components" : {
      "minecraft:creative_category" : {
        "category" : "construction",
        "group": "itemGroup.name.walls"
      },
      "minecraft:map_color" : "#AB9C85",
      "minecraft:material_instances" : {
        "*" : {
          "texture" : "mossy_dripstone_bricks",
          "render_method" : "opaque"
        }
      },
      "minecraft:destroy_time" : 4.2,
      "minecraft:entity_collision" : {
        "origin" : [
          -2,
          0,
          -2
        ],
        "size" : [
          4,
          16,
          4
        ]
      },
      "minecraft:on_placed" : {
        "event" : "placed",
        "target" : "self"
      },
      "tag:minecraft:stone" : {

      },
      "minecraft:on_step_off" : {
        "event" : "step_off",
        "target" : "self"
      },
      "minecraft:block_light_absorption" : 0,
      "minecraft:on_step_on" : {
        "event" : "step_on",
        "target" : "self"
      },
      "minecraft:on_player_destroyed" : {
        "event" : "on_destroy",
        "target" : "self"
      },
      "minecraft:breathability" : "solid",
      "minecraft:friction" : 0.6,
      "minecraft:loot" : "loot_tables\/blocks\/mossy_dripstone_brick_wall.json",
      "minecraft:explosion_resistance" : 8,
      "minecraft:geometry" : "geometry.walls_0",
      "minecraft:block_light_emission" : 0,
      "minecraft:unwalkable" : true,
      "minecraft:pick_collision" : {
        "origin" : [
          -2,
          0,
          -2
        ],
        "size" : [
          4,
          16,
          4
        ]
      },
      "minecraft:on_player_placing" : {
        "event" : "set_facing_direction"
      }
    },
    "permutations" : [
      {
        "condition" : "q.block_property('colored:facing_direction') == 2",
        "components" : {
          "minecraft:entity_collision" : {
            "origin" : [
              -4,
              0,
              -4
            ],
            "size" : [
              8,
              16,
              12
            ]
          },
          "minecraft:pick_collision" : {
            "origin" : [
              -4,
              0,
              -4
            ],
            "size" : [
              8,
              16,
              12
            ]
          },
          "minecraft:geometry" : "geometry.walls_near_180"
        }
      },
      {
        "condition" : "q.block_property('colored:facing_direction') == 3",
        "components" : {
          "minecraft:entity_collision" : {
            "origin" : [
              -4,
              0,
              -8
            ],
            "size" : [
              8,
              16,
              12
            ]
          },
          "minecraft:pick_collision" : {
            "origin" : [
              -4,
              0,
              -8
            ],
            "size" : [
              8,
              16,
              12
            ]
          },
          "minecraft:geometry" : "geometry.walls_near_0"
        }
      },
      {
        "condition" : "q.block_property('colored:facing_direction') == 4",
        "components" : {
          "minecraft:entity_collision" : {
            "origin" : [
              -8,
              0,
              -4
            ],
            "size" : [
              12,
              16,
              8
            ]
          },
          "minecraft:pick_collision" : {
            "origin" : [
              -8,
              0,
              -4
            ],
            "size" : [
              12,
              16,
              8
            ]
          },
          "minecraft:geometry" : "geometry.walls_near_270"
        }
      },
      {
        "condition" : "q.block_property('colored:facing_direction') == 5",
        "components" : {
          "minecraft:entity_collision" : {
            "origin" : [
              -4,
              0,
              -4
            ],
            "size" : [
              12,
              16,
              8
            ]
          },
          "minecraft:pick_collision" : {
            "origin" : [
              -4,
              0,
              -4
            ],
            "size" : [
              12,
              16,
              8
            ]
          },
          "minecraft:geometry" : "geometry.walls_near_90"
        }
      },
      {
        "condition" : "q.block_property('colored:set_down') == '270_grades' && q.block_property('colored:facing_direction') == 0",
        "components" : {
          "minecraft:geometry" : "geometry.walls_standing"
        }
      },
      {
        "condition" : "q.block_property('colored:set_down') == '270_grades' && (q.block_property('colored:facing_direction') == 1 || q.block_property('colored:facing_direction') == 6)",
        "components" : {
          "minecraft:entity_collision" : {
            "origin" : [
              -3,
              0,
              -8
            ],
            "size" : [
              6,
              16,
              16
            ]
          },
          "minecraft:on_interact" : {
            "condition" : "query.get_equipped_item_name == 'air' && query.block_face == 4",
            "event" : "change",
            "target" : "self"
          },
          "minecraft:geometry" : "geometry.walls_90",
          "minecraft:pick_collision" : {
            "origin" : [
              -3,
              0,
              -8
            ],
            "size" : [
              6,
              16,
              16
            ]
          }
        }
      },
      {
        "condition" : "q.block_property('colored:set_down') == '270_corner' && (q.block_property('colored:facing_direction') == 0 || q.block_property('colored:facing_direction') == 1 || q.block_property('colored:facing_direction') == 6)",
        "components" : {
          "minecraft:entity_collision" : {
            "origin" : [
              -4,
              0,
              -8
            ],
            "size" : [
              12,
              16,
              12
            ]
          },
          "minecraft:pick_collision" : {
            "origin" : [
              -4,
              0,
              -8
            ],
            "size" : [
              12,
              16,
              12
            ]
          },
          "minecraft:geometry" : "geometry.walls_corner_270"
        }
      },
      {
        "condition" : "q.block_property('colored:set_down') == '180_grades' && (q.block_property('colored:facing_direction') == 0 || q.block_property('colored:facing_direction') == 1 || q.block_property('colored:facing_direction') == 6)",
        "components" : {
          "minecraft:entity_collision" : {
            "origin" : [
              -8,
              0,
              -3
            ],
            "size" : [
              16,
              16,
              6
            ]
          },
          "minecraft:on_interact" : {
            "condition" : "query.get_equipped_item_name == 'air' && query.block_face == 3",
            "event" : "change",
            "target" : "self"
          },
          "minecraft:geometry" : "geometry.walls_0",
          "minecraft:pick_collision" : {
            "origin" : [
              -8,
              0,
              -3
            ],
            "size" : [
              16,
              16,
              6
            ]
          }
        }
      },
      {
        "condition" : "q.block_property('colored:set_down') == '180_corner' && (q.block_property('colored:facing_direction') == 0 || q.block_property('colored:facing_direction') == 1 || q.block_property('colored:facing_direction') == 6)",
        "components" : {
          "minecraft:entity_collision" : {
            "origin" : [
              -4,
              0,
              -4
            ],
            "size" : [
              12,
              16,
              12
            ]
          },
          "minecraft:pick_collision" : {
            "origin" : [
              -4,
              0,
              -4
            ],
            "size" : [
              12,
              16,
              12
            ]
          },
          "minecraft:geometry" : "geometry.walls_corner_180"
        }
      },
      {
        "condition" : "q.block_property('colored:set_down') == '90_grades' && (q.block_property('colored:facing_direction') == 0 || q.block_property('colored:facing_direction') == 1 || q.block_property('colored:facing_direction') == 6)",
        "components" : {
          "minecraft:entity_collision" : {
            "origin" : [
              -3,
              0,
              -8
            ],
            "size" : [
              6,
              16,
              16
            ]
          },
          "minecraft:on_interact" : {
            "condition" : "query.get_equipped_item_name == 'air' && query.block_face == 5",
            "event" : "change",
            "target" : "self"
          },
          "minecraft:geometry" : "geometry.walls_90",
          "minecraft:pick_collision" : {
            "origin" : [
              -3,
              0,
              -8
            ],
            "size" : [
              6,
              16,
              16
            ]
          }
        }
      },
      {
        "condition" : "q.block_property('colored:set_down') == '90_corner' && (q.block_property('colored:facing_direction') == 0 || q.block_property('colored:facing_direction') == 1 || q.block_property('colored:facing_direction') == 6)",
        "components" : {
          "minecraft:entity_collision" : {
            "origin" : [
              -8,
              0,
              -4
            ],
            "size" : [
              12,
              16,
              12
            ]
          },
          "minecraft:pick_collision" : {
            "origin" : [
              -8,
              0,
              -4
            ],
            "size" : [
              12,
              16,
              12
            ]
          },
          "minecraft:geometry" : "geometry.walls_corner_90"
        }
      },
      {
        "condition" : "q.block_property('colored:set_down') == '0_grades' && (q.block_property('colored:facing_direction') == 0 || q.block_property('colored:facing_direction') == 1 || q.block_property('colored:facing_direction') == 6)",
        "components" : {
          "minecraft:entity_collision" : {
            "origin" : [
              -8,
              0,
              -3
            ],
            "size" : [
              16,
              16,
              6
            ]
          },
          "minecraft:on_interact" : {
            "condition" : "query.get_equipped_item_name == 'air' && query.block_face == 2",
            "event" : "change",
            "target" : "self"
          },
          "minecraft:geometry" : "geometry.walls_0",
          "minecraft:pick_collision" : {
            "origin" : [
              -8,
              0,
              -3
            ],
            "size" : [
              16,
              16,
              6
            ]
          }
        }
      },
      {
        "condition" : "q.block_property('colored:set_down') == '0_corner' && (q.block_property('colored:facing_direction') == 0 || q.block_property('colored:facing_direction') == 1 || q.block_property('colored:facing_direction') == 6)",
        "components" : {
          "minecraft:entity_collision" : {
            "origin" : [
              -8,
              0,
              -8
            ],
            "size" : [
              12,
              16,
              12
            ]
          },
          "minecraft:pick_collision" : {
            "origin" : [
              -8,
              0,
              -8
            ],
            "size" : [
              12,
              16,
              12
            ]
          },
          "minecraft:geometry" : "geometry.walls_corner_0"
        }
      },
      {
        "condition" : "q.block_property('colored:post') == 1",
        "components" : {
          "minecraft:entity_collision" : {
            "origin" : [
              -4,
              0,
              -4
            ],
            "size" : [
              8,
              16,
              8
            ]
          },
          "minecraft:pick_collision" : {
            "origin" : [
              -4,
              0,
              -4
            ],
            "size" : [
              8,
              16,
              8
            ]
          },
          "minecraft:geometry" : "geometry.walls_standing"
        }
      },
      {
        "condition" : "q.block_property('colored:post') == 2",
        "components" : {
          "minecraft:entity_collision" : {
            "origin" : [
              -8,
              0,
              -4
            ],
            "size" : [
              16,
              16,
              8
            ]
          },
          "minecraft:pick_collision" : {
            "origin" : [
              -8,
              0,
              -4
            ],
            "size" : [
              16,
              16,
              8
            ]
          },
          "minecraft:geometry" : "geometry.walls_st_0"
        }
      },
      {
        "condition" : "q.block_property('colored:post') == 3",
        "components" : {
          "minecraft:entity_collision" : {
            "origin" : [
              -4,
              0,
              -8
            ],
            "size" : [
              8,
              16,
              16
            ]
          },
          "minecraft:pick_collision" : {
            "origin" : [
              -4,
              0,
              -8
            ],
            "size" : [
              8,
              16,
              16
            ]
          },
          "minecraft:geometry" : "geometry.walls_st_90"
        }
      }
    ],
    "description" : {
      "properties" : {
        "colored:post" : [
          0,
          1
        ],
        "colored:facing_direction" : [
          0,
          1,
          2,
          3,
          4,
          5,
          6
        ],
        "colored:set_down" : [
          "270_grades",
          "270_corner",
          "180_grades",
          "180_corner",
          "90_grades",
          "90_corner",
          "0_grades",
          "0_corner"
        ]
      },
      "identifier" : "tweaks:mossy_dripstone_brick_wall"
    },
    "events" : {
      "change" : {
        "sequence" : [
          {
            "condition" : "query.block_property('colored:post') == 0",
            "set_block_property" : {
              "colored:post" : 1
            },
            "run_command" : {
              "command" : "playsound hit.dripstone_block @a ~ ~ ~",
              "target" : "self"
            }
          },
          {
            "condition" : "query.block_property('colored:post') == 1",
            "set_block_property" : {
              "colored:post" : 0
            },
            "run_command" : {
              "command" : "playsound hit.dripstone_block @a ~ ~ ~",
              "target" : "self"
            }
          }
        ]
      },
      "step_off" : {

      },
      "on_tick" : {

      },
      "step_on" : {

      },
      "on_random_tick" : {

      },
      "on_destroy" : {

      },
      "set_facing_direction" : {
        "sequence" : [
          {
            "set_block_property" : {
              "colored:facing_direction" : "q.cardinal_block_face_placed_on"
            }
          },
          {
            "set_block_property" : {
              "colored:set_down" : "((q.head_y_rotation(0) >= -22.5 && q.head_y_rotation(0) < 0.0) ? '0_grades' :((q.head_y_rotation(0) >= 0.0 && q.head_y_rotation(0) < 22.5) ? '0_grades' :((q.head_y_rotation(0) >= 22.5 && q.head_y_rotation(0) < 67.5) ? '0_corner' :((q.head_y_rotation(0) >= 67.5 && q.head_y_rotation(0) < 112.5) ? '90_grades' :((q.head_y_rotation(0) >= 112.5 && q.head_y_rotation(0) < 157.5) ? '90_corner' :((q.head_y_rotation(0) >= 157.5 && q.head_y_rotation(0) < 180.0) ? '180_grades' :((q.head_y_rotation(0) >= -180.0 && q.head_y_rotation(0) < -157.5) ? '180_grades' :((q.head_y_rotation(0) >= -157.5 && q.head_y_rotation(0) < -112.5) ? '180_corner' :((q.head_y_rotation(0) >= -112.5 && q.head_y_rotation(0) < -67.5) ? '270_grades' :((q.head_y_rotation(0) >= -67.5 && q.head_y_rotation(0) < -22.5) ? '270_corner' : '0_grades'))))))))))"
            }
          }
        ]
      },
      "placed" : {

      }
    }
  },
  "format_version" : "1.16.100"
}