{
	"format_version": "1.16.100",
	"minecraft:block": {
		"description": {
			"identifier": "tweaks:palm_sapling",
			"register_to_creative_menu": false
		},
		"components": {
			"minecraft:destroy_time": 0,
			"minecraft:material_instances": {
				"*": {
					"texture": "palm_sapling",
					"render_method": "alpha_test",
					"face_dimming": false
				}
			},
			"minecraft:creative_category": {
				"group": "itemGroup.name.commands",
				"category": "commands"
			},
			"minecraft:flammable": {
				"burn_odds": 5,
				"flame_odds": 5
			},
			"minecraft:geometry": "geometry.growth",
			"minecraft:placement_filter": {
				"conditions": [
					{
						"allowed_faces": [
							"up"
						],
						"block_filter": [
							"minecraft:grass",
							"minecraft:dirt",
							"minecraft:dirt_with_roots",
							"minecraft:podzol",
							"minecraft:sand",
							"minecraft:suspicious_sand",
							"minecraft:moss_block"
						]
					}
				]
			},
                    "minecraft:random_ticking": {
                      "on_tick": {
                        "event": "grow"
                      }
                    },
			"minecraft:entity_collision": false,
			"minecraft:breathability": "air",
                    "minecraft:map_color": "#00FF2F",
                    "minecraft:loot": "loot_tables/blocks/palm_sapling.json",
			"minecraft:block_light_absorption": 0,
			"minecraft:explosion_resistance": 0,
			"minecraft:pick_collision": {
				"origin": [
					-4,
					0,
					-4
				],
				"size": [
					6,
					12,
					6
				]
			},
			"minecraft:on_interact": {
				"event": "bone_meal",
				"condition": "query.get_equipped_item_name('main_hand') == 'bone_meal'"
			}
		},
		"events": {
			"grow": {
				"run_command": {
					"command": [
						"structure load mystructure:palm_tree ~ ~ ~",
						"setblock ~ ~ ~ air"
					]
				}
			},
			"bone_meal": {
				"decrement_stack": {},
				"run_command": {
					"command": [
						"setblock ~ ~ ~ tweaks:palm_wood",
						"setblock ~1 ~ ~ tweaks:palm_wood",
						"setblock ~ ~ ~1 tweaks:palm_wood",
						"setblock ~ ~1 ~ tweaks:palm_log",
						"setblock ~ ~2 ~ tweaks:palm_log",
						"setblock ~ ~3 ~ tweaks:palm_wood",
						"setblock ~ ~4 ~1 tweaks:palm_wood",
						"setblock ~ ~5 ~1 tweaks:palm_log",
						"setblock ~ ~6 ~1 tweaks:palm_log",
						"setblock ~ ~7 ~1 tweaks:palm_log",
						"setblock ~ ~8 ~1 tweaks:palm_wood",
						"setblock ~ ~9 ~1 tweaks:palm_leaves",
						"setblock ~1 ~9 ~1 tweaks:palm_leaves",
						"setblock ~ ~9 ~-1 tweaks:palm_leaves",
						"setblock ~1 ~9 ~-1 tweaks:palm_leaves",
						"setblock ~-1 ~9 ~-1 tweaks:palm_leaves",
						"setblock ~-1 ~9 ~1 tweaks:palm_leaves",
						"setblock ~ ~9 ~ tweaks:palm_leaves",
						"setblock ~1 ~9 ~ tweaks:palm_leaves",
						"setblock ~-1 ~9 ~ tweaks:palm_leaves",
						"setblock ~ ~9 ~2 tweaks:palm_leaves",
						"setblock ~ ~8 ~ tweaks:palm_leaves",
						"setblock ~1 ~8 ~ tweaks:palm_leaves",
						"setblock ~-1 ~8 ~ tweaks:palm_leaves",
						"setblock ~ ~8 ~2 tweaks:palm_leaves",
						"setblock ~ ~10 ~1 tweaks:palm_leaves",
						"setblock ~1 ~8 ~1 tweaks:palm_leaves",
						"setblock ~-1 ~8 ~1 tweaks:palm_leaves",
						"setblock ~1 ~8 ~2 tweaks:palm_leaves",
						"setblock ~-1 ~8 ~-1 tweaks:palm_leaves",
						"setblock ~2 ~8 ~2 tweaks:palm_leaves",
						"setblock ~1 ~8 ~-2 tweaks:palm_leaves",
						"setblock ~-1 ~8 ~-2 tweaks:palm_leaves",
						"setblock ~-2 ~8 ~2 tweaks:palm_leaves",
						"setblock ~2 ~8 ~1 tweaks:palm_leaves",
						"setblock ~-1 ~10 ~1 tweaks:palm_leaves",
						"particle minecraft:crop_growth_emitter ~~~",
						"playsound item.bone_meal.use @p ~~~"
					]
				}
			}
		}
	}
}