{
	"format_version": "1.19.40",
	"minecraft:block": {
		"description": {
			"identifier": "tweaks:palm_leaves",
			"menu_category": {
				"category": "nature",
				"group": "itemGroup.name.leaves"
			}
		},
		"components": {
			"minecraft:material_instances": {
				"*": {
					"texture": "palm_leaves",
					"render_method": "blend",
					"ambient_occlusion": true,
					"face_dimming": true
				}
			},
			"minecraft:destructible_by_mining": {
				"seconds_to_destroy": 0.2
			},
			"minecraft:flammable": {
				"catch_chance_modifier": 25,
				"destroy_chance_modifier": 50
			},
			"minecraft:breathability": "air",
			"minecraft:loot": "loot_tables/blocks/palm_leaves.json",
			"minecraft:map_color": "#00FF2F",
			"minecraft:light_dampening": 0,
			"minecraft:light_emission": 0,
			"minecraft:unit_cube": {}
		},
		"events": {
			"tweaks:on_destroyed": {
				"sequence": [
					{
						"condition": "query.get_equipped_item_name=='shears'",
						"spawn_loot": {
							"table": "loot_tables/blocks/palm_leaves_sheared.json"
						}
					},
					{
						"condition": "query.get_equipped_item_name!='shears'",
						"randomize": [
							{
								"weight": 10,
								"spawn_loot": {
									"table": "loot_tables/blocks/palm_leaves.json"
								}
							},
							{
								"weight": 90,
								"spawn_loot": {
									"table": "loot_tables/nothing.json"
								}
							}
						]
					}
				]
			}
		}
	}
}