{
  "minecraft:block" : {
    "components" : {
      "minecraft:friction" : 0.60000002384185791,
      "minecraft:block_light_absorption" : 0,
      "minecraft:block_light_emission" : 0,
      "minecraft:entity_collision" : {
        "origin" : [
          -8,
          0,
          -8
        ],
        "size" : [
          16,
          16,
          16
        ]
      },
      "tag:minecraft:planks": {},
      "minecraft:creative_category" : {
        "group": "itemGroup.name.planks",
        "category" : "construction"
      },
      "minecraft:pick_collision" : {
        "origin" : [
          -8,
          0,
          -8
        ],
        "size" : [
          16,
          16,
          16
        ]
      },
      "minecraft:loot" : "loot_tables/blocks/palm_planks.json",
      "tag:wood" : {

      },
      "minecraft:material_instances" : {
        "*" : {
          "texture" : "palm_planks",
          "render_method" : "opaque"
        }
      },
      "minecraft:on_placed" : {
        "event" : "placed",
        "target" : "self"
      },
      "minecraft:on_player_destroyed" : {
        "event" : "on_destroy",
        "target" : "self"
      },
      "minecraft:map_color" : "#AA8C85",
      "minecraft:breathability" : "solid",
      "minecraft:flammable" : {
        "flame_odds" : 5,
        "burn_odds" : 5
      },
      "minecraft:destroy_time" : 2,
      "minecraft:on_step_on" : {
        "event" : "step_on",
        "target" : "self"
      },
      "minecraft:on_step_off" : {
        "event" : "step_off",
        "target" : "self"
      },
      "minecraft:explosion_resistance" : 3,
      "minecraft:on_player_placing" : {
        "event" : "update_rotation"
      }
    },
    "permutations" : [
      {
        "condition" : "query.block_property('stair:rotation') == 2",
        "components" : {
          "minecraft:rotation" : [
            0,
            0,
            0
          ]
        }
      },
      {
        "condition" : "query.block_property('stair:rotation') == 3",
        "components" : {
          "minecraft:rotation" : [
            0,
            -180,
            0
          ]
        }
      },
      {
        "condition" : "query.block_property('stair:rotation') == 4",
        "components" : {
          "minecraft:rotation" : [
            0,
            90,
            0
          ]
        }
      },
      {
        "condition" : "query.block_property('stair:rotation') == 5",
        "components" : {
          "minecraft:rotation" : [
            0,
            -90,
            0
          ]
        }
      }
    ],
    "description" : {
      "properties" : {
        "stair:rotation" : [
          0,
          1,
          2,
          3,
          4,
          5,
          6
        ]
      },
      "identifier" : "tweaks:palm_planks"
    },
    "events" : {
      "step_off" : {

      },
      "on_tick" : {

      },
      "step_on" : {

      },
      "update_rotation" : {

      },
      "on_random_tick" : {

      },
      "on_destroy" : {

      },
      "placed" : {

      }
    }
  },
  "format_version" : "1.16.0"
}