{
	"format_version": "1.16.0",
	"minecraft:block": {
		"description": {
			"identifier": "tweaks:pearl_ore",
			"register_to_creative_menu": true
		},
		"components": {
			"tag:dig_with_pickaxe": {},
			"tag:stone": {},
      		"minecraft:creative_category": {
        		"group": "itemGroup.name.ore",
      			"category": "nature"
      		},
			"minecraft:destroy_time": 6,
                    "minecraft:map_color": "#F3E593",
			"minecraft:explosion_resistance": 4,
			"minecraft:loot": "loot_tables/no_drops.json",
			"minecraft:on_player_destroyed": {
				"condition": "(query.get_equipped_item_name('main_hand') == 'diamond_pickaxe') || (query.get_equipped_item_name('main_hand') == 'netherite_pickaxe') || (query.get_equipped_item_name('main_hand') == 'iron_pickaxe') || (query.get_equipped_item_name('main_hand') == 'bismuth_pickaxe')",
				"event": "tweaks:broken"
			}
		},
		"events": {
			"tweaks:broken": {
				"spawn_loot": {
					"table": "loot_tables/blocks/pearl_ore.json"
				}
			}
		}
	}
}