{
  "format_version": "1.16.100",
  "minecraft:block": {
    "description": {
      "identifier": "tweaks:petunia",
      "register_to_creative_menu": false
    },
    "components": {
      "minecraft:geometry": "geometry.growth",
      "minecraft:material_instances": {
        "*": {
          "texture": "petunia",
          "render_method": "alpha_test",
          "face_dimming": false,
          "ambient_occlusion": false
        }
     },
     "minecraft:placement_filter" : {
       "conditions" : [
         {
           "block_filter" : [
             "grass",
             "dirt",
             "mycelium",
             "dirt_with_roots",
             "moss_block",
             "podzol"
           ],
           "allowed_faces" : [
             "up"
           ]
         }
       ]
      },
      "minecraft:loot": "loot_tables/blocks/petunia.json",
      "minecraft:entity_collision": false,
      "minecraft:map_color" : "#01E10A",
      "minecraft:flammable" : {
        "flame_odds" : 30,
        "burn_odds" : 15
      },
      "minecraft:creative_category": {
        "category": "commands",
        "group": "itemGroup.name.commands"
      },
      "minecraft:pick_collision": {
        "origin": [-4, 0,-4],
        "size": [6,14,6]
      },
      "minecraft:destroy_time": 0,
      "minecraft:block_light_absorption": 0,
      "minecraft:random_ticking": {
        "on_tick": {
          "event": "nothing"
        }
      }
    },
    "events": {
      "nothing": {
        "run_command": {
          "command": "nothing"
        }
      }
    }
  }
}