{
  "format_version": "1.16.0",
  "minecraft:block": {
    "description": {
      "identifier": "tweaks:pulstone",
      "register_to_creative_menu": true
    },
    "components": {
      "minecraft:creative_category": {
        "category": "items",
        "group": "itemGroup.name.lamp"
      },
      "minecraft:destroy_time": 2.4,
      "minecraft:map_color": "#156745",
      "minecraft:block_light_emission": 0.9,
      "minecraft:loot": "loot_tables/blocks/pulstone.json",
      "minecraft:block_light_absorption": 15.0,
      "minecraft:explosion_resistance": 1.0
    }
  }
}