{
	"format_version": "1.16.0",
	"minecraft:block": {
		"description": {
			"identifier": "tweaks:soul_iron_ore",
			"register_to_creative_menu": true
		},
		"components": {
			"tag:dig_with_shovel": {},
      		"minecraft:creative_category": {
        		"group": "itemGroup.name.ore",
      			"category": "nature"
      		},
			"minecraft:destroy_time": 1.25,
                    "minecraft:map_color" : "#393736",
			"minecraft:block_light_emission": 0,
			"minecraft:explosion_resistance": 1,
			"minecraft:loot": "loot_tables/no_drops.json",
       		"minecraft:on_player_destroyed": {
				"condition": "query.equipped_item_any_tag('slot.weapon.mainhand', 'minecraft:is_shovel')",
				"event": "tweaks:broken"
			}
		},
		"events": {
			"tweaks:broken": {
				"spawn_loot": {
					"table": "loot_tables/blocks/soul_iron_ore.json"
				}
			}
		}
	}
}