{
  "format_version": "1.16.100",
  "minecraft:block": {
    "description": {
      "identifier": "tweaks:soul_glass",
      "register_to_creative_menu": true
    },
    "components": {
      "minecraft:material_instances": {
        "*": {
          "texture": "soul_glass",
          "render_method": "blend",
	   "ambient_occlusion": true,
	   "face_dimming": true
        }
      },
      "minecraft:loot": "loot_tables/nothing.json",
      "minecraft:breathability": "air",
      "minecraft:creative_category": {
        "category": "construction",
        "group": "itemGroup.name.glass"
      },
      "minecraft:destroy_time": 0.3,
      "minecraft:map_color": "#89FFEF",
      "minecraft:block_light_emission" : 0.2,
      "minecraft:block_light_absorption": 0,
      "minecraft:random_ticking": {
        "on_tick": {
          "event": "nothing"
        }
      }
    },
    "events": {
      "nothing": {
        "run_command": {
          "command": "nothing"
        }
      }
    }
  }
}