{
	"format_version": "1.16.100",
	"minecraft:block": {
		"description": {
			"identifier": "tweaks:stripped_palm_wood",
			"properties": {
				"tweaks:facing_direction": [
					0,
					1,
					2
				]
			}
		},
		"permutations": [
			{
				"condition": "query.block_property('tweaks:facing_direction') == 0",
				"components": {
					"minecraft:rotation": [
						0,
						0,
						0
					]
				}
			},
			{
				"condition": "query.block_property('tweaks:facing_direction') == 1",
				"components": {
					"minecraft:rotation": [
						90,
						0,
						0
					]
				}
			},
			{
				"condition": "query.block_property('tweaks:facing_direction') == 2",
				"components": {
					"minecraft:rotation": [
						0,
						0,
						90
					]
				}
			}
		],
		"components": {
                    "tag:wood": {},
			"minecraft:creative_category": {
				"category": "nature",
				"group": "itemGroup.name.wood"
			},
			"minecraft:material_instances": {
				"*": {
					"texture": "stripped_palm_log_side",
					"render_method": "opaque"
				},
				"ends": {
					"texture": "stripped_palm_log_side",
					"render_method": "opaque"
				},
				"up": "ends",
				"down": "ends"
			},
			"minecraft:flammable": {
				"burn_odds": 5,
				"flame_odds": 5
			},
			"minecraft:loot": "loot_tables/blocks/stripped_palm_wood.json",
			"minecraft:destroy_time": 2,
			"tag:minecraft:logs": {},
                    "minecraft:map_color": "#AA8C85",
			"minecraft:unit_cube": {},
			"minecraft:on_player_placing": {
				"event": "tweaks:set_facing_direction"
			}
		},
		"events": {
			"tweaks:set_facing_direction": {
				"set_block_property": {
					"tweaks:facing_direction": "math.floor(query.block_face/2)"
				}
			}
		}
	}
}