{
  "format_version": "1.16.100",
  "minecraft:block": {
    "description": {
      "identifier": "tweaks:tomato_plant_stage_1",
      "register_to_creative_menu": false
    },
    "components": {
      "minecraft:geometry": "geometry.growth",
      "minecraft:map_color" : "#01E10A",
      "minecraft:material_instances": {
        "*": {
          "texture": "tomato_plant_stage_1",
          "render_method": "alpha_test",
          "face_dimming": false,
          "ambient_occlusion": false
        }
     },
     "minecraft:placement_filter" : {
       "conditions" : [
         {
           "block_filter" : [
             "farmland"
           ],
           "allowed_faces" : [
             "up"
           ]
         }
       ]
      },
      "minecraft:loot": "loot_tables/blocks/tomato_seed.json",
      "minecraft:creative_category": {
        "category": "commands",
        "group": "itemGroup.name.commands"
      },
      "minecraft:on_interact": {
        "event": "bonemeal",
        "condition": "query.get_equipped_item_name =='bone_meal'"
      },
      "minecraft:destroy_time": 0,
      "minecraft:flammable" : {
        "flame_odds" : 30,
        "burn_odds" : 15
      },
      "minecraft:entity_collision": false,
      "minecraft:pick_collision": {
        "origin": [-4, 0,-4],
        "size": [10,6,10]
      },
      "minecraft:block_light_emission" : 0,
      "minecraft:block_light_absorption": 0,
      "minecraft:random_ticking": {
        "on_tick": {
          "event": "grow"
        }
      }
    },
    "events": {
      "grow": {
        "run_command": {
          "command": "setblock ~ ~ ~ tweaks:tomato_plant_stage_2"
        }
      },
      "bonemeal": {
        "decrement_stack": {},
        "run_command": {
          "command": "function bonemeal_tomato"
        }
      }
    }
  }
}