{
    "format_version": "1.16.100",
    "minecraft:block": {
        "description": {
            "identifier": "tweaks:topaz_brick_slab",
            "register_to_creative_menu": true,
            "properties": {
                "tweaks:placeontopside": [0, 1, 2, 3, 4, 5, 6]
            }
        },
        "components": {
            "tag:dig_with_pickaxe": {},
            "tag:stone": {},
            "minecraft:creative_category": {
                "group": "itemGroup.name.slab",
                "category": "construction"
            },
            "minecraft:map_color": "#EBB200",
            "minecraft:destroy_time": 5,
            "minecraft:explosion_resistance": 10,
        	"minecraft:on_player_placing": {
        		"event": "tweaks:placeontopside"
        	}
        },
        "events": {
            "tweaks:make_double":{     
            	"sequence":[
                	{
            			"set_block_property": {
                            "tweaks:placeontopside": "6"
                        }
                	},
                	{
            			"decrement_stack":{}    
                	}
            	]
        	},
        	"tweaks:placeontopside": {
                "set_block_property": {
                	"tweaks:placeontopside": "query.cardinal_player_facing"
                }
            },
            "tweaks:broken": {
                "spawn_loot": {
                    "table": "loot_tables/blocks/topaz_brick_slab.json"
                }
            },
            "tweaks:broken_double": {
                "spawn_loot": {
                    "table": "loot_tables/blocks/topaz_brick_double_slab.json"
                }
            }
        },
        "permutations": [
        	{
                "condition": "query.block_property('tweaks:placeontopside') == 0.0", // upright
                "components": {
                    "minecraft:geometry": "geometry.slab",
           			"minecraft:material_instances": {
                		"*": {
                    		"texture": "topaz_bricks",
                    		"render_method": "alpha_test"
                		}
            		},
                    "minecraft:pick_collision": {
                        "origin": [-8,0,-8],
                        "size": [16,8,16]
                    },
                    "minecraft:entity_collision": {
                        "origin": [-8,0,-8],
                        "size": [16,8,16]
                    },
            		"minecraft:on_interact":{
                		"condition": "((query.get_equipped_item_name('main_hand') == 'topaz_brick_slab') && (query.block_face == 1.0))",
                		"event": "tweaks:make_double"
        			},
                    "minecraft:on_player_destroyed": {
                       "condition": "(query.get_equipped_item_name('main_hand') == 'diamond_pickaxe') || (query.get_equipped_item_name('main_hand') == 'netherite_pickaxe') || (query.get_equipped_item_name('main_hand') == 'stone_pickaxe') || (query.get_equipped_item_name('main_hand') == 'iron_pickaxe') || (query.get_equipped_item_name('main_hand') == 'bismuth_pickaxe')",
                        "event": "tweaks:broken"
                    },
                    "minecraft:block_light_absorption": 0,
                    "minecraft:loot": "loot_tables/no_drops.json"
                }
            },
            {
                "condition": "query.block_property('tweaks:placeontopside') == 1.0", // upside down
                "components": {
                    "minecraft:geometry": "geometry.slab_top",
                    "minecraft:material_instances": {
                		"*": {
                    		"texture": "topaz_bricks",
                    		"render_method": "alpha_test"
                		}
            		},
                    "minecraft:pick_collision": {
                        "origin": [-8,8,-8],
                        "size": [16,8,16]
                    },
                    "minecraft:entity_collision": {
                        "origin": [-8,8,-8],
                        "size": [16,8,16]
                    },
            		"minecraft:on_interact":{
                		"condition": "((query.get_equipped_item_name('main_hand') == 'topaz_brick_slab') && (query.block_face == 0.0))",
                		"event": "tweaks:make_double"
        			},
                    "minecraft:on_player_destroyed": {
                        "condition": "(query.get_equipped_item_name('main_hand') == 'diamond_pickaxe') || (query.get_equipped_item_name('main_hand') == 'netherite_pickaxe') || (query.get_equipped_item_name('main_hand') == 'stone_pickaxe') || (query.get_equipped_item_name('main_hand') == 'iron_pickaxe') || (query.get_equipped_item_name('main_hand') == 'bismuth_pickaxe')",
                        "event": "tweaks:broken"
                    },
                    "minecraft:block_light_absorption": 0,
                    "minecraft:loot": "loot_tables/no_drops.json"
                }
            },
        	{
                "condition": "query.block_property('tweaks:placeontopside') == 2.0", // upright
                "components": {
                    "minecraft:geometry": "geometry.slab",
           			"minecraft:material_instances": {
                		"*": {
                    		"texture": "topaz_bricks",
                    		"render_method": "alpha_test"
                		}
            		},
                    "minecraft:pick_collision": {
                        "origin": [-8,0,-8],
                        "size": [16,8,16]
                    },
                    "minecraft:entity_collision": {
                        "origin": [-8,0,-8],
                        "size": [16,8,16]
                    },
            		"minecraft:on_interact":{
                		"condition": "((query.get_equipped_item_name('main_hand') == 'topaz_brick_slab') && (query.block_face == 1.0))",
                		"event": "tweaks:make_double"
        			},
                    "minecraft:on_player_destroyed": {
                        "condition": "(query.get_equipped_item_name('main_hand') == 'diamond_pickaxe') || (query.get_equipped_item_name('main_hand') == 'netherite_pickaxe') || (query.get_equipped_item_name('main_hand') == 'stone_pickaxe') || (query.get_equipped_item_name('main_hand') == 'iron_pickaxe') || (query.get_equipped_item_name('main_hand') == 'bismuth_pickaxe')",
                        "event": "tweaks:broken"
                    },
                    "minecraft:block_light_absorption": 0,
                    "minecraft:loot": "loot_tables/no_drops.json"
                }
            },
        	{
                "condition": "query.block_property('tweaks:placeontopside') == 3.0", // upright
                "components": {
                    "minecraft:geometry": "geometry.slab",
           			"minecraft:material_instances": {
                		"*": {
                    		"texture": "topaz_bricks",
                    		"render_method": "alpha_test"
                		}
            		},
                    "minecraft:pick_collision": {
                        "origin": [-8,0,-8],
                        "size": [16,8,16]
                    },
                    "minecraft:entity_collision": {
                        "origin": [-8,0,-8],
                        "size": [16,8,16]
                    },
            		"minecraft:on_interact":{
                		"condition": "((query.get_equipped_item_name('main_hand') == 'topaz_brick_slab') && (query.block_face == 1.0))",
                		"event": "tweaks:make_double"
        			},
                    "minecraft:on_player_destroyed": {
                        "condition": "(query.get_equipped_item_name('main_hand') == 'diamond_pickaxe') || (query.get_equipped_item_name('main_hand') == 'netherite_pickaxe') || (query.get_equipped_item_name('main_hand') == 'stone_pickaxe') || (query.get_equipped_item_name('main_hand') == 'iron_pickaxe') || (query.get_equipped_item_name('main_hand') == 'bismuth_pickaxe')",
                        "event": "tweaks:broken"
                    },
                    "minecraft:block_light_absorption": 0,
                    "minecraft:loot": "loot_tables/no_drops.json"
                }
            },
        	{
                "condition": "query.block_property('tweaks:placeontopside') == 4.0", // upright
                "components": {
                    "minecraft:geometry": "geometry.slab",
           			"minecraft:material_instances": {
                		"*": {
                    		"texture": "topaz_bricks",
                    		"render_method": "alpha_test"
                		}
            		},
                    "minecraft:pick_collision": {
                        "origin": [-8,0,-8],
                        "size": [16,8,16]
                    },
                    "minecraft:entity_collision": {
                        "origin": [-8,0,-8],
                        "size": [16,8,16]
                    },
            		"minecraft:on_interact":{
                		"condition": "((query.get_equipped_item_name('main_hand') == 'topaz_brick_slab') && (query.block_face == 1.0))",
                		"event": "tweaks:make_double"
        			},
                    "minecraft:on_player_destroyed": {
                        "condition": "(query.get_equipped_item_name('main_hand') == 'diamond_pickaxe') || (query.get_equipped_item_name('main_hand') == 'netherite_pickaxe') || (query.get_equipped_item_name('main_hand') == 'stone_pickaxe') || (query.get_equipped_item_name('main_hand') == 'iron_pickaxe') || (query.get_equipped_item_name('main_hand') == 'bismuth_pickaxe')",
                        "event": "tweaks:broken"
                    },
                    "minecraft:block_light_absorption": 0,
                    "minecraft:loot": "loot_tables/no_drops.json"
                }
            },
        	{
                "condition": "query.block_property('tweaks:placeontopside') == 5.0", // upright
                "components": {
                    "minecraft:geometry": "geometry.slab",
           			"minecraft:material_instances": {
                		"*": {
                    		"texture": "topaz_bricks",
                    		"render_method": "alpha_test"
                		}
            		},
                    "minecraft:pick_collision": {
                        "origin": [-8,0,-8],
                        "size": [16,8,16]
                    },
                    "minecraft:entity_collision": {
                        "origin": [-8,0,-8],
                        "size": [16,8,16]
                    },
            		"minecraft:on_interact":{
                		"condition": "((query.get_equipped_item_name('main_hand') == 'topaz_brick_slab') && (query.block_face == 1.0))",
                		"event": "tweaks:make_double"
        			},
                    "minecraft:on_player_destroyed": {
                        "condition": "(query.get_equipped_item_name('main_hand') == 'diamond_pickaxe') || (query.get_equipped_item_name('main_hand') == 'netherite_pickaxe') || (query.get_equipped_item_name('main_hand') == 'stone_pickaxe') || (query.get_equipped_item_name('main_hand') == 'iron_pickaxe') || (query.get_equipped_item_name('main_hand') == 'bismuth_pickaxe')",
                        "event": "tweaks:broken"
                    },
                    "minecraft:block_light_absorption": 0,
                    "minecraft:loot": "loot_tables/no_drops.json"
                }
            },
            {
                "condition": "query.block_property('tweaks:placeontopside') == 6.0", // full
                "components": {
                    "minecraft:unit_cube": {},
                    "minecraft:material_instances": {
                        "*": {
                            "texture": "topaz_bricks",
                            "render_method": "alpha_test"
                        }
                    },
                    "minecraft:pick_collision": {
                        "origin": [-8,0,-8],
                        "size": [16,16,16]
                    },
                    "minecraft:entity_collision": {
                        "origin": [-8,0,-8],
                        "size": [16,16,16]
                    },
                    "minecraft:on_player_destroyed": {
                        "condition": "(query.get_equipped_item_name('main_hand') == 'diamond_pickaxe') || (query.get_equipped_item_name('main_hand') == 'netherite_pickaxe') || (query.get_equipped_item_name('main_hand') == 'stone_pickaxe') || (query.get_equipped_item_name('main_hand') == 'iron_pickaxe') || (query.get_equipped_item_name('main_hand') == 'bismuth_pickaxe')",
                        "event": "tweaks:broken_double"
                    },
                    "minecraft:block_light_absorption": 15,
                    "minecraft:loot": "loot_tables/no_drops.json"
                }
            }
        ]
    }
}