{
  "format_version": "1.16.100",
  "minecraft:block": {
    "description": {
      "identifier": "tweaks:waft_fruit_plant",
      "register_to_creative_menu": false
    },
    "components": {
      "minecraft:geometry": "geometry.growth",
      "minecraft:map_color": "#854F92",
      "minecraft:material_instances": {
        "*": {
          "texture": "waft_fruit_plant",
          "render_method": "alpha_test",
          "face_dimming": false
        }
     },
     "minecraft:placement_filter" : {
       "conditions" : [
         {
           "block_filter" : [
             "chorus_sod",
             "chorus_morass"
           ],
           "allowed_faces" : [
             "up"
           ]
         }
       ]
      },
      "minecraft:loot": "loot_tables/blocks/waft_fruit_plant.json",
      "minecraft:entity_collision": false,
      "minecraft:creative_category": {
        "category": "commands",
        "group": "itemGroup.name.commands"
      },
      "minecraft:pick_collision": {
        "origin": [-5, 0,-5],
        "size": [7,14,7]
      },
      "minecraft:destroy_time": 0,
      "minecraft:block_light_emission" : 0.4,
      "minecraft:block_light_absorption": 0,
      "minecraft:random_ticking": {
        "on_tick": {
          "event": "nothing"
        }
      }
    },
    "events": {
      "nothing": {
        "run_command": {
          "command": "nothing"
        }
      }
    }
  }
}