{
	"format_version": "1.16.100",
	"minecraft:block": {
		"description": {
			"identifier": "tweaks:whispering_crystal",
			"register_to_creative_menu": true
		},
		"components": {
			"minecraft:destroy_time": 4,
                    "minecraft:block_light_emission": 0.1,
                    "minecraft:map_color": "#003249",
			"tag:stone": {},
			"minecraft:creative_category": {
				"category": "construction",
				"group": "itemGroup.name.light"
			},
			"minecraft:ticking": {
				"looping": true,
				"range": [
					15,
					40
				],
				"on_tick": {
					"event": "whisper"
				}
			},
			"minecraft:loot": "loot_tables/nothing.json",
       		"minecraft:on_player_destroyed": {
				"condition": "query.equipped_item_any_tag('slot.weapon.mainhand', 'minecraft:is_pickaxe')",
				"event": "tweaks:broken"
			}
		},
		"events": {
        	       "tweaks:broken": {
        		       "spawn_loot": {
        			       "table": "loot_tables/blocks/whispering_crystal.json"
        		       }
        	       },
			"whisper": {
				"run_command": {
					"command": [
						"particle minecraft:shriek_particle ~ ~ ~",
						"playsound particle.soul_escape @a[r=10]"
					]
				}
			}
		}
	}
}