{
  "minecraft:geometry" : [
    {
      "bones" : [
        {
          "cubes" : [
            {
              "pivot" : [
                0,
                7.25,
                0
              ],
              "rotation" : [
                0,
                0,
                0
              ],
              "size" : [
                16,
                16,
                16
              ],
              "uv" : [
                0,
                0
              ],
              "inflate" : 0,
              "origin" : [
                -8,
                0,
                -8
              ]
            },
            {
              "pivot" : [
                0,
                15.699999809265137,
                -7.5
              ],
              "rotation" : [
                0,
                0,
                0
              ],
              "size" : [
                16,
                1,
                1
              ],
              "uv" : [
                64,
                0
              ],
              "inflate" : 0,
              "origin" : [
                -8,
                16,
                -8
              ]
            },
            {
              "pivot" : [
                -7.5,
                15.699999809265137,
                0
              ],
              "rotation" : [
                0,
                0,
                0
              ],
              "size" : [
                1,
                1,
                14
              ],
              "uv" : [
                98,
                0
              ],
              "inflate" : 0,
              "origin" : [
                -8,
                16,
                -7
              ]
            },
            {
              "pivot" : [
                0,
                15.699999809265137,
                7.5
              ],
              "rotation" : [
                0,
                0,
                0
              ],
              "size" : [
                16,
                1,
                1
              ],
              "uv" : [
                128,
                0
              ],
              "inflate" : 0,
              "origin" : [
                -8,
                16,
                7
              ]
            },
            {
              "pivot" : [
                7.5,
                15.699999809265137,
                0
              ],
              "rotation" : [
                0,
                0,
                0
              ],
              "size" : [
                1,
                1,
                14
              ],
              "uv" : [
                162,
                0
              ],
              "inflate" : 0,
              "origin" : [
                7,
                16,
                -7
              ]
            },
            {
              "pivot" : [
                6.4499998092651367,
                15.699999809265137,
                -1.5
              ],
              "rotation" : [
                0,
                0,
                0
              ],
              "size" : [
                1,
                1,
                11
              ],
              "uv" : [
                192,
                0
              ],
              "inflate" : 0,
              "origin" : [
                6,
                16,
                -7
              ]
            },
            {
              "pivot" : [
                5.4499998092651367,
                15.699999809265137,
                -2
              ],
              "rotation" : [
                0,
                0,
                0
              ],
              "size" : [
                1,
                1,
                10
              ],
              "uv" : [
                216,
                0
              ],
              "inflate" : 0,
              "origin" : [
                5,
                16,
                -7
              ]
            },
            {
              "pivot" : [
                4.4500000476837158,
                15.699999809265137,
                -2.5
              ],
              "rotation" : [
                0,
                0,
                0
              ],
              "size" : [
                1,
                1,
                9
              ],
              "uv" : [
                238,
                0
              ],
              "inflate" : 0,
              "origin" : [
                4,
                16,
                -7
              ]
            },
            {
              "pivot" : [
                3.5,
                15.699999809265137,
                -3
              ],
              "rotation" : [
                0,
                0,
                0
              ],
              "size" : [
                1,
                1,
                8
              ],
              "uv" : [
                258,
                0
              ],
              "inflate" : 0,
              "origin" : [
                3,
                16,
                -7
              ]
            },
            {
              "pivot" : [
                2.5,
                15.699999809265137,
                -3.5
              ],
              "rotation" : [
                0,
                0,
                0
              ],
              "size" : [
                1,
                1,
                7
              ],
              "uv" : [
                276,
                0
              ],
              "inflate" : 0,
              "origin" : [
                2,
                16,
                -7
              ]
            },
            {
              "pivot" : [
                1,
                15.699999809265137,
                -6.5
              ],
              "rotation" : [
                0,
                0,
                0
              ],
              "size" : [
                2,
                1,
                1
              ],
              "uv" : [
                292,
                0
              ],
              "inflate" : 0,
              "origin" : [
                0,
                16,
                -7
              ]
            },
            {
              "pivot" : [
                1,
                15.699999809265137,
                -2.5
              ],
              "rotation" : [
                0,
                0,
                0
              ],
              "size" : [
                2,
                1,
                1
              ],
              "uv" : [
                298,
                0
              ],
              "inflate" : 0,
              "origin" : [
                0,
                16,
                -3
              ]
            },
            {
              "pivot" : [
                1.5,
                15.699999809265137,
                -1.5
              ],
              "rotation" : [
                0,
                0,
                0
              ],
              "size" : [
                1,
                1,
                1
              ],
              "uv" : [
                304,
                0
              ],
              "inflate" : 0,
              "origin" : [
                1,
                16,
                -2
              ]
            },
            {
              "pivot" : [
                1.5,
                15.699999809265137,
                -3.5
              ],
              "rotation" : [
                0,
                0,
                0
              ],
              "size" : [
                1,
                1,
                1
              ],
              "uv" : [
                308,
                0
              ],
              "inflate" : 0,
              "origin" : [
                1,
                16,
                -4
              ]
            },
            {
              "pivot" : [
                -2.5,
                15.699999809265137,
                -5.5
              ],
              "rotation" : [
                0,
                0,
                0
              ],
              "size" : [
                1,
                1,
                3
              ],
              "uv" : [
                312,
                0
              ],
              "inflate" : 0,
              "origin" : [
                -3,
                16,
                -7
              ]
            },
            {
              "pivot" : [
                -1,
                15.699999809265137,
                -6
              ],
              "rotation" : [
                0,
                0,
                0
              ],
              "size" : [
                2,
                1,
                2
              ],
              "uv" : [
                320,
                0
              ],
              "inflate" : 0,
              "origin" : [
                -2,
                16,
                -7
              ]
            },
            {
              "pivot" : [
                -3.5,
                15.699999809265137,
                -6
              ],
              "rotation" : [
                0,
                0,
                0
              ],
              "size" : [
                1,
                1,
                2
              ],
              "uv" : [
                328,
                0
              ],
              "inflate" : 0,
              "origin" : [
                -4,
                16,
                -7
              ]
            },
            {
              "pivot" : [
                -3.4499998092651367,
                15.699999809265137,
                4.5
              ],
              "rotation" : [
                0,
                0,
                0
              ],
              "size" : [
                7,
                1,
                5
              ],
              "uv" : [
                334,
                0
              ],
              "inflate" : 0,
              "origin" : [
                -7,
                16,
                2
              ]
            },
            {
              "pivot" : [
                2.0500000007450581,
                15.699999809265137,
                6.5
              ],
              "rotation" : [
                0,
                0,
                0
              ],
              "size" : [
                4,
                1,
                1
              ],
              "uv" : [
                358,
                0
              ],
              "inflate" : 0,
              "origin" : [
                0,
                16,
                6
              ]
            },
            {
              "pivot" : [
                1.0500000007450581,
                15.699999809265137,
                5
              ],
              "rotation" : [
                0,
                0,
                0
              ],
              "size" : [
                2,
                1,
                2
              ],
              "uv" : [
                368,
                0
              ],
              "inflate" : 0,
              "origin" : [
                0,
                16,
                4
              ]
            },
            {
              "pivot" : [
                2.5499999523162842,
                15.699999809265137,
                5.5
              ],
              "rotation" : [
                0,
                0,
                0
              ],
              "size" : [
                1,
                1,
                1
              ],
              "uv" : [
                376,
                0
              ],
              "inflate" : 0,
              "origin" : [
                2.0499999523162842,
                15.199999809265137,
                5
              ]
            },
            {
              "pivot" : [
                0.55000000074505806,
                15.699999809265137,
                3.5
              ],
              "rotation" : [
                0,
                0,
                0
              ],
              "size" : [
                1,
                1,
                1
              ],
              "uv" : [
                380,
                0
              ],
              "inflate" : 0,
              "origin" : [
                0,
                16,
                3
              ]
            },
            {
              "pivot" : [
                -6.4499998092651367,
                15.699999809265137,
                -1
              ],
              "rotation" : [
                0,
                0,
                0
              ],
              "size" : [
                1,
                1,
                6
              ],
              "uv" : [
                384,
                0
              ],
              "inflate" : 0,
              "origin" : [
                -7,
                16,
                -4
              ]
            },
            {
              "pivot" : [
                -5.5,
                15.699999809265137,
                -2
              ],
              "rotation" : [
                0,
                0,
                0
              ],
              "size" : [
                1,
                1,
                4
              ],
              "uv" : [
                398,
                0
              ],
              "inflate" : 0,
              "origin" : [
                -6,
                16,
                -4
              ]
            },
            {
              "pivot" : [
                -4.5,
                15.699999809265137,
                -2.5
              ],
              "rotation" : [
                0,
                0,
                0
              ],
              "size" : [
                1,
                1,
                1
              ],
              "uv" : [
                408,
                0
              ],
              "inflate" : 0,
              "origin" : [
                -5,
                16,
                -3
              ]
            },
            {
              "pivot" : [
                -2.5,
                15.699999809265137,
                1.5
              ],
              "rotation" : [
                0,
                0,
                0
              ],
              "size" : [
                3,
                1,
                1
              ],
              "uv" : [
                412,
                0
              ],
              "inflate" : 0,
              "origin" : [
                -4,
                16,
                1
              ]
            },
            {
              "pivot" : [
                -2.5,
                15.699999809265137,
                0.5
              ],
              "rotation" : [
                0,
                0,
                0
              ],
              "size" : [
                1,
                1,
                1
              ],
              "uv" : [
                420,
                0
              ],
              "inflate" : 0,
              "origin" : [
                -3,
                16,
                0
              ]
            }
          ],
          "name" : "main",
          "pivot" : [
            0,
            0,
            0
          ],
          "rotation" : [
            0,
            0,
            0
          ]
        }
      ],
      "description" : {
        "visible_bounds_width" : 2,
        "texture_height" : 32,
        "texture_width" : 424,
        "identifier" : "geometry.bismuth_bench",
        "visible_bounds_height" : 2,
        "visible_bounds_offset" : [
          0,
          1,
          0
        ]
      }
    }
  ],
  "format_version" : "1.12.0"
}