{
  "minecraft:geometry" : [
    {
      "bones" : [
        {
          "cubes" : [
            {
              "pivot" : [
                0,
                2.5,
                0
              ],
              "rotation" : [
                0,
                0,
                0
              ],
              "size" : [
                3,
                4,
                3
              ],
              "uv" : [
                0,
                0
              ],
              "inflate" : 0.85000002384185791,
              "origin" : [
                -1.5,
                1,
                -1.5
              ]
            },
            {
              "pivot" : [
                0,
                6.1999998092651367,
                0
              ],
              "rotation" : [
                0,
                0,
                0
              ],
              "size" : [
                2,
                1,
                2
              ],
              "uv" : [
                12,
                0
              ],
              "inflate" : 0.60000002384185791,
              "origin" : [
                -1,
                6,
                -1
              ]
            },
            {
              "pivot" : [
                0.099999994039535522,
                8.0500001907348633,
                -0.10000002384185791
              ],
              "rotation" : [
                0,
                0,
                0
              ],
              "size" : [
                1,
                1,
                2
              ],
              "uv" : [
                20,
                0
              ],
              "inflate" : 0.25,
              "origin" : [
                -0.5,
                7.5,
                -1.1000000238418579
              ]
            }
          ],
          "name" : "main",
          "pivot" : [
            0,
            0,
            0
          ],
          "rotation" : [
            0,
            0,
            0
          ]
        }
      ],
      "description" : {
        "visible_bounds_width" : 2,
        "texture_height" : 7,
        "texture_width" : 26,
        "identifier" : "geometry.copper_lantern",
        "visible_bounds_height" : 2,
        "visible_bounds_offset" : [
          0,
          1,
          0
        ]
      }
    }
  ],
  "format_version" : "1.12.0"
}