{
	"format_version": "1.12.0",
	"minecraft:geometry": [
		{
			"description": {
				"identifier": "geometry.growth",
				"texture_width": 16,
				"texture_height": 16,
				"visible_bounds_width": 2,
				"visible_bounds_height": 2.5,
				"visible_bounds_offset": [0, 0.75, 0]
			},
			"bones": [
				{
					"name": "bone3",
					"pivot": [0, 0, 0]
				},
				{
					"name": "bone",
					"parent": "bone3",
					"pivot": [0, 8, 0],
					"rotation": [0, -45, 0],
					"cubes": [
						{
							"origin": [0, 0, -8],
							"size": [0, 16, 16],
							"uv": {
								"north": {"uv": [0, 0], "uv_size": [0, 16]},
								"east": {"uv": [0, 0], "uv_size": [16, 16]},
								"south": {"uv": [0, 0], "uv_size": [0, 16]},
								"west": {"uv": [0, 0], "uv_size": [0, 0]},
								"up": {"uv": [0, 16], "uv_size": [0, -16]},
								"down": {"uv": [0, 16], "uv_size": [0, -16]}
							}
						}
					]
				},
				{
					"name": "bone2",
					"parent": "bone3",
					"pivot": [0, 8, 0],
					"rotation": [0, 45, 0],
					"cubes": [
						{
							"origin": [0, 0, -8],
							"size": [0, 16, 16],
							"uv": {
								"north": {"uv": [0, 0], "uv_size": [0, 16]},
								"east": {"uv": [0, 0], "uv_size": [0, 0]},
								"south": {"uv": [0, 0], "uv_size": [0, 16]},
								"west": {"uv": [0, 0], "uv_size": [16, 16]},
								"up": {"uv": [0, 16], "uv_size": [0, -16]},
								"down": {"uv": [0, 16], "uv_size": [0, -16]}
							}
						}
					]
				},
				{
					"name": "bone4",
					"pivot": [8, -0.25, 0],
					"rotation": [0, 0, -90]
				}
			]
		}
	]
}