{
  "minecraft:geometry" : [
    {
      "bones" : [
        {
          "cubes" : [
            {
              "pivot" : [
                0,
                8,
                0
              ],
              "rotation" : [
                0,
                0,
                0
              ],
              "size" : [
                6,
                1,
                6
              ],
              "uv" : [
                0,
                0
              ],
              "inflate" : 0,
              "origin" : [
                -3,
                0,
                -3
              ]
            },
            {
              "pivot" : [
                0,
                8,
                0
              ],
              "rotation" : [
                0,
                0,
                0
              ],
              "size" : [
                6,
                5,
                6
              ],
              "uv" : [
                24,
                0
              ],
              "inflate" : 0,
              "origin" : [
                -3,
                2.5,
                -3
              ]
            },
            {
              "pivot" : [
                0,
                8,
                0
              ],
              "rotation" : [
                0,
                0,
                0
              ],
              "size" : [
                3,
                2,
                3
              ],
              "uv" : [
                48,
                0
              ],
              "inflate" : 0,
              "origin" : [
                -1.5,
                1,
                -1.5
              ]
            }
          ],
          "name" : "body",
          "pivot" : [
            0,
            0,
            0
          ],
          "rotation" : [
            0,
            0,
            0
          ]
        },
        {
          "cubes" : [
            {
              "pivot" : [
                0,
                8,
                0
              ],
              "rotation" : [
                14,
                0,
                0
              ],
              "size" : [
                2,
                4,
                3
              ],
              "uv" : [
                60,
                0
              ],
              "inflate" : 0.13999999687075615,
              "origin" : [
                -0.5,
                3,
                2
              ]
            }
          ],
          "name" : "handle",
          "pivot" : [
            0,
            0,
            0
          ],
          "rotation" : [
            0,
            0,
            0
          ]
        },
        {
          "cubes" : [
            {
              "pivot" : [
                0,
                8,
                0
              ],
              "rotation" : [
                0,
                0,
                0
              ],
              "size" : [
                5,
                1,
                5
              ],
              "uv" : [
                70,
                0
              ],
              "inflate" : 0,
              "origin" : [
                -2.5,
                7.5,
                -2.5
              ]
            },
            {
              "pivot" : [
                0,
                8,
                0
              ],
              "rotation" : [
                0,
                0,
                0
              ],
              "size" : [
                2,
                2,
                2
              ],
              "uv" : [
                90,
                0
              ],
              "inflate" : 0,
              "origin" : [
                -1,
                8.5,
                -1
              ]
            }
          ],
          "name" : "lid",
          "pivot" : [
            0,
            0,
            0
          ],
          "rotation" : [
            0,
            0,
            0
          ]
        },
        {
          "cubes" : [
            {
              "pivot" : [
                0,
                8,
                0
              ],
              "rotation" : [
                -28,
                0,
                0
              ],
              "size" : [
                2,
                2,
                4
              ],
              "uv" : [
                98,
                0
              ],
              "inflate" : 0,
              "origin" : [
                -1,
                4,
                -5
              ]
            },
            {
              "pivot" : [
                0,
                8,
                0
              ],
              "rotation" : [
                -28,
                0,
                0
              ],
              "size" : [
                2,
                2,
                1
              ],
              "uv" : [
                110,
                0
              ],
              "inflate" : 0,
              "origin" : [
                -1,
                4,
                -4.5
              ]
            }
          ],
          "name" : "spout",
          "pivot" : [
            0,
            0,
            0
          ],
          "rotation" : [
            0,
            0,
            0
          ]
        }
      ],
      "description" : {
        "visible_bounds_width" : 2,
        "texture_height" : 11,
        "texture_width" : 116,
        "identifier" : "geometry.soul_lamp",
        "visible_bounds_height" : 2,
        "visible_bounds_offset" : [
          0,
          1,
          0
        ]
      }
    }
  ],
  "format_version" : "1.12.0"
}