{
  "minecraft:geometry" : [
    {
      "bones" : [
        {
          "cubes" : [
            {
              "pivot" : [
                0,
                8,
                0
              ],
              "rotation" : [
                0,
                0,
                0
              ],
              "size" : [
                3,
                4,
                3
              ],
              "uv" : [
                0,
                0
              ],
              "inflate" : 0,
              "origin" : [
                -1.5,
                0,
                -1.5
              ]
            },
            {
              "pivot" : [
                0,
                8,
                0
              ],
              "rotation" : [
                0,
                0,
                0
              ],
              "size" : [
                6,
                5,
                6
              ],
              "uv" : [
                12,
                0
              ],
              "inflate" : 0,
              "origin" : [
                -3,
                4,
                -3
              ]
            }
          ],
          "name" : "main",
          "pivot" : [
            0,
            0,
            0
          ],
          "rotation" : [
            0,
            0,
            0
          ]
        }
      ],
      "description" : {
        "visible_bounds_width" : 2,
        "texture_height" : 11,
        "texture_width" : 36,
        "identifier" : "geometry.volatile_shroom",
        "visible_bounds_height" : 2,
        "visible_bounds_offset" : [
          0,
          1,
          0
        ]
      }
    }
  ],
  "format_version" : "1.12.0"
}