{
  "format_version": "1.16.0",
  "minecraft:entity": {
    "description": {
      "identifier": "minecraft:endermite",
      "is_spawnable": true,
      "is_summonable": true,
      "is_experimental": false
    },

    "component_groups": {
      "tweaks:endermite_calm": {
        "minecraft:on_target_acquired" : {
          "event": "minecraft:become_angry",
          "target": "self"
        }
      },
      "tweaks:endermite_angry": {
        "minecraft:angry": {
          "duration": -1,
          "broadcast_anger": true,
          "broadcast_range": 20,
          "calm_event": {
            "event": "minecraft:on_calm",
            "target": "self"
          }
        },
        "minecraft:behavior.melee_attack": {
          "priority": 4,
          "track_target": true
        }
      }
    },

    "components": {
      "minecraft:is_hidden_when_invisible": {
      },
      "minecraft:experience_reward": {
        "on_death": "query.last_hit_by_player ? 5 : 0"
      },
      "minecraft:type_family": {
        "family":["endermite", "nebula_immune", "monster", "lightweight", "mob", "arthropod" ]
      },
      "minecraft:breathable": {
        "total_supply": 15,
        "suffocate_time": 0
      },
      "minecraft:home": {
        "restriction_radius": 20,
        "home_block_list": [
            "tweaks:endermite_nest"
        ]
      },
      "minecraft:nameable": {
      },
      "minecraft:health": {
        "value": 12,
        "max": 12
      },
      "minecraft:movement": {
        "value": 0.25
      },
      "minecraft:loot": {
        "table": "loot_tables/entities/endermite.json"
      },
      "minecraft:navigation.walk": {
        "can_path_over_water": true,
        "avoid_water": true,
        "avoid_damage_blocks": true
      },
      "minecraft:movement.basic": {
      },
      "minecraft:jump.static": {
      },
      "minecraft:can_climb": {
      },
      "minecraft:block_sensor": {
        "sensor_radius": 20,
        "on_break": [
          {
            "block_list": [
                "tweaks:endermite_nest"
            ],
            "on_block_broken": "minecraft:become_angry"
          }
        ]
      },
      "minecraft:teleport": {
        "random_teleports": false,
        "max_random_teleport_time": 30,
        "random_teleport_cube": [ 4, 4, 4 ],
        "target_distance": 4,
        "target_teleport_chance": 0.001,
        "light_teleport_chance": 0.001
      },
      "minecraft:hurt_on_condition": {
        "damage_conditions": [
          {
            "filters": { "test": "in_lava", "subject": "self", "operator": "==", "value": true },
            "cause": "lava",
            "damage_per_tick": 4
          },
          {
            "filters": { "test": "in_contact_with_water", "operator": "==", "value": true },
            "cause": "drowning",
            "damage_per_tick": 1
          }
        ]
      },
      "minecraft:attack": {
        "damage": 3,
        "effect_name": "weakness",
        "effect_duration": 5
      },
      "minecraft:collision_box": {
        "width": 0.4,
        "height": 0.3
      },
      "minecraft:despawn": {
        "despawn_from_distance": {}
      },
      "minecraft:behavior.float": {
        "priority": 1
      },
      "minecraft:behavior.nearest_attackable_target": {
        "priority": 2,
        "must_see": true,
        "reselect_targets": true,
        "entity_types": [
          {
            "filters": {
                "any_of": [
                  { "test" :  "is_family", "subject" : "other", "value" :  "player"}
                ]
            },
            "max_dist": 10
          }
        ]
      },
      "minecraft:behavior.hurt_by_target": {
        "priority": 1,
        "alert_same_type": true,
        "entity_types": {
          "filters": {
            "test": "is_family",
            "subject": "other",
            "operator": "!=",
            "value": "chorus_snail"
          },
          "max_dist": 10
        }
      },
      "minecraft:behavior.random_stroll": {
        "priority": 6,
        "speed_multiplier": 1.0
      },
      "minecraft:physics": {
      },
      "minecraft:pushable": {
        "is_pushable": true,
        "is_pushable_by_piston": true
      },
      "minecraft:conditional_bandwidth_optimization": {
      }
    },
    "events": {
      "minecraft:entity_spawned": {
        "remove": {
        },
        "add": {
          "component_groups": [
            "tweaks:endermite_calm"
          ]
        }
      },
      "minecraft:become_angry": {
        "remove": {
          "tweaks:endermite_calm": { }
        },
        "add": {
          "component_groups": [
            "tweaks:endermite_angry"
          ]
        }
      },
      "minecraft:on_calm": {
        "remove": {
          "tweaks:endermite_angry": { }
        },
        "add": {
          "component_groups": [
            "tweaks:endermite_calm"
          ]
        }
      }
    }
  }
}