{
  "format_version": "1.17.10",
  "minecraft:entity": {
    "description": {
      "identifier": "tweaks:iron_orx",
      "is_spawnable": false,
      "is_summonable": true,
      "is_experimental": false
    },
    "components": {
      "minecraft:loot": {
        "table": "loot_tables/entities/iron_orx.json"
      },
      "minecraft:is_hidden_when_invisible": {
      },
      "minecraft:experience_reward": {
        "on_death": "query.last_hit_by_player ? Math.Random(1,3) : 0"
      },
      "minecraft:breathable": {
        "total_supply": 15,
        "suffocate_time": 0
      },
      "minecraft:leashable": {
        "soft_distance": 4.0,
        "hard_distance": 6.0,
        "max_distance": 10.0
      },
      "minecraft:balloonable": {
        "mass": 0.5
      },
      "minecraft:scale": {
        "value": 1.2
      },
      "minecraft:behavior.look_at_player": {
        "priority": 8,
        "look_distance": 6,
        "probability": 0.02
      },
      "minecraft:behavior.random_look_around": {
        "priority": 9
      },
      "minecraft:behavior.panic": {
        "priority": 3,
        "speed_multiplier": 1
      },
      "minecraft:behavior.avoid_mob_type": {
        "priority": 4,
        "entity_types":[
          {
            "filters": { "test" :  "is_family", "subject" : "other", "value" :  "player"},
            "max_dist": 8,
            "walk_speed_multiplier": 1,
            "sprint_speed_multiplier": 1
          },
          {
            "filters": { "test" :  "is_family", "subject" : "other", "value" :  "zombie_horse"},
            "max_dist": 8,
            "walk_speed_multiplier": 1,
            "sprint_speed_multiplier": 1
          },
          {
            "filters": { "test" :  "is_family", "subject" : "other", "value" :  "monster"},
            "max_dist": 8,
            "walk_speed_multiplier": 1,
            "sprint_speed_multiplier": 1
          }
        ]
      },
      "minecraft:nameable": {
      },

      "minecraft:type_family": {
        "family": [ "orx", "mob" ]
      },
      "minecraft:collision_box": {
        "width": 0.9,
        "height": 1.3
      },

      "minecraft:movement": {
        "value": 0.5
      },
      "minecraft:navigation.walk": {
        "can_path_over_water": true
      },
      "minecraft:movement.basic": {
      },
      "minecraft:jump.static": {
      },
      "minecraft:spawn_entity": {
        "entities": {
          "min_wait_time": 60,
          "max_wait_time": 300,
          "spawn_sound": "plop",
          "spawn_item": "raw_iron",
          "filters": {
            "test": "rider_count", "subject": "self", "operator": "==", "value": 0
          }
        }
      },
      "minecraft:can_climb": {
      },
      "minecraft:health": {
        "value": 16,
        "max": 16
      },
      "minecraft:hurt_on_condition": {
        "damage_conditions": [
          {
            "filters": { "test": "in_lava", "subject": "self", "operator": "==", "value": true },
            "cause": "lava",
            "damage_per_tick": 4
          }
        ]
      },
      "minecraft:despawn": {
        "despawn_from_distance": {}
      },
      "minecraft:behavior.float": {
        "priority": 0
      },
      "minecraft:behavior.random_stroll": {
        "priority": 6,
        "speed_multiplier": 0.35
      },
      "minecraft:physics": {
      },
      "minecraft:pushable": {
        "is_pushable": true,
        "is_pushable_by_piston": true
      },
      "minecraft:conditional_bandwidth_optimization": {
      }
    }
  }
}
