{
  "format_version": "1.8.0",
  "minecraft:entity": {
    "description": {
      "identifier": "tweaks:nothing",
      "is_spawnable": false,
      "is_summonable": true,
      "is_experimental": false
    },
    "components": {
      "minecraft:type_family": {
        "family": [ "inanimate" ]
      },
      "minecraft:health": {
        "value": 1
      },
      "minecraft:instant_despawn": {
      },
      "minecraft:knockback_resistance": {
        "value": 1.0
      },
      "minecraft:vibration_damper": {
      },
      "minecraft:damage_sensor": {
        "triggers": {
          "cause": "all",
          "deals_damage": false
        }
      },
      "minecraft:fire_immune": {
      },
      "minecraft:physics": {
      }
    }
  }
}
