{
	"format_version": "1.12.0",
	"minecraft:entity": {
		"description": {
			"identifier": "tweaks:noxious_bubble",
			"is_spawnable": false,
			"is_summonable": true,
			"is_experimental": false
		},
		"component_groups": {
			"minecraft:exploding": {
				"minecraft:behavior.knockback_roar": {
					"priority": 1,
					"duration": 0.2,
					"attack_time": 0.1,
					"knockback_damage": 12,
					"knockback_strength": 3,
					"knockback_range": 5,
					"knockback_filters": {
						"all_of": [
							{ "test" :  "is_family", "subject" : "other", "operator": "!=", "value" :  "nebula_immune"}
						]
					},
					"damage_filters": {
						"all_of": [
							{ "test" :  "is_family", "subject" : "other", "operator": "!=", "value" :  "nebula_immune"}
						]
					},
					"on_roar_end": {
						"event": "tweaks:despawn"
					},
					"cooldown_time": 10.0
				}
			},
			"tweaks:despawn": {
				"minecraft:instant_despawn": {}
			},
			"tweaks:countdown_to_despawn": {
				"minecraft:timer": {
					"looping": false,
					"time": [
						2,
						3
					],
					"time_down_event": {
						"event": "tweaks:burst",
						"target": "self"
					}
				}
			}
		},
		"components": {
			"minecraft:type_family": {
				"family": [
					"bubble",
					"nebula_immune",
					"inanimate"
				]
			},
			"minecraft:nameable": {},
			"minecraft:vibration_damper": {},
			"minecraft:collision_box": {
				"width": 0,
				"height": 0
			},
			"minecraft:movement": {
				"value": 0
			},
			"minecraft:behavior.float": {
				"priority": 0
			},
			"minecraft:behavior.nearest_attackable_target": {
				"priority": 2,
				"must_see": true,
				"must_see_forget_duration": 3,
				"entity_types": [
					{
						"filters": {
							"test": "is_family",
							"subject": "other",
							"value": "player"
						},
						"max_dist": 16
					}
				]
			},
                    "minecraft:physics":{
				"has_gravity": false,
				"has_collision": true
			},
			"minecraft:pushable": {
				"is_pushable": false,
				"is_pushable_by_piston": false
			},
			"minecraft:knockback_resistance": {
				"value": 1,
				"max": 1
			},
			"minecraft:scale": {
				"value": 3
			},
			"minecraft:damage_sensor": {
				"triggers": {
					"cause": "all",
					"deals_damage": false
				}
			},
			"minecraft:health": {
				"value": 1,
				"max": 1
			},
			"minecraft:fire_immune": true
		},
		"events": {
			"minecraft:entity_spawned": {
				"add": {
					"component_groups": [
						"tweaks:countdown_to_despawn"
					]
				}
			},
			"tweaks:burst": {
				"add": {
					"component_groups": [
						"minecraft:exploding"
					]
				},
				"run_command": {
					"command": [
						"effect @e[r=6,family=!nebula_immune] poison 10 1"
					]
				}
			},
			"tweaks:despawn": {
				"add": {
					"component_groups": [
						"tweaks:despawn"
					]
				}
			}
		}
	}
}