{
  "format_version": "1.16.0",
  "minecraft:entity": {
    "description": {
      "identifier": "tweaks:noxious_immolator",
      "is_spawnable": true,
      "is_summonable": true,
      "is_experimental": false,
      "runtime_identifier": "minecraft:warden"
    },
    "component_groups": {
      "tweaks:noxious_angry": {
        "minecraft:timer" : {
          "looping" : true,
          "time" : 12,
          "time_down_event" : {
            "event" : "tweaks:bubbles"
          }
        },
        "minecraft:angry": {
          "duration": 50,
          "broadcast_anger": true,
          "broadcast_range": 50,
          "broadcast_targets": [
            "noxious_immolator"
          ],
          "calm_event": {
            "event": "minecraft:on_calm",
            "target": "self"
          }
        }
      },
      "tweaks:noxious_calm": {
        "minecraft:on_target_acquired": {
          "event": "minecraft:become_angry",
          "target": "self"
        }
      }
    },

    "components": {
      "minecraft:is_hidden_when_invisible": {
      },
      "minecraft:experience_reward": {
        "on_death": "query.last_hit_by_player ? 20 : 0"
      },
      "minecraft:breathable": {
        "total_supply": 15,
        "suffocate_time": 0
      },
      "minecraft:nameable": {
      },

      "minecraft:type_family": {
        "family": [ "noxious_immolator", "nebula_immune", "monster", "mob" ]
      },
      "minecraft:collision_box": {
        "width": 1.3,
        "height": 1.5
      },
      "minecraft:movement": {
        "value": 0.15
      },
      "minecraft:scale": {
        "value": 1.2
      },
      "minecraft:navigation.walk": {
        "avoid_damage_blocks": true,
        "avoid_water": true,
        "can_path_over_water": false
      },
      "minecraft:knockback_resistance": {
        "value": 1.0
      },
      "minecraft:mob_effect": {
        "effect_range": 15,
        "effect_time": 10,
        "mob_effect": "strength",
        "cooldown_time": 1.0,
        "entity_filter": {
          "all_of": [
            { "test": "is_family", "subject": "other", "value": "monster" }
          ]
        }
      },
      "minecraft:teleport": {
        "random_teleports": false,
        "max_random_teleport_time": 30,
        "random_teleport_cube": [ 20, 20, 20 ],
        "target_distance": 20,
        "target_teleport_chance": 0.01,
        "light_teleport_chance": 0.01
      },
      "minecraft:preferred_path": {
        "max_fall_blocks": 10
      },
      "minecraft:hurt_on_condition": {
        "damage_conditions": [
          {
            "filters": { "test": "in_contact_with_water", "operator": "==", "value": true },
            "cause": "drowning",
            "damage_per_tick": 1
          }
        ]
      },
      "minecraft:movement.basic": {
      },
      "minecraft:jump.static": {
      },
      "minecraft:loot": {
        "table": "loot_tables/entities/noxious_immolator.json"
      },
      "minecraft:can_climb": {
      },
      "minecraft:fire_immune": {
      },
      "minecraft:health": {
        "value": 100,
        "max": 100
      },
      "minecraft:behavior.look_at_player": {
        "priority": 8,
        "look_distance": 6,
        "probability": 0.02
      },
      "minecraft:behavior.random_look_around": {
        "priority": 9
      },
      "minecraft:follow_range": {
        "value": 64,
        "max": 64
      },
      "minecraft:attack": {
        "damage": 19,
        "effect_name": "fatal_poison",
        "effect_duration": 20
      },
      "minecraft:despawn": {
        "despawn_from_distance": {}
      },

      "minecraft:behavior.melee_attack": {
        "priority": 3,
        "track_target": true,
        "reach_multiplier": 0.99
      },

      "minecraft:behavior.nearest_attackable_target": {
        "priority": 5,
        "must_see": false,
        "reselect_targets": true,
        "within_radius": 32.0,
        "entity_types": [
          {
            "filters": {
              "any_of": [
                {
                  "test": "is_family",
                  "subject": "other",
                  "value": "player"
                }
              ]
            },
            "max_dist": 32
          }
        ]
      },
      "minecraft:behavior.random_stroll": {
        "priority": 6,
        "speed_multiplier": 1
      },
      "minecraft:behavior.hurt_by_target": {
        "priority": 1
      },
      "minecraft:on_target_escape": {
        "event": "minecraft:on_calm",
        "target": "self"
      },
      "minecraft:physics": {
      },
      "minecraft:pushable": {
        "is_pushable": false,
        "is_pushable_by_piston": true
      },
      "minecraft:conditional_bandwidth_optimization": {
      }
    },

    "events": {
      "minecraft:entity_spawned": {
        "randomize": [
          {
            "weight": 100,
            "add": {
              "component_groups": [
                "tweaks:noxious_calm"
              ]
            }
          }
        ]
      },

      "minecraft:on_calm": {
        "remove": {
          "component_groups": [
            "tweaks:noxious_angry"
          ]
        },
        "add": {
          "component_groups": [
            "tweaks:noxious_calm"
          ]
        }
      },

      "tweaks:bubbles" : {
        "randomize" : [
          {
            "run_command" : {
              "command" : [
                "summon tweaks:noxious_bubble ~ ~ ~2",
                "summon tweaks:noxious_bubble ~2 ~ ~",
                "summon tweaks:noxious_bubble ~ ~ ~-2"
              ]
            },
            "weight" : 1
          },
          {
            "run_command" : {
              "command" : [
                "summon tweaks:noxious_bubble ~ ~ ~2",
                "summon tweaks:noxious_bubble ~ ~ ~-2",
                "summon tweaks:noxious_bubble ~2 ~ ~",
                "summon tweaks:noxious_bubble ~-2 ~ ~",
                "summon tweaks:noxious_bubble ~2 ~ ~2",
                "summon tweaks:noxious_bubble ~-2 ~ ~-2",
                "summon tweaks:noxious_bubble ~2 ~ ~-2",
                "summon tweaks:noxious_bubble ~-2 ~ ~2"
              ]
            },
            "weight" : 1
          },
          {
            "run_command" : {
              "command" : [
                "summon tweaks:noxious_bubble ~ ~ ~2",
                "summon tweaks:noxious_bubble ~ ~ ~2",
                "summon tweaks:noxious_bubble ~2 ~ ~-2"
              ]
            },
            "weight" : 1
          },
          {
            "run_command" : {
              "command" : [
                "summon tweaks:noxious_bubble ~2 ~ ~2",
                "summon tweaks:noxious_bubble ~-2 ~ ~",
                "summon tweaks:noxious_bubble ~2 ~ ~-2"
              ]
            },
            "weight" : 1
          },
          {
            "run_command" : {
              "command" : [
                "summon tweaks:noxious_bubble ~ ~2 ~",
                "summon tweaks:noxious_bubble ~-2 ~1 ~",
                "summon tweaks:noxious_bubble ~ ~1 ~-2"
              ]
            },
            "weight" : 1
          },
          {
            "run_command" : {
              "command" : [
                "summon tweaks:noxious_bubble ~ ~2 ~",
                "summon tweaks:noxious_bubble ~2 ~1 ~",
                "summon tweaks:noxious_bubble ~ ~1 ~2"
              ]
            },
            "weight" : 1
          },
          {
            "run_command" : {
              "command" : [
                "summon tweaks:noxious_bubble ~ ~ ~2",
                "summon tweaks:noxious_bubble ~2 ~ ~",
                "summon tweaks:noxious_bubble ~-2 ~ ~2"
              ]
            },
            "weight" : 1
          }
        ]
      },

      "minecraft:become_angry": {
        "remove": {
          "component_groups": [
            "tweaks:noxious_calm"
          ]
        },
        "add": {
          "component_groups": [
            "tweaks:noxious_angry"
          ]
        }
      }
    }
  }
}