{
  "format_version": "1.12.0",
 "minecraft:entity": {
  "description": {
    "identifier": "tweaks:pearl_shard",
	"runtime_identifier" : "minecraft:snowball",
    "is_spawnable": false,
    "is_summonable": false,
    "is_experimental": false
  },
  "components": {
   "minecraft:collision_box": {
    "width": 0.31,
    "height": 0.31
   },
   "minecraft:fire_immune": {
   },
   "minecraft:projectile": {

    "on_hit": {
      "impact_damage": {
        "damage": 10,
        "knockback": true,
        "catch_fire": false,
        "semi_random_diff_damage": false,
		"destroy_on_hit": true
      },
      "remove_on_hit": { },
      "particle_on_hit": {
        "particle_type": "electricspark",
        "num_particles": 12,
        "on_entity_hit": true,
        "on_other_hit": true
      }
    },
    "power": 1.3,
    "hit_sound": "item.trident.hit",
    "gravity": 0.00,
    "inertia": 1,
    "liquid_inertia": 1,
    "anchor": 1,
    "offset": [ 0, 0.5, 0 ],
    "semi_random_diff_damage": true,
    "uncertainty_base": 1,
	"multiple_targets": true,
    "reflect_on_hurt": false
   },
   "minecraft:physics": {
   },
   "minecraft:pushable": {
    "is_pushable": false,
    "is_pushable_by_piston": false
   },
   "minecraft:conditional_bandwidth_optimization": {
    "default_values": {
      "max_optimized_distance": 80.0,
      "max_dropped_ticks": 10,
      "use_motion_prediction_hints": true
    }
  }
  }
 }
}