{
  "format_version": "1.13.0",
  "minecraft:entity": {
    "description": {
      "identifier": "tweaks:skeletal_swimmer",
      "is_spawnable": true,
      "is_summonable": true,
      "is_experimental": false,
      "runtime_identifier": "minecraft:cod"
    },
    "component_groups": {
      "collect": {
        "minecraft:transformation": {
          "delay": 0,
          "drop_equipment": true,
          "into": "tweaks:nothing"
        }
      }
    },
    "components": {
      "minecraft:interact": {
        "interactions": [
          {
            "on_interact": {
              "filters": {
                "all_of": [
                  {
                    "test": "has_equipment",
                    "domain": "hand",
                    "subject": "other",
                    "value": "bucket:8"
                  },
                  {
                    "test": "is_family",
                    "subject": "other",
                    "value": "player"
                  }
                ]
              },
              "event": "collect_swimmer"
            },
            "transform_to_item": "tweaks:skeletal_swimmer_bucket",
            "use_item": true,
            "play_sounds": "bucket.fill.fish",
            "interact_text": "action.interact.swimmer_collect"
          }
        ]
      },
      "minecraft:type_family": {
        "family": [ "skeleton", "skeletal_swimmer", "undead", "monster", "mob" ]
      },
      "minecraft:experience_reward": {
        "on_death": "query.last_hit_by_player ? 3 : 0"
      },
      "minecraft:health": {
        "value": 10,
        "max": 10
      },
      "minecraft:loot": {
        "table": "loot_tables/entities/skeletal_swimmer.json"
      },
      "minecraft:breathable": {
        "totalSupply": 15,
        "suffocateTime": 0,
        "breathes_water": true,
        "breathes_air": true
      },
      "minecraft:collision_box": {
        "width": 0.35,
        "height": 0.25
      },
      "minecraft:scale": {
        "value": 1.5
      },
      "minecraft:physics": {
        "has_gravity": false
      },
      "minecraft:movement.sway": {
        "sway_amplitude": 0.0
      },
      "minecraft:navigation.generic": {
        "is_amphibious": false,
        "can_path_over_water": false,
        "can_swim": true,
        "can_walk": false,
        "can_breach": false,
        "can_sink": false
      },
      "minecraft:despawn": {
        "despawn_from_distance": { 
          "min_distance": 32,
          "max_distance": 40
        }
      },
      "minecraft:behavior.swim_idle": {
        "priority": 5,
        "idle_time": 5.0,
        "success_rate": 0.1
      },
      "minecraft:behavior.random_swim": {
        "priority": 3,
        "speed_multiplier": 1.0,
        "xz_dist": 16,
        "y_dist": 4,
        "interval": 0
      },
      "minecraft:behavior.swim_wander": {
        "priority": 4,
        "interval": 0.1,
        "look_ahead": 2.0,
        "speed_multiplier": 1.0,
        "wander_time": 5.0
      },
      "minecraft:flocking": {
        "in_water": true,
        "match_variants": false,
        "use_center_of_mass": true,
        "low_flock_limit": 4,
        "high_flock_limit": 8,
        "goal_weight": 2.0,
        "loner_chance": 0.1,
        "influence_radius": 3.0,
        "breach_influence": 7.0,
        "separation_weight": 1.75,
        "separation_threshold": 0.95,
        "cohesion_weight": 2.0,
        "cohesion_threshold": 1.95,
        "innner_cohesion_threshold": 1.25,
        "min_height": 1.5,
        "max_height": 6.0,
        "block_distance": 2.0,
        "block_weight": 0.85
      },
      "minecraft:movement.amphibious": {
      },
      "minecraft:movement": {
        "value": 0.1
      },
      "minecraft:underwater_movement": {
        "value": 0.1
      },
      "minecraft:behavior.nearest_attackable_target": {
        "priority": 2,
        "must_see": true,
        "reselect_targets": true,
        "entity_types": [
          {
            "filters": {
              "any_of": [
                {
                  "test": "is_family",
                  "subject": "other",
                  "value": "player"
                },
                {
                  "test": "is_family",
                  "subject": "other",
                  "value": "axolotl"
                }
              ]
            },
            "max_dist": 10
          }
        ],
        "must_see": true
      },
      "minecraft:attack": {
        "damage": 5
      },
      "minecraft:behavior.hurt_by_target": {
        "priority": 1
      },
      "minecraft:behavior.melee_attack": {
        "priority": 4,
        "track_target": true
      },
      "minecraft:jump.static": {
      },
      "minecraft:can_climb": {
      },
      "minecraft:hurt_on_condition": {
        "damage_conditions": [
          {
            "filters": {
              "test": "in_lava",
              "subject": "self",
              "operator": "==",
              "value": true
            },
            "cause": "lava",
            "damage_per_tick": 4
          }
        ]
      },
      "minecraft:pushable": {
        "is_pushable": true,
        "is_pushable_by_piston": true
      }
    },
    "events": {
      "collect_swimmer": {
        "add": {
          "component_groups": [
            "collect"
          ]
        }
      }
    }
  }
}