{
  "minecraft:entity" : {
    "components" : {
      "minecraft:physics" : {

      },
      "minecraft:collision_box" : {
        "width" : 0.25,
        "height" : 0.25
      },
      "minecraft:fire_immune" : {
      },
      "minecraft:projectile" : {
        "anchor" : 1,
        "on_hit" : {
          "impact_damage" : {
            "knockback" : true,
            "catch_fire" : true,
            "damage" : 4
          },
          "remove_on_hit" : {
          },
          "catch_fire": {
            "fire_affected_by_griefing": true

          },
          "teleport_owner" : true
        },
        "offset" : [
          0,
          -0.29999999999999999,
          0
        ],
        "gravity" : 0.050000000000000003,
        "catchFire" : false,
        "liquid_inertia": 1.0,
        "inertia": 1.0,
        "power" : 1.6000000000000001,
        "angle_offset" : 0
      }
    },
    "description" : {
      "is_spawnable" : false,
      "is_summonable" : false,
      "identifier" : "tweaks:thrown_blastling_pearl",
      "is_experimental" : false,
      "runtime_identifier" : "minecraft:snowball"
    }
  },
  "format_version" : "1.16.0"
}