{
  "format_version": "1.16.0",
  "minecraft:entity": {
    "description": {
      "identifier": "tweaks:vibration_from_horn_pure_water_desire",
      "is_spawnable": false,
      "is_summonable": true,
      "is_experimental": false
    },
    "components": {
      "minecraft:is_hidden_when_invisible": {
      },
      "minecraft:transformation": {
        "into": "tweaks:nothing",
        "delay": 3
      },
      "minecraft:type_family": {
        "family": [ "inanimate", "mob" ]
      },
      "minecraft:collision_box": {
        "width": 0.1,
        "height": 0.1
      },
      "minecraft:movement": {
        "value": 0.0
      },
      "minecraft:fire_immune": {
      },
      "minecraft:health": {
        "value": 2,
        "max": 2
      },
      "minecraft:physics": {
        "has_gravity": false,
        "has_collision": false
      },
      "minecraft:pushable": {
        "is_pushable": false,
        "is_pushable_by_piston": false
      },
      "minecraft:conditional_bandwidth_optimization": {
      }
    }
  }
}
