{
  "minecraft:entity" : {
    "components" : {
      "minecraft:physics" : {

      },
      "minecraft:collision_box" : {
        "width" : 0.25,
        "height" : 0.25
      },
      "minecraft:projectile" : {
        "anchor" : 1,
        "on_hit" : {
          "impact_damage" : {
            "knockback" : false,
            "damage" : 0
          },
          "definition_event" : {
            "eventTrigger" : {
              "event" : "minecraft:explode",
              "target" : "self"
            },
            "affectProjectile" : true
          }
        },
        "offset" : [
          0,
          -0.29999999999999999,
          0
        ],
        "gravity" : 1,
        "catchFire" : false,
        "power" : 0,
        "angle_offset" : 0
      }
    },
    "component_groups" : {
      "minecraft:exploding" : {
        "minecraft:explode" : {
          "fuseLength" : 0,
          "power" : 2,
          "fuseLit" : true,
          "causesFire" : true,
          "breaks_blocks": false
        }
      }
    },
    "description" : {
      "is_spawnable" : false,
      "is_summonable" : true,
      "identifier" : "tweaks:volatile_shroom_explosion",
      "is_experimental" : false,
      "runtime_identifier" : "minecraft:snowball"
    },
    "events" : {
      "minecraft:explode" : {
        "add" : {
          "component_groups" : [
            "minecraft:exploding"
          ]
        }
      }
    }
  },
  "format_version" : "1.16.0"
}