{
  "format_version": "1.16.0",
  "minecraft:entity": {
    "description": {
      "identifier": "tweaks:wallower",
      "is_spawnable": true,
      "is_summonable": true,
      "is_experimental": false
    },
    "component_groups": {
      "tweaks:wallower_baby": {
        "minecraft:is_baby": {
        },
        "minecraft:scale": {
          "value":0.75
        },
        "minecraft:ageable": {
          "duration": 1200,
          "feed_items": [
            "carrot",
            "tweaks:tomato",
            "potato",
            "tweaks:trapper_germ",
            "golden_carrot",
            "tweaks:ruby_carrot",
            "slime_ball",
            "beetroot"
          ],
          "grow_up": {
            "event": "minecraft:ageable_grow_up",
            "target": "self"
          }
        },
        "minecraft:behavior.follow_parent": {
          "priority": 5,
          "speed_multiplier": 1
        }
      },

      "minecraft:pig_transform": {
        "minecraft:transformation": {
          "into": "minecraft:zombie_pigman",
          "delay": 0.5
        }
      },

      "tweaks:wallower_adult": {
        "minecraft:experience_reward": {
          "on_bred": "Math.Random(1,7)",
          "on_death": "query.last_hit_by_player ? Math.Random(1,3) : 0"
        },
        "minecraft:loot": {
          "table": "loot_tables/entities/wallower.json"
        },
        "minecraft:rideable": {
          "seat_count": 1,
          "family_types": [
            "zombie"
          ],
          "seats": {
            "position": [ 0.0, 0.35, 0.0 ]
          }
        },
        "minecraft:behavior.nearest_attackable_target": {
          "priority": 2,
          "must_see": true,
          "within_radius": 6.0,
          "entity_types": [
            {
              "filters": {
                "any_of": [
                  {
                    "test": "is_family",
                    "subject": "other",
                    "value": "slime"
                  }
                ]
              },
              "max_dist": 6
            }
          ]
        },
        "minecraft:attack": {
          "damage": 3
        },
        "minecraft:scale": {
          "value": 1.5
        },
        "minecraft:break_blocks": {
          "breakable_blocks": [
            "carrots",
            "tweaks:tomato_plant_stage_3",
            "potatoes",
            "beetroot"
          ]
        },
        "minecraft:breedable": {
          "require_tame": false,
          "breeds_with": [
            {
              "mate_type": "tweaks:wallower",
              "baby_type": "tweaks:wallower",
              "breed_event": {
                "event": "minecraft:entity_born",
                "target": "baby"
              }
            },
            {
              "mate_type": "minecraft:pig",
              "baby_type": "minecraft:pig",
              "breed_event": {
                "event": "minecraft:entity_born",
                "target": "baby"
              }
            }
          ],
          "breed_items": [
            "carrot",
            "golden_carrot",
            "potato",
            "tweaks:trapper_germ",
            "tweaks:tomato",
            "tweaks:ruby_carrot",
            "slime_ball",
            "beetroot"
          ]
        },
        "minecraft:behavior.breed": {
          "priority": 3,
          "speed_multiplier": 1.0
        }
      }
    },

    "components": {
      "minecraft:is_hidden_when_invisible": {
      },
      "minecraft:type_family": {
        "family": [ "animal", "wallower", "pig", "mob" ]
      },
      "minecraft:breathable": {
        "total_supply": 50,
        "suffocate_time": 0,
        "breathes_air": true,
        "breathes_water": false,
        "generates_bubbles": false
      },
      "minecraft:collision_box": {
        "width": 0.6,
        "height": 0.6
      },
      "minecraft:nameable": {
      },
      "minecraft:health": {
        "value": 12,
        "max": 12
      },
      "minecraft:damage_sensor": {
        "triggers": {
          "on_damage": {
            "filters": [
              {
                "test": "is_family",
                "subject": "other",
                "value": "lightning"
              },
              {
                "test": "is_difficulty",
                "operator": "!=",
                "value": "peaceful"
              }
            ],
            "event": "become_zombie"
          },
          "deals_damage": false
        }
      },
      "minecraft:movement": {
        "value": 0.2
      },
      "minecraft:underwater_movement": {
        "value": 0.08
      },
      "minecraft:leashable": {
        "soft_distance": 4.0,
        "hard_distance": 6.0,
        "max_distance": 10.0
      },
      "minecraft:balloonable": {
        "mass": 0.7
      },
      "minecraft:shareables": {
        "items": [
          {
            "item": "minecraft:carrot",
            "consume_item": true,
            "priority": 3,
            "max_amount": 64
          },
          {
            "item": "minecraft:potato",
            "consume_item": true,
            "priority": 3,
            "max_amount": 64
          },
          {
            "item": "minecraft:beetroot",
            "consume_item": true,
            "priority": 3,
            "max_amount": 64
          },
          {
            "item": "tweaks:tomato",
            "consume_item": true,
            "priority": 3,
            "max_amount": 64
          },
          {
            "item": "tweaks:trapper_germ",
            "consume_item": true,
            "priority": 3,
            "max_amount": 64
          },
          {
            "item": "minecraft:golden_carrot",
            "consume_item": true,
            "priority": 3,
            "max_amount": 64
          },
          {
            "item": "minecraft:slime_ball",
            "consume_item": true,
            "priority": 3,
            "max_amount": 64
          },
          {
            "item": "tweaks:ruby_carrot",
            "consume_item": true,
            "priority": 3,
            "max_amount": 64
          }
        ]
      },
      "minecraft:behavior.panic": {
        "priority": 3,
        "speed_multiplier": 1.25
      },
      "minecraft:navigation.walk": {
        "can_path_over_water": true,
        "avoid_damage_blocks": true
      },
      "minecraft:movement.basic": {
      },
      "minecraft:jump.static": {
      },
      "minecraft:can_climb": {
      },
      "minecraft:despawn": {
        "despawn_from_distance": {}
      },
      "minecraft:behavior.float": {
        "priority": 0
      },
      "minecraft:behavior.random_stroll": {
        "priority": 6,
        "speed_multiplier": 1.0
      },
      "minecraft:hurt_on_condition": {
        "damage_conditions": [
          {
            "filters": { "test": "in_lava", "subject": "self", "operator": "==", "value": true },
            "cause": "lava",
            "damage_per_tick": 4
          }
        ]
      },
      "minecraft:behavior.tempt": {
        "priority": 5,
        "speed_multiplier": 1.2,
        "items": [
          "potato",
          "carrot",
          "golden_carrot",
          "beetroot",
          "tweaks:trapper_germ",
          "tweaks:ruby_carrot",
          "tweaks:tomato",
          "slime_ball",
          "carrotOnAStick"
        ]
      },
      "minecraft:behavior.look_at_player": {
        "priority": 7,
        "look_distance": 6.0,
        "probability": 0.02
      },
      "minecraft:behavior.move_to_block": {
        "priority": 5,
        "speed_multiplier": 1.25,
        "tick_interval": 1,
        "start_chance": 0.1,
        "search_range": 4,
        "search_height": 3,
        "goal_radius": 0.00001,
        "target_offset": [0, 0, 0],
        "target_blocks": [
          "minecraft:carrots",
          "minecraft:potatoes",
          "tweaks:tomato_plant_stage_3",
          "minecraft:beetroot"
        ]
      },
      "minecraft:behavior.melee_attack": {
        "priority": 3,
        "track_target": true,
        "reach_multiplier": 0.99
      },
      "minecraft:behavior.random_look_around": {
        "priority": 8
      },
      "minecraft:timer" : {
        "looping" : true,
        "time" : 6,
        "time_down_event" : {
          "event" : "tweaks:drip"
        }
      },
      "minecraft:physics": {
      },
      "minecraft:pushable": {
        "is_pushable": true,
        "is_pushable_by_piston": true
      },
      "minecraft:conditional_bandwidth_optimization": {
      }
    },

    "events": {
      "become_zombie": {
        "remove": {
        },
        "add": {
          "component_groups": [
            "minecraft:pig_transform"
          ]
        }
      },
      "minecraft:entity_spawned": {
        "randomize": [
          {
            "weight": 95,
            "trigger": "minecraft:spawn_adult"
          },
          {
            "weight": 5,
            "add": {
              "component_groups": [
                "tweaks:wallower_baby"
              ]
            }
          }
        ]
      },

      "minecraft:entity_born": {
        "remove": {
        },
        "add": {
          "component_groups": [
            "tweaks:wallower_baby"
          ]
        }
      },

      "tweaks:drip": {
        "run_command": {
          "command": [
            "particle minecraft:water_drip_particle"
          ]
        }
      },

      "minecraft:ageable_grow_up": {
        "remove": {
          "component_groups": [
            "tweaks:wallower_baby"
          ]
        },
        "add": {
          "component_groups": [
            "tweaks:wallower_adult"
          ]
        }
      },

      "minecraft:spawn_adult": {
        "add": {
          "component_groups": [
            "tweaks:wallower_adult"
          ]
        }
      }
    }
  }
}
