{
  "format_version": "1.16.0",
  "minecraft:entity": {
    "description": {
      "identifier": "tweaks:wart_crusher_spawner",
      "is_spawnable": true,
      "is_summonable": false,
      "is_experimental": false
    },

    "component_groups": {
      "crimson": {
        "minecraft:transformation": {
          "into": "tweaks:wart_crusher"
        }
      },
      "warped": {
        "minecraft:transformation": {
          "into": "tweaks:warped_wart_crusher"
        }
      }
    },
    "components": {
      "minecraft:damage_sensor": {
        "triggers": {
          "cause": "all",
          "deals_damage": false
        }
      }
    },

    "events": {
      "minecraft:entity_spawned": {
        "randomize": [
          {
            "weight": 50,
            "add": {
              "component_groups": [
                "crimson"
              ]
            }
          },
          {
            "weight": 50,
            "add": {
              "component_groups": [
                "warped"
              ]
            }
          }
        ]
      }
    }
  }
}