{
  "format_version": "1.16.0",
  "minecraft:entity": {
    "description": {
      "identifier": "tweaks:wart_crusher",
      "is_spawnable": false,
      "is_summonable": true,
      "is_experimental": false
    },

    "components": {
      "minecraft:is_hidden_when_invisible": {
      },
      "minecraft:experience_reward": {
        "on_death": "query.last_hit_by_player ? 5 : 0"
      },
      "minecraft:nameable": {
      },
      "minecraft:breathable": {
        "total_supply": 15,
        "suffocate_time": 0,
        "generates_bubbles": true
      },
      "minecraft:health": {
        "value": 26,
        "max": 26
      },
      "minecraft:hurt_on_condition": {
        "damage_conditions": [
          {
            "filters": {
              "test": "in_contact_with_water",
              "operator": "==",
              "value": true
            },
            "cause": "drowning",
            "damage_per_tick": 1
          }
        ]
      },
      "minecraft:collision_box": {
        "width": 0.72,
        "height": 1.98
      },
      "minecraft:attack": {
        "damage": 6,
        "effect_name": "wither",
        "effect_duration": 10
      },
      "minecraft:loot": {
        "table": "loot_tables/entities/wart_crusher.json"
      },
      "minecraft:movement": {
        "value": 0.25
      },
      "minecraft:variable_max_auto_step": {
        "base_value": 1.5625,
        "jump_prevented_value":  0.5625
      },
      "minecraft:navigation.climb": {
        "can_path_over_water": false,
        "avoid_water": true
      },
      "minecraft:movement.basic": {
      },
      "minecraft:jump.static": {
      },
      "minecraft:can_climb": {
      },
      "minecraft:fire_immune": {
      },
      "minecraft:despawn": {
        "despawn_from_distance": {}
      },
      "minecraft:behavior.hurt_by_target": {
        "priority": 1
      },
      "minecraft:behavior.nearest_attackable_target": {
        "priority": 2,
        "reselect_targets": true,
        "must_see": true,
        "entity_types": [
          {
            "filters": {
              "test": "is_family",
              "subject": "other",
              "value": "player"
            },
            "max_dist": 12
          }
        ]
      },
      "minecraft:behavior.melee_attack": {
        "priority": 4,
        "track_target": true,
        "speed_multiplier": 1.3,
        "reach_multiplier": 2
      },
      "minecraft:behavior.random_stroll": {
        "priority": 6,
        "speed_multiplier": 0.7
      },
      "minecraft:lava_movement": {
        "value": 0.12
      },
      "minecraft:behavior.avoid_block": {
        "priority": 1,
        "tick_interval": 5,
        "search_range": 1,
        "search_height": 2,
        "walk_speed_modifier": 1.1,
        "sprint_speed_modifier": 1.3,
        "target_selection_method": "nearest",
        "target_blocks": [
          "tweaks:volatile_shroom"
        ]
      },
      "minecraft:behavior.float": {
        "priority": 0
      },
      "minecraft:behavior.look_at_player": {
        "priority": 7,
        "look_distance": 8
      },
      "minecraft:behavior.random_look_around": {
        "priority": 8
      },
      "minecraft:type_family": {
        "family": [ "wart_crusher", "monster", "mob" ]
      },
      "minecraft:physics": {
      },
      "minecraft:pushable": {
        "is_pushable": true,
        "is_pushable_by_piston": true
      },
      "minecraft:conditional_bandwidth_optimization": {
      }
    },

    "events": {
      "minecraft:entity_spawned": {

      }
    }
  }
}