{
  "format_version": "1.16.0",
  "minecraft:entity": {
    "description": {
      "identifier": "tweaks:wombat",
      "is_spawnable": true,
      "is_summonable": true,
      "is_experimental": false
    },
    "component_groups": {
      "tweaks:wombat_baby": {
        "minecraft:is_baby": {
        },
        "minecraft:scale": {
          "value":0.7
        },
        "minecraft:ageable": {
          "duration": 1200,
          "feed_items": [
            "tallgrass",
            "double_plant",
            "deadbush"
          ],
          "grow_up": {
            "event": "minecraft:ageable_grow_up",
            "target": "self"
          }
        },
        "minecraft:behavior.follow_parent": {
          "priority": 5,
          "speed_multiplier": 1
        }
      },

      "tweaks:wombat_adult": {
        "minecraft:experience_reward": {
          "on_bred": "Math.Random(1,7)",
          "on_death": "query.last_hit_by_player ? Math.Random(1,3) : 0"
        },
        "minecraft:loot": {
          "table": "loot_tables/entities/horse.json"
        },
        "minecraft:scale": {
          "value":1.3
        },
        "minecraft:rideable": {
          "seat_count": 1,
          "family_types": [
            "zombie"
          ],
          "seats": {
            "position": [ 0.0, 0.35, 0.0 ]
          }
        },
        "minecraft:breedable": {
          "require_tame": false,
          "breeds_with": [
            {
              "mate_type": "tweaks:wombat",
              "baby_type": "tweaks:wombat",
              "breed_event": {
                "event": "minecraft:entity_born",
                "target": "baby"
              }
            }
          ],
          "breed_items": [
            "tallgrass",
            "double_plant",
            "deadbush"
          ]
        },
        "minecraft:behavior.breed": {
          "priority": 3,
          "speed_multiplier": 1.0
        }
      }
    },

    "components": {
      "minecraft:is_hidden_when_invisible": {
      },
      "minecraft:type_family": {
        "family": [ "animal", "wombat", "mob" ]
      },
      "minecraft:breathable": {
        "total_supply": 15,
        "suffocate_time": 0,
        "generates_bubbles": true
      },
      "minecraft:collision_box": {
        "width": 0.6,
        "height": 0.6
      },
      "minecraft:nameable": {
      },
      "minecraft:health": {
        "value": 14,
        "max": 14
      },
      "minecraft:movement": {
        "value": 0.23
      },
      "minecraft:leashable": {
        "soft_distance": 4.0,
        "hard_distance": 6.0,
        "max_distance": 10.0
      },
      "minecraft:balloonable": {
        "mass": 0.5
      },
      "minecraft:behavior.panic": {
        "priority": 3,
        "speed_multiplier": 1.2
      },
      "minecraft:navigation.walk": {
        "can_path_over_water": true,
        "avoid_damage_blocks": true
      },
      "minecraft:movement.basic": {
      },
      "minecraft:jump.static": {
      },
      "minecraft:can_climb": {
      },
      "minecraft:despawn": {
        "despawn_from_distance": {}
      },
      "minecraft:behavior.float": {
        "priority": 0
      },
      "minecraft:behavior.random_stroll": {
        "priority": 6,
        "speed_multiplier": 1.0
      },
      "minecraft:hurt_on_condition": {
        "damage_conditions": [
          {
            "filters": { "test": "in_lava", "subject": "self", "operator": "==", "value": true },
            "cause": "lava",
            "damage_per_tick": 4
          }
        ]
      },
      "minecraft:behavior.tempt": {
        "priority": 5,
        "speed_multiplier": 1.0,
        "items": [
          "tallgrass",
          "double_plant",
          "deadbush"
        ]
      },
      "minecraft:behavior.look_at_player": {
        "priority": 7,
        "look_distance": 6.0,
        "probability": 0.02
      },
      "minecraft:behavior.random_look_around": {
        "priority": 8
      },
      "minecraft:physics": {
      },
      "minecraft:pushable": {
        "is_pushable": true,
        "is_pushable_by_piston": true
      },
      "minecraft:conditional_bandwidth_optimization": {
      }
    },

    "events": {
      "minecraft:entity_spawned": {
        "randomize": [
          {
            "weight": 95,
            "trigger": "minecraft:spawn_adult"
          },
          {
            "weight": 5,
            "add": {
              "component_groups": [
                "tweaks:wombat_baby"
              ]
            }
          }
        ]
      },

      "minecraft:entity_born": {
        "remove": {
        },
        "add": {
          "component_groups": [
            "tweaks:wombat_baby"
          ]
        }
      },

      "minecraft:ageable_grow_up": {
        "remove": {
          "component_groups": [
            "tweaks:wombat_baby"
          ]
        },
        "add": {
          "component_groups": [
            "tweaks:wombat_adult"
          ]
        }
      },

      "minecraft:spawn_adult": {
        "add": {
          "component_groups": [
            "tweaks:wombat_adult"
          ]
        }
      }
    }
  }
}
