{
  "format_version": "1.16.0",
  "minecraft:entity": {
    "description": {
      "identifier": "minecraft:zombie_horse",
      "is_spawnable": true,
      "is_summonable": true,
      "is_experimental": false
    },

    "component_groups": {
      "minecraft:zombie_horse_baby": {
        "minecraft:is_baby": {
        },
        "minecraft:scale_by_age": {
          "start_scale": 0.5,
          "end_scale": 1.0
        },
        "minecraft:attack": {
          "damage": 1
        },
        "minecraft:ageable": {
          "duration": 1200,
          "feed_items": [
            {
              "item": "rotten_flesh",
              "growth": 0.05
            },
            {
              "item": "tweaks:sunken_flesh",
              "growth": 0.05
            },
            {
              "item": "tweaks:smouldering_flesh",
              "growth": 0.05
            },
            {
              "item": "tweaks:rotten_flesh_block",
              "growth": 0.3
            },
            {
              "item": "tweaks:sunken_flesh_block",
              "growth": 0.3
            },
            {
              "item": "tweaks:smouldering_flesh_block",
              "growth": 0.3
            }
          ],
          "grow_up": {
            "event": "minecraft:ageable_grow_up",
            "target": "self"
          }
        }
      },

      "minecraft:zombie_horse_adult": {
        "minecraft:experience_reward": {
          "on_death": "query.last_hit_by_player ? Math.Random(1,3) : 0"
        },
        "minecraft:is_adult": {
        },
        "minecraft:loot": {
          "table": "loot_tables/entities/zombie_horse.json"
        },
        "minecraft:attack": {
          "damage": 3,
          "effect_name": "poison",
          "effect_duration": 5
        }
      },

      "to_horse": {
        "minecraft:transformation": {
          "into": "minecraft:horse",
          "begin_transform_sound": "remedy",
          "transformation_sound": "unfect",
          "delay": {
            "value": 100,
            "block_assist_chance": 0.01,
            "block_radius": 4,
            "block_chance": 0.3,
            "block_types": [
              "minecraft:hay_block",
              "minecraft:iron_bars"
            ]
          }
        },
        "minecraft:spell_effects": {
          "add_effects": [
            {
              "effect": "strength",
              "duration": 100
            },
            {
              "effect": "speed",
              "duration": 100
            }
          ],
          "remove_effects": "weakness"
        },
        "minecraft:is_shaking": {
        }
      },

      "tweaks:zombie_jockey": {
        "minecraft:addrider": {
          "entity_type": "minecraft:zombie",
          "spawn_event": "minecraft:spawn_adult"
        },
        "minecraft:behavior.mount_pathing": {
          "priority": 2,
          "speed_multiplier": 1.5,
          "target_dist": 0.0,
          "track_target": true
        },
        "minecraft:rideable": {
          "seat_count": 1,
          "crouching_skip_interact": true,
          "family_types": [
            "player", "zombie"
          ],
          "interact_text": "action.interact.mount",
          "seats": {
            "position": [ 0.0, 1.2, -0.2 ]
          }
        }
      },

      "minecraft:zombie_horse_wild": {
        "minecraft:rideable": {
          "seat_count": 1,
          "family_types": [
            "player",
            "zombie"
          ],
          "interact_text": "action.interact.mount",
          "seats": {
            "position": [ 0.0, 1.2, -0.2 ]
          }
        },
        "minecraft:behavior.mount_pathing": {
          "priority": 2,
          "speed_multiplier": 1.5,
          "target_dist": 0.0,
          "track_target": true
        },
        "minecraft:tamemount": {
          "min_temper": 0,
          "max_temper": 100,
          "feed_text": "action.interact.feed",
          "ride_text": "action.interact.mount",
          "feed_items": [
            {
              "item": "rotten_flesh",
              "temper_mod": 3
            },
            {
              "item": "tweaks:sunken_flesh",
              "temper_mod": 3
            },
            {
              "item": "tweaks:smouldering_flesh",
              "temper_mod": 3
            },
            {
              "item": "tweaks:rotten_flesh_block",
              "temper_mod": 6
            },
            {
              "item": "tweaks:sunken_flesh_block",
              "temper_mod": 6
            },
            {
              "item": "tweaks:smouldering_flesh_block",
              "temper_mod": 6
            }
          ],
          "auto_reject_items": [
            {
              "item": "horsearmorleather"
            },
            {
              "item": "horsearmoriron"
            },
            {
              "item": "horsearmorgold"
            },
            {
              "item": "horsearmordiamond"
            },
            {
              "item": "saddle"
            }
          ],
          "tame_event": {
            "event": "minecraft:on_tame",
            "target": "self"
          }
        }
      },

      "minecraft:zombie_horse_tamed": {
        "minecraft:is_tamed": {
        },
        "minecraft:equippable": {
          "slots": [
            {
              "slot": 0,
              "item": "saddle",
              "accepted_items": [ "saddle" ],
              "on_equip": {
                "event": "minecraft:zombie_horse_saddled"
              },
              "on_unequip": {
                "event": "minecraft:zombie_horse_unsaddled"
              }
            }
          ]
        },
        "minecraft:rideable": {
          "seat_count": 1,
          "crouching_skip_interact": true,
          "family_types": [
            "player"
          ],
          "interact_text": "action.interact.ride.horse",
          "seats": {
            "position": [ 0.0, 1.2, -0.2 ]
          }
        },
        "minecraft:interact": {
          "interactions": [
            {
              "play_sounds": "saddle",
              "on_interact": {
                "filters": {
                  "all_of": [
                    { "test": "has_equipment", "subject": "self", "domain": "inventory", "operator": "not", "value": "saddle" },
                    { "test": "has_equipment", "subject": "other", "domain": "hand", "value": "saddle" },
                    { "test": "is_family", "subject": "other", "value": "player" },
                    { "test": "is_sneaking", "subject": "other", "value": false }
                  ]
                },
                "target": "self"
              },
              "equip_item_slot": 0,
              "interact_text": "action.interact.saddle"
            }
          ]
        },
        "minecraft:inventory": {
          "inventory_size": 16,
          "container_type": "horse"
        }
      },

      "minecraft:zombie_horse_saddled": {
        "minecraft:is_saddled": {
        },
        "minecraft:input_ground_controlled": {
        },
        "minecraft:can_power_jump": {
        },
        "minecraft:behavior.player_ride_tamed": {
        }
      }
    },

    "components": {
      "minecraft:is_hidden_when_invisible": {
      },
      "minecraft:type_family": {
        "family": [ "zombie_horse", "zombie", "undead", "mob" ]
      },
      "minecraft:breathable": {
        "total_supply": 15,
        "suffocate_time": 0,
        "breathes_water": true
      },
      "minecraft:collision_box": {
        "width": 1.4,
        "height": 1.6
      },
      "minecraft:health": {
        "value": {
          "range_min": 10,
          "range_max": 24
        }
      },
      "minecraft:hurt_on_condition": {
        "damage_conditions": [
          {
            "filters": { "test": "in_lava", "subject": "self", "operator": "==", "value": true },
            "cause": "lava",
            "damage_per_tick": 4
          }
        ]
      },
      "minecraft:movement": {
        "value": 0.25
      },
      "minecraft:underwater_movement": {
        "value": 0.09
      },
      "minecraft:burns_in_daylight": {
      },
      "minecraft:navigation.walk": {
        "can_path_over_water": true,
        "avoid_water": true,
        "avoid_damage_blocks": true
      },
      "minecraft:movement.basic": {
      },
      "minecraft:jump.static": {
      },
      "minecraft:nameable": {
      },
      "minecraft:horse.jump_strength": {
        "value": 0.65
      },
      "minecraft:leashable": {
        "soft_distance": 4.0,
        "hard_distance": 6.0,
        "max_distance": 10.0
      },
      "minecraft:balloonable": {
      },
      "minecraft:healable": {
        "items": [
          {
            "item": "rotten_flesh",
            "heal_amount": 5
          },
          {
            "item": "tweaks:smouldering_flesh",
            "heal_amount": 5
          },
          {
            "item": "tweaks:sunken_flesh",
            "heal_amount": 5
          },
          {
            "item": "tweaks:rotten_flesh_block",
            "heal_amount": 12
          },
          {
            "item": "tweaks:smouldering_flesh_block",
            "heal_amount": 12
          },
          {
            "item": "tweaks:sunken_flesh_block",
            "heal_amount": 12
          }
        ]
      },
      "minecraft:despawn": {
        "despawn_from_distance": {}
      },
      "minecraft:behavior.random_stroll": {
        "priority": 6,
        "speed_multiplier": 0.6
      },
      "minecraft:behavior.melee_attack": {
        "priority": 3,
        "reach_multiplier": 0.99
      },
      "minecraft:interact": {
        "interactions": {
          "on_interact": {
            "filters": {
              "all_of": [
                { "test": "has_equipment", "domain": "hand", "subject": "other", "value": "golden_apple" },
                { "test": "has_component", "subject": "self", "value": "minecraft:effect.weakness" }
              ]
            },
            "event": "horse_converted",
            "target": "self"
          },
          "use_item": true,
          "interact_text": "action.interact.cure"
        }
      },
      "minecraft:behavior.stomp_turtle_egg": {
        "priority": 4,
        "speed_multiplier": 0.8,
        "search_range": 10,
        "search_height": 2,
        "goal_radius": 1.14,
        "interval": 20
      },
      "minecraft:behavior.nearest_attackable_target": {
        "priority": 3,
        "must_see": true,
        "reselect_targets": true,
        "within_radius": 8.0,
        "entity_types": [
          {
            "filters": {
              "all_of": [
                {
                  "test": "is_family",
                  "subject": "other",
                  "operator": "!=",
                  "value": "undead"
                },
                {
                  "test": "is_family",
                  "subject": "other",
                  "operator": "!=",
                  "value": "inanimate"
                },
                {
                  "test": "is_family",
                  "subject": "other",
                  "operator": "!=",
                  "value": "player"
                },
                {
                  "test": "is_family",
                  "subject": "other",
                  "operator": "!=",
                  "value": "monster"
                }
              ]
            },
            "max_dist": 10
          }
        ],
        "must_see": true
      },
      "minecraft:behavior.look_at_player": {
        "priority": 7,
        "look_distance": 6.0,
        "probability": 0.02
      },
      "minecraft:behavior.mount_pathing": {
        "priority": 5,
        "speed_multiplier": 1.0,
        "target_dist": 0.0,
        "track_target": true
      },
      "minecraft:behavior.tempt": {
        "priority": 4,
        "speed_multiplier": 0.8,
        "items": [
          "rotten_flesh",
          "tweaks:smouldering_flesh",
          "tweaks:sunken_flesh",
          "tweaks:rotten_flesh_block",
          "tweaks:smouldering_flesh_block",
          "tweaks:sunken_flesh_block"
        ]
      },
      "minecraft:behavior.random_look_around": {
        "priority": 8
      },
      "minecraft:physics": {
      },
      "minecraft:pushable": {
        "is_pushable": true,
        "is_pushable_by_piston": true
      },
      "minecraft:conditional_bandwidth_optimization": {
      }
    },

    "events": {
      "minecraft:entity_spawned": {
        "randomize": [
          {
            "weight": 80,
            "add": {
              "component_groups": [
                "minecraft:zombie_horse_adult",
                "minecraft:zombie_horse_wild"
              ]
            }
          },
          {
            "weight": 10,
            "add": {
              "component_groups": [
                "minecraft:zombie_horse_adult",
                "tweaks:zombie_jockey"
              ]
            }
          },
          {
            "weight": 10,
            "add": {
              "component_groups": [
                "minecraft:zombie_horse_baby"
              ]
            }
          }
        ]
      },

      "minecraft:entity_born": {
        "add": {
          "component_groups": [
            "minecraft:zombie_horse_baby"
          ]
        }
      },

      "minecraft:on_tame": {
        "remove": {
          "component_groups": [
            "minecraft:zombie_horse_wild"
          ]
        },
        "add": {
          "component_groups": [
            "minecraft:zombie_horse_tamed"
          ]
        }
      },

      "horse_converted": {
        "remove": {
        },
        "add": {
          "component_groups": [
            "to_horse"
          ]
        }
      },

      "minecraft:ageable_grow_up": {
        "remove": {
          "component_groups": [
            "minecraft:zombie_horse_baby"
          ]
        },
        "add": {
          "component_groups": [
            "minecraft:zombie_horse_adult",
            "minecraft:zombie_horse_wild"
          ]
        }
      },

      "minecraft:zombie_horse_saddled": {
        "add": {
          "component_groups": [
            "minecraft:zombie_horse_saddled"
          ]
        }
      },
      "minecraft:zombie_horse_unsaddled": {
        "remove": {
          "component_groups": [
            "minecraft:zombie_horse_saddled"
          ]
        }
      }
    }
  }
}