{
	"format_version": "1.10.0",
	"animation_controllers": {
		"controller.animation.blastling": {
			"states": {
				"default": {
					"animations": ["idle","idle_calm","stop","stop_calm","bob"],
					"transitions": [
						{
							"attack_action": "query.is_delayed_attacking == 1 || query.is_casting || query.is_roaring == 1"
						},
						{
							"idle": "!query.is_roaring == 1 && query.ground_speed <= 1 && !variable.has_target"
						},
						{
							"idle_targeting": "query.is_roaring == 1 || variable.has_target && query.ground_speed <= 1"
						},
						{
							"walking": "!query.is_roaring == 1 && query.ground_speed >= 1 && !variable.has_target"
						},
						{
							"walking_targeting": "query.is_roaring == 1 || variable.has_target && query.ground_speed >= 1"
						}
					],
					"blend_transition": 0.2
				},
				"idle": {
					"animations": ["idle","idle_calm","stop","stop_calm","bob"],
					"transitions": [
						{
							"load": "query.variant == 1"
						},
						{
							"attack_action": "query.is_delayed_attacking == 1 || query.is_casting || query.is_roaring == 1 || query.is_charged == 1"
						},
						{
							"idle_targeting": "query.is_roaring == 1 || variable.has_target && query.ground_speed <= 1"
						},
						{
							"walking": "!query.is_roaring == 1 && query.ground_speed >= 1 && !variable.has_target"
						},
						{
							"walking_targeting": "query.is_roaring == 1 || variable.has_target && query.ground_speed >= 1"
						}
					],
					"blend_transition": 0.2
				},
				"idle_targeting": {
					"animations": ["idle","idle_targeting","stop","stop_targeting","bob"],
					"transitions": [
						{
							"load": "query.variant == 1"
						},
						{
							"attack_action": "query.is_delayed_attacking == 1 || query.is_casting || query.is_roaring == 1 || query.is_charged == 1"
						},
						{
							"idle": "!query.is_roaring == 1 && query.ground_speed <= 1 && !variable.has_target"
						},
						{
							"walking": "!query.is_roaring == 1 && query.ground_speed >= 1 && !variable.has_target"
						},
						{
							"walking_targeting": "query.is_roaring == 1 || variable.has_target && query.ground_speed >= 1"
						}
					],
					"blend_transition": 0.2
				},
				"walking": {
					"animations": ["walking","walking_calm","bob"],
					"transitions": [
						{
							"load": "query.variant == 1"
						},
						{
							"attack_action": "query.is_delayed_attacking == 1 || query.is_casting || query.is_roaring == 1 || query.is_charged == 1"
						},
						{
							"idle": "!query.is_roaring == 1 && query.ground_speed <= 1 && !variable.has_target"
						},
						{
							"idle_targeting": "query.is_roaring == 1 || variable.has_target && query.ground_speed <= 1"
						},
						{
							"walking_targeting": "query.is_roaring == 1 || variable.has_target && query.ground_speed >= 1"
						}
					],
					"blend_transition": 0.2
				},
				"walking_targeting": {
					"animations": ["walking","walking_targeting","bob"],
					"transitions": [
						{
							"load": "query.variant == 1"
						},
						{
							"attack_action": "query.is_delayed_attacking == 1 || query.is_casting || query.is_roaring == 1 || query.is_charged == 1"
						},
						{
							"idle": "!query.is_roaring == 1 && query.ground_speed <= 1 && !variable.has_target"
						},
						{
							"idle_targeting": "query.is_roaring == 1 || variable.has_target && query.ground_speed <= 1"
						},
						{
							"walking": "!query.is_roaring == 1 && query.ground_speed >= 1 && !variable.has_target"
						}
					],
					"blend_transition": 0.2
				},
				"attack_action": {
					"animations": ["pre_loop","bob"],
					"transitions": [
						{
							"idle": "query.mark_variant == 1"
						},
						{
							"shoted": "query.is_charged == 0"
						}
					],
					"blend_transition": 0.2
				},
				"shoted": {
					"animations" : ["shot","bob"],
					"transitions": [
						{
							"attack_action": "query.is_charged == 1"
						},
						{
							"idle": "query.all_animations_finished || query.mark_variant == 1"
						}
					],
					"blend_transition": 0.2
				},
				"load": {
					"animations": ["load","bob"],
					"transitions": [
						{
							"attack_action": "query.is_charged == 1"
						},
						{
							"idle": "query.variant == 0"
						}
					],
					"blend_transition": 0.2
				}
			}
		}
	}
}