{
	"format_version": "1.10.0",
	"animation_controllers": {
		"controller.animation.guardian_vex.general": {
			"initial_state": "default",
			"states": {
				"default": {
					"animations": [
						"idle"
					],
					"transitions": [
						{
							"walking": "query.ground_speed >= 2"
						}
					],
					"blend_transition": 0.1
				},
				"walking": {
					"animations": [
						"walking"
					],
					"transitions": [
						{
							"default": "query.ground_speed <= 2"
						}
					],
					"blend_transition": 0.1
				}
			}
		}
	}
}