{
	"format_version": "1.10.0",
	"animation_controllers": {
		"controller.animation.guardian_vex.idle": {
			"states": {
				"default": {
					"transitions": [
						{
							"attack_action": "query.is_delayed_attacking == 1 || query.is_casting || query.is_roaring == 1"
						},
						{
							"idle": "!query.is_roaring == 1 && query.ground_speed <= 1 && !variable.has_target"
						},
						{
							"idle_targeting": "query.is_roaring == 1 || variable.has_target && query.ground_speed <= 1"
						},
						{
							"walking": "!query.is_roaring == 1 && query.ground_speed >= 1 && !variable.has_target"
						},
						{
							"walking_targeting": "query.is_roaring == 1 || variable.has_target && query.ground_speed >= 1"
						}
					],
					"blend_transition": 0.2
				},
				"idle": {
					"animations": ["idle","idle_calm","stop","stop_calm","idle2"],
					"transitions": [
						{
							"attack_action": "query.is_delayed_attacking == 1 || query.is_casting || query.is_roaring == 1 || query.is_charged == 1"
						},
						{
							"idle_targeting": "query.is_roaring == 1 || variable.has_target && query.ground_speed <= 1"
						},
						{
							"walking": "!query.is_roaring == 1 && query.ground_speed >= 1 && !variable.has_target"
						},
						{
							"walking_targeting": "query.is_roaring == 1 || variable.has_target && query.ground_speed >= 1"
						}
					],
					"blend_transition": 0.2
				},
				"idle_targeting": {
					"animations": ["idle","idle_targeting","stop","stop_targeting","idle2"],
					"transitions": [
						{
							"attack_action": "query.is_delayed_attacking == 1 || query.is_casting || query.is_roaring == 1 || query.is_charged == 1"
						},
						{
							"idle": "!query.is_roaring == 1 && query.ground_speed <= 1 && !variable.has_target"
						},
						{
							"walking": "!query.is_roaring == 1 && query.ground_speed >= 1 && !variable.has_target"
						},
						{
							"walking_targeting": "query.is_roaring == 1 || variable.has_target && query.ground_speed >= 1"
						}
					],
					"blend_transition": 0.2
				},
				"walking": {
					"animations": ["walking","walking_calm","walking_calm2","walking2"],
					"transitions": [
						{
							"attack_action": "query.is_delayed_attacking == 1 || query.is_casting || query.is_roaring == 1 || query.is_charged == 1"
						},
						{
							"idle": "!query.is_roaring == 1 && query.ground_speed <= 1 && !variable.has_target"
						},
						{
							"idle_targeting": "query.is_roaring == 1 || variable.has_target && query.ground_speed <= 1"
						},
						{
							"walking_targeting": "query.is_roaring == 1 || variable.has_target && query.ground_speed >= 1"
						}
					],
					"blend_transition": 0.2
				},
				"walking_targeting": {
					"animations": ["walking","walking_targeting","walking_targeting2","walking2"],
					"transitions": [
						{
							"attack_action": "query.is_delayed_attacking == 1 || query.is_casting || query.is_roaring == 1 || query.is_charged == 1"
						},
						{
							"idle": "!query.is_roaring == 1 && query.ground_speed <= 1 && !variable.has_target"
						},
						{
							"idle_targeting": "query.is_roaring == 1 || variable.has_target && query.ground_speed <= 1"
						},
						{
							"walking": "!query.is_roaring == 1 && query.ground_speed >= 1 && !variable.has_target"
						}
					],
					"blend_transition": 0.2
				},
				"attack_action": {
					"animations": ["attacking_action"],
					"transitions": [
						{
							"idle": "query.all_animations_finished && query.ground_speed <= 1 && !variable.has_target"
						},
						{
							"idle_targeting": "query.all_animations_finished && variable.has_target && query.ground_speed <= 1"
						},
						{
							"walking": "query.all_animations_finished && query.ground_speed >= 1 && !variable.has_target"
						},
						{
							"walking_targeting": "query.all_animations_finished && variable.has_target && query.ground_speed >= 1"
						}
					],
					"blend_transition": 0.2
				}
			}
		},
		"controller.animation.vanguard.v2.fast": {
			"states": {
				"default": {
					"transitions": [
						{
							"attack_action": "query.is_delayed_attacking == 1 || query.is_casting || query.is_roaring == 1"
						},
						{
							"idle": "!query.is_roaring == 1 && query.ground_speed <= 1 && !variable.has_target"
						},
						{
							"idle_targeting": "query.is_roaring == 1 || variable.has_target && query.ground_speed <= 1"
						},
						{
							"walking": "!query.is_roaring == 1 && query.ground_speed >= 1 && !variable.has_target"
						},
						{
							"walking_targeting": "query.is_roaring == 1 || variable.has_target && query.ground_speed >= 1"
						}
					],
					"blend_transition": 0.2
				},
				"idle": {
					"animations": ["idle","idle_calm","stop","stop_calm","idle2"],
					"transitions": [
						{
							"attack_fast_action": "query.is_delayed_attacking == 1 || query.is_casting || query.is_roaring == 1 || query.is_charged == 1 && query.variant == 2"
						},
						{
							"attack_action": "query.is_delayed_attacking == 1 || query.is_casting || query.is_roaring == 1 || query.is_charged == 1"
						},
						{
							"idle_targeting": "query.is_roaring == 1 || variable.has_target && query.ground_speed <= 1"
						},
						{
							"walking": "!query.is_roaring == 1 && query.ground_speed >= 1 && !variable.has_target"
						},
						{
							"walking_targeting": "query.is_roaring == 1 || variable.has_target && query.ground_speed >= 1"
						}
					],
					"blend_transition": 0.2
				},
				"idle_targeting": {
					"animations": ["idle","idle_targeting","stop","stop_targeting","idle2"],
					"transitions": [
						{
							"attack_fast_action": "query.is_delayed_attacking == 1 || query.is_casting || query.is_roaring == 1 || query.is_charged == 1 && query.variant == 2"
						},
						{
							"attack_action": "query.is_delayed_attacking == 1 || query.is_casting || query.is_roaring == 1 || query.is_charged == 1"
						},
						{
							"idle": "!query.is_roaring == 1 && query.ground_speed <= 1 && !variable.has_target"
						},
						{
							"walking": "!query.is_roaring == 1 && query.ground_speed >= 1 && !variable.has_target"
						},
						{
							"walking_targeting": "query.is_roaring == 1 || variable.has_target && query.ground_speed >= 1"
						}
					],
					"blend_transition": 0.2
				},
				"walking": {
					"animations": ["walking","walking_calm","walking_calm2","walking2"],
					"transitions": [
						{
							"attack_fast_action": "query.is_delayed_attacking == 1 || query.is_casting || query.is_roaring == 1 || query.is_charged == 1 && query.variant == 2"
						},
						{
							"attack_action": "query.is_delayed_attacking == 1 || query.is_casting || query.is_roaring == 1 || query.is_charged == 1"
						},
						{
							"idle": "!query.is_roaring == 1 && query.ground_speed <= 1 && !variable.has_target"
						},
						{
							"idle_targeting": "query.is_roaring == 1 || variable.has_target && query.ground_speed <= 1"
						},
						{
							"walking_targeting": "query.is_roaring == 1 || variable.has_target && query.ground_speed >= 1"
						}
					],
					"blend_transition": 0.2
				},
				"walking_targeting": {
					"animations": ["walking","walking_targeting","walking_targeting2","walking2"],
					"transitions": [
						{
							"attack_fast_action": "query.is_delayed_attacking == 1 || query.is_casting || query.is_roaring == 1 || query.is_charged == 1 && query.variant == 2"
						},
						{
							"attack_action": "query.is_delayed_attacking == 1 || query.is_casting || query.is_roaring == 1 || query.is_charged == 1"
						},
						{
							"idle": "!query.is_roaring == 1 && query.ground_speed <= 1 && !variable.has_target"
						},
						{
							"idle_targeting": "query.is_roaring == 1 || variable.has_target && query.ground_speed <= 1"
						},
						{
							"walking": "!query.is_roaring == 1 && query.ground_speed >= 1 && !variable.has_target"
						}
					],
					"blend_transition": 0.2
				},
				"attack_action": {
					"animations": ["attacking_action"],
					"transitions": [
						{
							"idle": "query.all_animations_finished && query.ground_speed <= 1 && !variable.has_target"
						},
						{
							"idle_targeting": "query.all_animations_finished && variable.has_target && query.ground_speed <= 1"
						},
						{
							"walking": "query.all_animations_finished && query.ground_speed >= 1 && !variable.has_target"
						},
						{
							"walking_targeting": "query.all_animations_finished && variable.has_target && query.ground_speed >= 1"
						}
					],
					"blend_transition": 0.2
				},
				"attack_fast_action": {
					"animations": ["fast_attacking_action"],
					"transitions": [
						{
							"idle": "query.all_animations_finished && query.ground_speed <= 1 && !variable.has_target"
						},
						{
							"idle_targeting": "query.all_animations_finished && variable.has_target && query.ground_speed <= 1"
						},
						{
							"walking": "query.all_animations_finished && query.ground_speed >= 1 && !variable.has_target"
						},
						{
							"walking_targeting": "query.all_animations_finished && variable.has_target && query.ground_speed >= 1"
						}
					],
					"blend_transition": 0.2
				}
			}
		}
	}
}