{
  "pools": [
    {
      "rolls": 1,
      "entries": [
        {
          "type": "item",
          "name": "minecraft:leather_boots",
          "weight": 10,
          "functions": [
            {
              "function": "set_damage",
              "damage": {
                "min": 0,
                "max": 0.90
              }
            }
          ]
        },
        {
          "type": "item",
          "name": "tweaks:camel_pelt",
          "weight": 10
        },
        {
          "type": "item",
          "name": "minecraft:string",
          "weight": 5
        },
        {
          "type": "item",
          "name": "minecraft:cactus",
          "weight": 10
        },
        {
          "type": "item",
          "name": "minecraft:brick",
          "weight": 10
        },
        {
          "type": "item",
          "name": "minecraft:fishing_rod",
          "weight": 2,
          "functions": [
            {
              "function": "set_damage",
              "damage": {
                "min": 0,
                "max": 0.90
              }
            }
          ]
        },
        {
          "type": "item",
          "name": "minecraft:deadbush",
          "weight": 10
        },
        {
          "type": "item",
          "name": "minecraft:brush",
          "weight": 5,
          "functions": [
            {
              "function": "set_damage",
              "damage": {
                "min": 0.20,
                "max": 0.65
              }
            }
          ]
        },
        {
          "type": "item",
          "name": "tweaks:smouldering_flesh",
          "weight": 10
        }
      ]
    }
  ]
}