{
  "pools": [
    {
      "rolls": 1,
      "entries": [
        {
          "type": "item",
          "name": "minecraft:leather_boots",
          "weight": 10,
          "functions": [
            {
              "function": "set_damage",
              "damage": {
                "min": 0,
                "max": 0.90
              }
            }
          ]
        },
        {
          "type": "item",
          "name": "minecraft:sea_pickle",
          "weight": 5
        },
        {
          "type": "item",
          "name": "minecraft:bone",
          "weight": 10
        },
        {
          "type": "item",
          "name": "minecraft:kelp",
          "weight": 10
        },
        {
          "type": "item",
          "name": "tweaks:bone_shard",
          "weight": 10
        },
        {
          "type": "item",
          "name": "minecraft:clay_ball",
          "weight": 10
        },
        {
          "type": "item",
          "name": "tweaks:marine_rubble",
          "weight": 10
        },
        {
          "type": "item",
          "name": "minecraft:potion",
          "weight": 10
        },
        {
          "type": "item",
          "name": "tweaks:palm_log",
          "weight": 10
        },
        {
          "type": "item",
          "name": "minecraft:string",
          "weight": 5
        },
        {
          "type": "item",
          "name": "minecraft:fishing_rod",
          "weight": 2,
          "functions": [
            {
              "function": "set_damage",
              "damage": {
                "min": 0,
                "max": 0.90
              }
            }
          ]
        },
        {
          "type": "item",
          "name": "minecraft:bowl",
          "weight": 10
        },
        {
          "type": "item",
          "name": "minecraft:stick",
          "weight": 5
        },
        {
          "type": "item",
          "name": "minecraft:dye",
          "weight": 1,
          "functions": [
            {
              "function": "set_data",
              "data": 0
            },
            {
              "function": "set_count",
              "count": 10
            }
          ]
        },
        {
          "type": "item",
          "name": "minecraft:tripwire_hook",
          "weight": 10
        },
        {
          "type": "item",
          "name": "tweaks:sunken_flesh",
          "weight": 10
        }
      ]
    }
  ]
}