{
  "pools": [
    {
      "rolls": 1,
      "entries": [
        {
          "type": "item",
          "name": "minecraft:leather_boots",
          "weight": 10,
          "functions": [
            {
              "function": "set_damage",
              "damage": {
                "min": 0,
                "max": 0.90
              }
            }
          ]
        },
        {
          "type": "item",
          "name": "minecraft:leather",
          "weight": 10
        },
        {
          "type": "item",
          "name": "minecraft:bone",
          "weight": 10
        },
        {
          "type": "item",
          "name": "tweaks:bone_shard",
          "weight": 10
        },
        {
          "type": "item",
          "name": "minecraft:feather",
          "weight": 10
        },
        {
          "type": "item",
          "name": "minecraft:red_flower",
          "weight": 10
        },
        {
          "type": "item",
          "name": "minecraft:yellow_flower",
          "weight": 10
        },
        {
          "type": "item",
          "name": "tweaks:butterfly_rose_item",
          "weight": 10
        },
        {
          "type": "item",
          "name": "minecraft:potion",
          "weight": 10
        },
        {
          "type": "item",
          "name": "minecraft:string",
          "weight": 5
        },
        {
          "type": "item",
          "name": "minecraft:coal",
          "weight": 10
        },
        {
          "type": "item",
          "name": "minecraft:raw_iron",
          "weight": 5
        },
        {
          "type": "item",
          "name": "minecraft:bee_nest",
          "weight": 5
        },
        {
          "type": "item",
          "name": "minecraft:fishing_rod",
          "weight": 2,
          "functions": [
            {
              "function": "set_damage",
              "damage": {
                "min": 0,
                "max": 0.90
              }
            }
          ]
        },
        {
          "type": "item",
          "name": "minecraft:bowl",
          "weight": 10
        },
        {
          "type": "item",
          "name": "minecraft:birch_log",
          "weight": 5
        },
        {
          "type": "item",
          "name": "minecraft:stick",
          "weight": 10
        },
        {
          "type": "item",
          "name": "minecraft:dye",
          "weight": 1,
          "functions": [
            {
              "function": "set_data",
              "data": 0
            },
            {
              "function": "set_count",
              "count": 5
            }
          ]
        },
        {
          "type": "item",
          "name": "minecraft:tripwire_hook",
          "weight": 10
        },
        {
          "type": "item",
          "name": "tweaks:sunken_flesh",
          "weight": 10
        }
      ]
    }
  ]
}