{
  "minecraft:geometry" : [
    {
      "bones" : [
        {
          "cubes" : [
            {
              "pivot" : [
                0,
                25.049999237060547,
                -0.5
              ],
              "rotation" : [
                0,
                0,
                0
              ],
              "size" : [
                18,
                12,
                11
              ],
              "uv" : [
                0,
                0
              ],
              "inflate" : 0.34999999403953552,
              "origin" : [
                -9,
                19.049999237060547,
                -6
              ]
            },
            {
              "pivot" : [
                0,
                18.5,
                0
              ],
              "rotation" : [
                0,
                0,
                0
              ],
              "size" : [
                9,
                5,
                6
              ],
              "uv" : [
                58,
                0
              ],
              "inflate" : 0.5,
              "origin" : [
                -4.5,
                13.5,
                -3
              ]
            }
          ],
          "name" : "body",
          "pivot" : [
            0,
            31,
            0
          ],
          "rotation" : [
            1.6499999761581421,
            -3.3499999046325684,
            -1.3999999761581421
          ]
        },
        {
          "cubes" : [
            {
              "pivot" : [
                -0.099999904632568359,
                30.899999618530273,
                -5.1000003814697266
              ],
              "rotation" : [
                0,
                0,
                0
              ],
              "size" : [
                10,
                8,
                8
              ],
              "uv" : [
                88,
                0
              ],
              "inflate" : 0,
              "origin" : [
                -5,
                26.899999618530273,
                -9.1000003814697266
              ]
            },
            {
              "pivot" : [
                -0.20000004768371582,
                34.5,
                -7
              ],
              "rotation" : [
                0,
                0,
                0
              ],
              "size" : [
                5,
                4,
                3
              ],
              "uv" : [
                124,
                0
              ],
              "inflate" : 0,
              "origin" : [
                -2.5,
                32.5,
                -10
              ]
            },
            {
              "pivot" : [
                -0.14999997615814209,
                36.799999237060547,
                -7.25
              ],
              "rotation" : [
                0,
                0,
                0
              ],
              "size" : [
                3,
                2,
                2
              ],
              "uv" : [
                140,
                0
              ],
              "inflate" : 0,
              "origin" : [
                -1.5,
                35.799999237060547,
                -9.5
              ]
            },
            {
              "pivot" : [
                -3,
                33.049999237060547,
                -9.25
              ],
              "rotation" : [
                0,
                0,
                0
              ],
              "size" : [
                3,
                1,
                1
              ],
              "uv" : [
                150,
                0
              ],
              "inflate" : 0,
              "origin" : [
                -4.5,
                32.549999237060547,
                -9.75
              ]
            },
            {
              "pivot" : [
                3,
                36.200000762939453,
                -6.1999998092651367
              ],
              "rotation" : [
                0,
                0,
                13
              ],
              "size" : [
                2,
                4,
                2
              ],
              "uv" : [
                158,
                0
              ],
              "inflate" : -0.05000000074505806,
              "origin" : [
                2,
                34.200000762939453,
                -7.1999998092651367
              ]
            },
            {
              "pivot" : [
                3,
                39.400001525878906,
                -6.1999998092651367
              ],
              "rotation" : [
                0,
                0,
                10
              ],
              "size" : [
                5,
                3,
                5
              ],
              "uv" : [
                166,
                0
              ],
              "inflate" : -0.05000000074505806,
              "origin" : [
                1.5,
                37.900001525878906,
                -8.6999998092651367
              ]
            },
            {
              "pivot" : [
                3,
                41.700000762939453,
                -6.1999998092651367
              ],
              "rotation" : [
                0,
                0,
                8
              ],
              "size" : [
                5,
                3,
                5
              ],
              "uv" : [
                186,
                0
              ],
              "inflate" : -0.40000000596046448,
              "origin" : [
                2,
                40,
                -8.6999998092651367
              ]
            }
          ],
          "locators" : {
            "lead" : [
              0,
              31,
              -2
            ]
          },
          "rotation" : [
            8.6999998092651367,
            0,
            0
          ],
          "name" : "head",
          "pivot" : [
            0,
            31,
            -2
          ],
          "parent" : "body"
        },
        {
          "cubes" : [
            {
              "pivot" : [
                -11,
                18.5,
                0
              ],
              "rotation" : [
                0,
                0,
                0
              ],
              "size" : [
                4,
                30,
                6
              ],
              "uv" : [
                206,
                0
              ],
              "inflate" : 0.55000001192092896,
              "origin" : [
                -13,
                3.5,
                -3
              ]
            },
            {
              "pivot" : [
                -11,
                27.75,
                0
              ],
              "rotation" : [
                0,
                0,
                0
              ],
              "size" : [
                4,
                8,
                6
              ],
              "uv" : [
                226,
                0
              ],
              "inflate" : 1.3500000238418579,
              "origin" : [
                -13,
                23.75,
                -3
              ]
            },
            {
              "pivot" : [
                -11,
                7.6999998092651367,
                0
              ],
              "rotation" : [
                0,
                0,
                0
              ],
              "size" : [
                4,
                8,
                6
              ],
              "uv" : [
                246,
                0
              ],
              "inflate" : 1.2000000476837158,
              "origin" : [
                -13,
                3.7000000476837158,
                -3
              ]
            }
          ],
          "rotation" : [
            -5.5999999046325684,
            -10.399999618530273,
            0
          ],
          "name" : "arm0",
          "pivot" : [
            0,
            31,
            0
          ],
          "parent" : "body"
        },
        {
          "cubes" : [
            {
              "pivot" : [
                11,
                18.5,
                0
              ],
              "rotation" : [
                0,
                0,
                0
              ],
              "size" : [
                4,
                30,
                6
              ],
              "uv" : [
                266,
                0
              ],
              "inflate" : 0.80000001192092896,
              "origin" : [
                9,
                2.5,
                -3
              ]
            },
            {
              "pivot" : [
                11,
                18.5,
                0
              ],
              "rotation" : [
                0,
                0,
                0
              ],
              "size" : [
                4,
                8,
                6
              ],
              "uv" : [
                286,
                0
              ],
              "inflate" : 1.5299999658018351,
              "origin" : [
                9,
                23,
                -3
              ]
            },
            {
              "pivot" : [
                11,
                18.5,
                0
              ],
              "rotation" : [
                0,
                0,
                0
              ],
              "size" : [
                4,
                8,
                6
              ],
              "uv" : [
                306,
                0
              ],
              "inflate" : 1.3199999704957008,
              "origin" : [
                9,
                3,
                -3
              ]
            }
          ],
          "rotation" : [
            -4.5,
            -10.649999618530273,
            -3.9000000953674316
          ],
          "name" : "arm1",
          "pivot" : [
            0,
            31,
            0
          ],
          "parent" : "body"
        },
        {
          "cubes" : [
            {
              "pivot" : [
                -4.5,
                8,
                -0.5
              ],
              "rotation" : [
                0,
                0,
                0
              ],
              "size" : [
                6,
                16,
                5
              ],
              "uv" : [
                326,
                0
              ],
              "inflate" : 0,
              "origin" : [
                -7.5,
                0,
                -3
              ]
            }
          ],
          "rotation" : [
            0.55000001192092896,
            10.100000381469727,
            3.0499999523162842
          ],
          "name" : "leg0",
          "pivot" : [
            -4,
            13,
            0
          ],
          "parent" : "body"
        },
        {
          "cubes" : [
            {
              "pivot" : [
                4.5,
                8,
                -0.5
              ],
              "rotation" : [
                0,
                0,
                0
              ],
              "size" : [
                6,
                16,
                5
              ],
              "uv" : [
                348,
                0
              ],
              "inflate" : 0,
              "origin" : [
                1.5,
                0,
                -3
              ]
            }
          ],
          "pivot" : [
            5,
            13,
            0
          ],
          "rotation" : [
            1.1000000238418579,
            -9,
            -5.3000001907348633
          ],
          "mirror" : true,
          "name" : "leg1",
          "parent" : "body"
        }
      ],
      "description" : {
        "visible_bounds_width" : 3,
        "texture_height" : 36,
        "texture_width" : 370,
        "identifier" : "geometry.basalt_giant",
        "visible_bounds_height" : 3,
        "visible_bounds_offset" : [
          0,
          1.5,
          0
        ]
      }
    }
  ],
  "format_version" : "1.12.0"
}