{
	"format_version": "1.12.0",
	"minecraft:geometry": [
		{
			"description": {
				"identifier": "geometry.blastling",
				"texture_width": 128,
				"texture_height": 76,
				"visible_bounds_width": 3,
				"visible_bounds_height": 5,
				"visible_bounds_offset": [0, 1.5, 0]
			},
			"bones": [
				{
					"name": "blastling",
					"pivot": [0, 0, 0]
				},
				{
					"name": "rightLeg",
					"parent": "blastling",
					"pivot": [-3, 23, 0],
					"cubes": [
						{
							"origin": [-4, 0, -1],
							"size": [2, 23, 2],
							"uv": {
								"north": {"uv": [49, 19], "uv_size": [2, 23]},
								"east": {"uv": [39, 19], "uv_size": [2, 23]},
								"south": {"uv": [45, 19], "uv_size": [2, 23]},
								"west": {"uv": [41, 19], "uv_size": [2, 23]},
								"up": {"uv": [42, 15], "uv_size": [2, 2]},
								"down": {"uv": [46, 17], "uv_size": [2, -2]}
							}
						}
					]
				},
				{
					"name": "leftLeg",
					"parent": "blastling",
					"pivot": [3, 23, 0],
					"cubes": [
						{
							"origin": [-1, 0, -4],
							"size": [2, 23, 2],
							"pivot": [0, 0, 0],
							"rotation": [0, -90, 0],
							"uv": {
								"north": {"uv": [44, 19], "uv_size": [2, 23]},
								"east": {"uv": [40, 19], "uv_size": [2, 23]},
								"south": {"uv": [48, 19], "uv_size": [2, 23]},
								"west": {"uv": [46, 19], "uv_size": [2, 23]},
								"up": {"uv": [44, 17], "uv_size": [2, 2]},
								"down": {"uv": [46, 19], "uv_size": [2, -2]}
							}
						}
					]
				},
				{
					"name": "upperBody",
					"parent": "blastling",
					"pivot": [0, 23, 0],
					"cubes": [
						{
							"origin": [-6, 23, -5],
							"size": [12, 14, 9],
							"uv": {
								"north": {"uv": [63, 25], "uv_size": [-12, -14]},
								"east": {"uv": [84, 10], "uv_size": [-9, 14]},
								"south": {"uv": [96, 10], "uv_size": [-12, 14]},
								"west": {"uv": [75, 10], "uv_size": [-9, 14]},
								"up": {"uv": [75, 1], "uv_size": [-12, 9]},
								"down": {"uv": [87, 10], "uv_size": [-12, -9]}
							}
						}
					]
				},
				{
					"name": "rightArm",
					"parent": "upperBody",
					"pivot": [-9, 34, 0],
					"cubes": [
						{
							"origin": [-12, 3, -4],
							"size": [6, 34, 7],
							"uv": {
								"north": {"uv": [0, 29], "uv_size": [6, 34]},
								"east": {"uv": [20, 29], "uv_size": [-7, 34]},
								"south": {"uv": [26, 29], "uv_size": [-6, 34]},
								"west": {"uv": [7, 29], "uv_size": [7, 34]},
								"up": {"uv": [13, 22], "uv_size": [-6, 7]},
								"down": {"uv": [19, 29], "uv_size": [-6, -7]}
							}
						}
					]
				},
				{
					"name": "shoot",
					"parent": "rightArm",
					"pivot": [-9, 5, -2],
					"rotation": [0, 0, -180],
					"cubes": [
						{
							"origin": [-13, 5, -1],
							"size": [9, 21, 0],
							"uv": {
								"north": {"uv": [65, 39], "uv_size": [14, 31]},
								"east": {"uv": [90.2, 47.8], "uv_size": [0, 24]},
								"south": {"uv": [93, 47], "uv_size": [11, 24]},
								"west": {"uv": [101.2, 47.8], "uv_size": [0, 24]},
								"up": {"uv": [90.2, 47.8], "uv_size": [11, 0]},
								"down": {"uv": [101.2, 47.8], "uv_size": [11, 0]}
							}
						}
					]
				},
				{
					"name": "leftArm",
					"parent": "upperBody",
					"pivot": [9, 34, 0],
					"cubes": [
						{
							"origin": [6, 3, -4],
							"size": [6, 34, 7],
							"uv": {
								"north": {"uv": [7, 29], "uv_size": [6, 34]},
								"east": {"uv": [0, 29], "uv_size": [7, 34]},
								"south": {"uv": [19, 29], "uv_size": [6, 34]},
								"west": {"uv": [14, 29], "uv_size": [7, 34]},
								"up": {"uv": [7, 22], "uv_size": [6, 7]},
								"down": {"uv": [13, 29], "uv_size": [6, -7]}
							}
						}
					]
				},
				{
					"name": "shoot2",
					"parent": "leftArm",
					"pivot": [9, 5, -2],
					"rotation": [0, 0, -180],
					"cubes": [
						{
							"origin": [5, 5, -1],
							"size": [9, 21, 0],
							"uv": {
								"north": {"uv": [79, 39], "uv_size": [-14, 31]},
								"east": {"uv": [95, 47], "uv_size": [0, 24]},
								"south": {"uv": [95, 46], "uv_size": [0, 24]},
								"west": {"uv": [96, 46], "uv_size": [0, 24]},
								"up": {"uv": [82, 47], "uv_size": [11, 0]},
								"down": {"uv": [92, 42], "uv_size": [11, 0]}
							}
						}
					]
				},
				{
					"name": "head",
					"parent": "upperBody",
					"pivot": [0, 37, -1],
					"cubes": [
						{
							"origin": [-4, 33, -8],
							"size": [8, 8, 7],
							"uv": {
								"north": {"uv": [12, 10], "uv_size": [-8, 8]},
								"east": {"uv": [25, 10], "uv_size": [-7, 8]},
								"south": {"uv": [38, 10], "uv_size": [-8, 8]},
								"west": {"uv": [19, 10], "uv_size": [-7, 8]},
								"up": {"uv": [17, 3], "uv_size": [-8, 7]},
								"down": {"uv": [24, 10], "uv_size": [-8, -7]}
							}
						}
					],
					"locators": {
						"locator": [0, 39, -4],
						"locator2": [0, 38, -2],
						"locator3": [0, 40, -6],
						"locator4": [4, 38, -5],
						"locator5": [-3, 38, -6],
						"locator6": [-4, 38, -6],
						"locator7": [1, 43, -1],
						"locator9": [-1, 39, -3],
						"locator10": [1, 38, -1],
						"locator11": [4, 38, -7],
						"locator12": [0, 40, -3],
						"locator8": [-4, 38, -7]
					}
				},
				{
					"name": "r_eye",
					"parent": "head",
					"pivot": [-2.5, 36, -8],
					"cubes": [
						{
							"origin": [-4, 36, -8.01],
							"size": [3, 1, 0],
							"uv": {
								"north": {"uv": [2, 9], "uv_size": [3, 1]},
								"east": {"uv": [2, 9], "uv_size": [0, 1]},
								"south": {"uv": [5, 9], "uv_size": [3, 1]},
								"west": {"uv": [5, 9], "uv_size": [0, 1]},
								"up": {"uv": [2, 9], "uv_size": [3, 0]},
								"down": {"uv": [5, 9], "uv_size": [3, 0]}
							}
						}
					]
				},
				{
					"name": "r_pupil",
					"parent": "r_eye",
					"pivot": [-2.5, 36.5, -8],
					"cubes": [
						{
							"origin": [-3, 36, -8.02],
							"size": [1, 1, 0],
							"uv": {
								"north": {"uv": [2, 8], "uv_size": [1, 1]},
								"east": {"uv": [2, 8], "uv_size": [0, 1]},
								"south": {"uv": [3, 8], "uv_size": [1, 1]},
								"west": {"uv": [3, 8], "uv_size": [0, 1]},
								"up": {"uv": [2, 8], "uv_size": [1, 0]},
								"down": {"uv": [3, 8], "uv_size": [1, 0]}
							}
						}
					]
				},
				{
					"name": "l_eye",
					"parent": "head",
					"pivot": [2.5, 36, -8],
					"cubes": [
						{
							"origin": [1, 36, -8.01],
							"size": [3, 1, 0],
							"uv": {
								"north": {"uv": [2, 9], "uv_size": [3, 1]},
								"east": {"uv": [2, 9], "uv_size": [0, 1]},
								"south": {"uv": [5, 9], "uv_size": [3, 1]},
								"west": {"uv": [5, 9], "uv_size": [0, 1]},
								"up": {"uv": [2, 9], "uv_size": [3, 0]},
								"down": {"uv": [5, 9], "uv_size": [3, 0]}
							}
						}
					]
				},
				{
					"name": "l_pupil",
					"parent": "l_eye",
					"pivot": [2.5, 36.5, -8],
					"cubes": [
						{
							"origin": [2, 36, -8.02],
							"size": [1, 1, 0],
							"uv": {
								"north": {"uv": [2, 8], "uv_size": [1, 1]},
								"east": {"uv": [2, 8], "uv_size": [0, 1]},
								"south": {"uv": [3, 8], "uv_size": [1, 1]},
								"west": {"uv": [3, 8], "uv_size": [0, 1]},
								"up": {"uv": [2, 8], "uv_size": [1, 0]},
								"down": {"uv": [3, 8], "uv_size": [1, 0]}
							}
						}
					]
				}
			]
		}
	]
}