{
	"format_version": "1.12.0",
	"minecraft:geometry": [
		{
			"description": {
				"identifier": "geometry.blastling_fireball",
				"texture_width": 16,
				"texture_height": 11,
				"visible_bounds_width": 2,
				"visible_bounds_height": 1.5,
				"visible_bounds_offset": [0, 0.25, 0]
			},
			"bones": [
				{
					"name": "body",
					"pivot": [0, 1, 0],
					"cubes": [
						{"origin": [-4, -4.5, -2], "size": [4, 7, 4], "pivot": [0, -1, 0], "rotation": [90, 0, 90], "uv": [0, 0]}
					]
				}
			]
		}
	]
}