{
  "minecraft:geometry" : [
    {
      "bones" : [
        {
          "cubes" : [
            {
              "pivot" : [
                0,
                0,
                0
              ],
              "rotation" : [
                11,
                0,
                0
              ],
              "size" : [
                8,
                10,
                9
              ],
              "uv" : [
                0,
                0
              ],
              "inflate" : -2.3499999046325684,
              "origin" : [
                -4.4000000953674316,
                4,
                3.9000000953674316
              ]
            },
            {
              "rotation" : [
                -9,
                0,
                0
              ],
              "size" : [
                11,
                16,
                13
              ],
              "uv" : [
                34,
                0
              ],
              "origin" : [
                -5.4000000953674316,
                25.799999237060547,
                -6.0999999046325684
              ],
              "pivot" : [
                0,
                0,
                0
              ]
            },
            {
              "pivot" : [
                0,
                0,
                0
              ],
              "rotation" : [
                4,
                0,
                0
              ],
              "size" : [
                9,
                12,
                12
              ],
              "uv" : [
                82,
                0
              ],
              "inflate" : -0.80000001192092896,
              "origin" : [
                -4.4000000953674316,
                15.550000190734863,
                -0.10000000149011612
              ]
            },
            {
              "pivot" : [
                0,
                0,
                0
              ],
              "rotation" : [
                11,
                0,
                0
              ],
              "size" : [
                8,
                10,
                9
              ],
              "uv" : [
                124,
                0
              ],
              "inflate" : -1.1499999761581421,
              "origin" : [
                -4.4000000953674316,
                8.8999996185302734,
                3.9000000953674316
              ]
            }
          ],
          "name" : "body"
        },
        {
          "cubes" : [
            {
              "rotation" : [
                7,
                0,
                0
              ],
              "size" : [
                8,
                8,
                8
              ],
              "uv" : [
                158,
                0
              ],
              "origin" : [
                -4,
                31.049999237060547,
                -4
              ],
              "pivot" : [
                0,
                18,
                0
              ]
            }
          ],
          "name" : "head",
          "pivot" : [
            0,
            32,
            0
          ]
        },
        {
          "cubes" : [

          ],
          "name" : "leg0",
          "pivot" : [
            -2,
            6,
            4
          ]
        },
        {
          "cubes" : [

          ],
          "name" : "leg1",
          "pivot" : [
            2,
            6,
            4
          ]
        },
        {
          "cubes" : [

          ],
          "name" : "leg2",
          "pivot" : [
            -2,
            6,
            -4
          ]
        },
        {
          "cubes" : [

          ],
          "name" : "leg3",
          "pivot" : [
            2,
            6,
            -4
          ]
        }
      ],
      "description" : {
        "visible_bounds_width" : 1,
        "visible_bounds_offset" : [
          0,
          0.75,
          0
        ],
        "visible_bounds_height" : 2,
        "texturewidth" : 190,
        "textureheight" : 29,
        "texture_height" : 29,
        "identifier" : "geometry.bluster",
        "texture_width" : 190
      }
    }
  ],
  "format_version" : "1.12.0"
}