{
  "minecraft:geometry" : [
    {
      "bones" : [
        {
          "cubes" : [
            {
              "orig_uv" : [
                0,
                0
              ],
              "rotation" : [
                74,
                0,
                0
              ],
              "orig_size" : [
                5,
                7,
                7
              ],
              "origin" : [
                -2.4000000953674316,
                7,
                -8
              ],
              "uv" : [
                0,
                0
              ],
              "size" : [
                5,
                7,
                7
              ],
              "is_hidden" : false,
              "pivot" : [
                0,
                13,
                2
              ],
              "render_order" : 19
            },
            {
              "orig_uv" : [
                24,
                0
              ],
              "rotation" : [
                94,
                -8,
                0
              ],
              "orig_size" : [
                2,
                1,
                5
              ],
              "origin" : [
                -0.69999998807907104,
                18.75,
                -7.0999999046325684
              ],
              "uv" : [
                24,
                0
              ],
              "size" : [
                2,
                1,
                5
              ],
              "is_hidden" : false,
              "pivot" : [
                0,
                13,
                2
              ],
              "render_order" : 8
            },
            {
              "orig_uv" : [
                38,
                0
              ],
              "rotation" : [
                90,
                0,
                0
              ],
              "orig_size" : [
                4,
                11,
                4
              ],
              "origin" : [
                -1.8500000238418579,
                8.8999996185302734,
                -11
              ],
              "uv" : [
                38,
                0
              ],
              "size" : [
                4,
                11,
                4
              ],
              "is_hidden" : false,
              "pivot" : [
                0,
                13,
                2
              ],
              "render_order" : 19
            },
            {
              "orig_uv" : [
                54,
                0
              ],
              "rotation" : [
                94,
                9,
                0
              ],
              "orig_size" : [
                2,
                1,
                5
              ],
              "origin" : [
                -0.85000002384185791,
                18.75,
                -7.0999999046325684
              ],
              "uv" : [
                54,
                0
              ],
              "size" : [
                2,
                1,
                5
              ],
              "is_hidden" : false,
              "pivot" : [
                0,
                13,
                2
              ],
              "render_order" : 8
            }
          ],
          "is_hidden" : false,
          "name" : "body",
          "pivot" : [
            0,
            13,
            2
          ]
        }
      ],
      "description" : {
        "visible_bounds_width" : 3,
        "texture_height" : 15,
        "texture_width" : 68,
        "identifier" : "geometry.chorus_snail",
        "visible_bounds_height" : 2.25,
        "visible_bounds_offset" : [
          0,
          0.875,
          0
        ]
      }
    }
  ],
  "format_version" : "1.12.0"
}