{
  "minecraft:geometry" : [
    {
      "bones" : [
        {
          "cubes" : [
            {
              "size" : [
                0,
                20,
                16
              ],
              "inflate" : 0,
              "origin" : [
                -0.5,
                0,
                -8
              ],
              "uv" : [
                0,
                0
              ],
              "pivot" : [
                0,
                4,
                0
              ],
              "rotation" : [
                0,
                0,
                0
              ]
            },
            {
              "size" : [
                0,
                20,
                16
              ],
              "inflate" : 0,
              "origin" : [
                0.5,
                0,
                -8
              ],
              "uv" : [
                32,
                0
              ],
              "pivot" : [
                0,
                4,
                0
              ],
              "rotation" : [
                0,
                85,
                1
              ]
            }
          ],
          "name" : "base",
          "pivot" : [
            0,
            0,
            0
          ],
          "rotation" : [
            0,
            0,
            0
          ]
        }
      ],
      "description" : {
        "visible_bounds_offset" : [
          0,
          0.5,
          0
        ],
        "texture_height" : 36,
        "texture_width" : 64,
        "identifier" : "geometry.frost_spike",
        "visible_bounds_width" : 3,
        "visible_bounds_height" : 3
      }
    }
  ],
  "format_version" : "1.12.0"
}