{
  "minecraft:geometry" : [
    {
      "bones" : [
        {
          "cubes" : [
            {
              "size" : [
                8,
                7,
                8
              ],
              "inflate" : 0,
              "origin" : [
                -4,
                5,
                -11
              ],
              "uv" : [
                0,
                0
              ],
              "pivot" : [
                0,
                9,
                -7
              ],
              "rotation" : [
                0,
                0,
                0
              ]
            },
            {
              "size" : [
                3,
                3,
                8
              ],
              "inflate" : 0,
              "origin" : [
                -5.5,
                4,
                -13.5
              ],
              "uv" : [
                32,
                0
              ],
              "pivot" : [
                0,
                9,
                -7
              ],
              "rotation" : [
                6,
                0,
                -9
              ]
            },
            {
              "size" : [
                3,
                3,
                8
              ],
              "inflate" : 0,
              "origin" : [
                2.5,
                4,
                -13.5
              ],
              "uv" : [
                54,
                0
              ],
              "pivot" : [
                0,
                9,
                -7
              ],
              "rotation" : [
                6,
                0,
                8
              ]
            }
          ],
          "name" : "head",
          "pivot" : [
            0,
            9,
            -3
          ],
          "rotation" : [
            0,
            0,
            0
          ]
        },
        {
          "cubes" : [
            {
              "size" : [
                6,
                5,
                6
              ],
              "inflate" : 1.1899999734014273,
              "origin" : [
                -3,
                6,
                -3
              ],
              "uv" : [
                76,
                0
              ],
              "pivot" : [
                0,
                9,
                0
              ],
              "rotation" : [
                0,
                0,
                0
              ]
            }
          ],
          "name" : "body0",
          "pivot" : [
            0,
            9,
            0
          ],
          "rotation" : [
            0,
            0,
            0
          ]
        },
        {
          "cubes" : [
            {
              "size" : [
                10,
                9,
                12
              ],
              "inflate" : 0,
              "origin" : [
                -5,
                4,
                3
              ],
              "uv" : [
                100,
                0
              ],
              "pivot" : [
                0,
                9,
                9
              ],
              "rotation" : [
                -18,
                0,
                0
              ]
            },
            {
              "size" : [
                2,
                1,
                12
              ],
              "inflate" : 0,
              "origin" : [
                -3.5,
                20.5,
                3
              ],
              "uv" : [
                144,
                0
              ],
              "pivot" : [
                0,
                9,
                9
              ],
              "rotation" : [
                53,
                0,
                0
              ]
            },
            {
              "size" : [
                2,
                1,
                10
              ],
              "inflate" : 0,
              "origin" : [
                0,
                18,
                4.5
              ],
              "uv" : [
                172,
                0
              ],
              "pivot" : [
                0,
                9,
                9
              ],
              "rotation" : [
                53,
                0,
                0
              ]
            },
            {
              "size" : [
                2,
                1,
                10
              ],
              "inflate" : 0,
              "origin" : [
                0.5,
                21,
                0
              ],
              "uv" : [
                196,
                0
              ],
              "pivot" : [
                0,
                9,
                9
              ],
              "rotation" : [
                53,
                0,
                0
              ]
            },
            {
              "size" : [
                2,
                1,
                10
              ],
              "inflate" : 0,
              "origin" : [
                -2.5,
                16,
                7
              ],
              "uv" : [
                220,
                0
              ],
              "pivot" : [
                0,
                9,
                9
              ],
              "rotation" : [
                53,
                0,
                0
              ]
            }
          ],
          "name" : "body1",
          "pivot" : [
            0,
            9,
            9
          ],
          "rotation" : [
            0,
            0,
            0
          ]
        },
        {
          "cubes" : [
            {
              "size" : [
                16,
                10,
                2
              ],
              "inflate" : 0,
              "origin" : [
                -19,
                6,
                1
              ],
              "uv" : [
                244,
                0
              ],
              "pivot" : [
                -11,
                9,
                2
              ],
              "rotation" : [
                -11,
                0,
                0
              ]
            }
          ],
          "name" : "leg0",
          "pivot" : [
            -4,
            9,
            2
          ],
          "rotation" : [
            0,
            0,
            0
          ]
        },
        {
          "cubes" : [
            {
              "size" : [
                16,
                10,
                2
              ],
              "inflate" : 0,
              "origin" : [
                3,
                6,
                1
              ],
              "uv" : [
                280,
                0
              ],
              "pivot" : [
                11,
                9,
                2
              ],
              "rotation" : [
                -7,
                0,
                0
              ]
            }
          ],
          "name" : "leg1",
          "pivot" : [
            4,
            9,
            2
          ],
          "rotation" : [
            0,
            0,
            0
          ]
        },
        {
          "cubes" : [

          ],
          "name" : "leg2",
          "pivot" : [
            -4,
            9,
            1
          ],
          "rotation" : [
            0,
            0,
            0
          ]
        },
        {
          "cubes" : [

          ],
          "name" : "leg3",
          "pivot" : [
            4,
            9,
            1
          ],
          "rotation" : [
            0,
            0,
            0
          ]
        },
        {
          "cubes" : [

          ],
          "name" : "leg4",
          "pivot" : [
            -4,
            9,
            0
          ],
          "rotation" : [
            0,
            0,
            0
          ]
        },
        {
          "cubes" : [

          ],
          "name" : "leg5",
          "pivot" : [
            4,
            9,
            0
          ],
          "rotation" : [
            0,
            0,
            0
          ]
        },
        {
          "cubes" : [
            {
              "size" : [
                16,
                10,
                2
              ],
              "inflate" : 0,
              "origin" : [
                -19,
                6,
                -2
              ],
              "uv" : [
                316,
                0
              ],
              "pivot" : [
                -11,
                9,
                -1
              ],
              "rotation" : [
                7,
                0,
                0
              ]
            }
          ],
          "name" : "leg6",
          "pivot" : [
            -4,
            9,
            -1
          ],
          "rotation" : [
            0,
            0,
            0
          ]
        },
        {
          "cubes" : [
            {
              "size" : [
                16,
                10,
                2
              ],
              "inflate" : 0,
              "origin" : [
                3,
                6,
                -2
              ],
              "uv" : [
                352,
                0
              ],
              "pivot" : [
                11,
                9,
                -1
              ],
              "rotation" : [
                5,
                0,
                0
              ]
            }
          ],
          "name" : "leg7",
          "pivot" : [
            4,
            9,
            -1
          ],
          "rotation" : [
            0,
            0,
            0
          ]
        }
      ],
      "description" : {
        "visible_bounds_offset" : [
          0,
          0.5,
          0
        ],
        "texture_height" : 21,
        "texture_width" : 388,
        "identifier" : "geometry.frost_bite",
        "visible_bounds_width" : 2,
        "visible_bounds_height" : 1
      }
    }
  ],
  "format_version" : "1.12.0"
}