{
  "minecraft:geometry" : [
    {
      "bones" : [
        {
          "cubes" : [
            {
              "size" : [
                10,
                6,
                6
              ],
              "orig_uv" : [
                0,
                0
              ],
              "render_order" : 22,
              "uv" : [
                0,
                0
              ],
              "orig_size" : [
                10,
                6,
                6
              ],
              "origin" : [
                -5,
                18,
                -2.5
              ]
            },
            {
              "size" : [
                8,
                3,
                3
              ],
              "orig_uv" : [
                32,
                0
              ],
              "render_order" : 14,
              "uv" : [
                32,
                0
              ],
              "orig_size" : [
                8,
                3,
                3
              ],
              "origin" : [
                -4,
                15,
                -1
              ]
            }
          ],
          "name" : "body",
          "pivot" : [
            0,
            24,
            0
          ],
          "parent" : "waist"
        },
        {
          "name" : "waist",
          "pivot" : [
            0,
            15,
            0
          ]
        },
        {
          "cubes" : [
            {
              "size" : [
                6,
                8,
                6
              ],
              "orig_uv" : [
                54,
                0
              ],
              "render_order" : 20,
              "uv" : [
                54,
                0
              ],
              "orig_size" : [
                6,
                8,
                6
              ],
              "origin" : [
                -3,
                24,
                -4
              ]
            }
          ],
          "name" : "head",
          "pivot" : [
            0,
            24,
            -1
          ]
        },
        {
          "cubes" : [
            {
              "size" : [
                4,
                18,
                4
              ],
              "orig_uv" : [
                78,
                0
              ],
              "render_order" : 26,
              "uv" : [
                78,
                0
              ],
              "orig_size" : [
                4,
                18,
                4
              ],
              "origin" : [
                -9,
                6,
                -2
              ]
            }
          ],
          "name" : "rightArm",
          "pivot" : [
            -5,
            22,
            0
          ]
        },
        {
          "cubes" : [
            {
              "size" : [
                4,
                18,
                4
              ],
              "orig_uv" : [
                94,
                0
              ],
              "render_order" : 26,
              "uv" : [
                94,
                0
              ],
              "orig_size" : [
                4,
                18,
                4
              ],
              "origin" : [
                5,
                6,
                -2
              ]
            }
          ],
          "mirror" : true,
          "name" : "leftArm",
          "pivot" : [
            5,
            22,
            0
          ]
        },
        {
          "cubes" : [
            {
              "size" : [
                2,
                15,
                2
              ],
              "orig_uv" : [
                110,
                0
              ],
              "render_order" : 19,
              "uv" : [
                110,
                0
              ],
              "orig_size" : [
                2,
                15,
                2
              ],
              "origin" : [
                -4,
                0,
                -0.5
              ]
            }
          ],
          "name" : "rightLeg",
          "pivot" : [
            -2,
            15,
            0
          ]
        },
        {
          "cubes" : [
            {
              "size" : [
                2,
                15,
                2
              ],
              "orig_uv" : [
                118,
                0
              ],
              "render_order" : 19,
              "uv" : [
                118,
                0
              ],
              "orig_size" : [
                2,
                15,
                2
              ],
              "origin" : [
                2,
                0,
                -0.5
              ]
            }
          ],
          "mirror" : true,
          "name" : "leftLeg",
          "pivot" : [
            2,
            15,
            0
          ]
        }
      ],
      "description" : {
        "textureheight" : 22,
        "visible_bounds_offset" : [
          0,
          1.5,
          0
        ],
        "texturewidth" : 126,
        "visible_bounds_height" : 3,
        "visible_bounds_width" : 1.5,
        "texture_height" : 22,
        "identifier" : "geometry.ghoul",
        "texture_width" : 126
      }
    }
  ],
  "format_version" : "1.12.0"
}