{
  "minecraft:geometry" : [
    {
      "bones" : [
        {
          "cubes" : [
            {
              "size" : [
                5,
                3,
                9
              ],
              "orig_uv" : [
                0,
                0
              ],
              "render_order" : 17,
              "uv" : [
                0,
                0
              ],
              "orig_size" : [
                5,
                3,
                9
              ],
              "origin" : [
                -3,
                23,
                -8
              ]
            }
          ],
          "bind_pose_rotation" : [
            0,
            0,
            0
          ],
          "name" : "body",
          "pivot" : [
            0,
            24,
            0
          ]
        },
        {
          "cubes" : [
            {
              "size" : [
                6,
                2,
                9
              ],
              "orig_uv" : [
                28,
                0
              ],
              "render_order" : 17,
              "uv" : [
                28,
                0
              ],
              "orig_size" : [
                6,
                2,
                9
              ],
              "origin" : [
                2,
                24,
                -8
              ]
            }
          ],
          "bind_pose_rotation" : [
            0,
            0,
            5.7000000000000002
          ],
          "name" : "wing0",
          "pivot" : [
            2,
            26,
            -8
          ],
          "parent" : "body"
        },
        {
          "cubes" : [
            {
              "size" : [
                13,
                1,
                9
              ],
              "orig_uv" : [
                58,
                0
              ],
              "render_order" : 23,
              "uv" : [
                58,
                0
              ],
              "orig_size" : [
                13,
                1,
                9
              ],
              "origin" : [
                8,
                25,
                -8
              ]
            }
          ],
          "locators" : {
            "left_wing" : [
              21,
              26,
              0
            ]
          },
          "bind_pose_rotation" : [
            0,
            0,
            5.7000000000000002
          ],
          "name" : "wingtip0",
          "pivot" : [
            8,
            26,
            -8
          ],
          "parent" : "wing0"
        },
        {
          "cubes" : [
            {
              "size" : [
                6,
                2,
                9
              ],
              "orig_uv" : [
                102,
                0
              ],
              "render_order" : 17,
              "uv" : [
                102,
                0
              ],
              "orig_size" : [
                6,
                2,
                9
              ],
              "origin" : [
                -9,
                24,
                -8
              ]
            }
          ],
          "bind_pose_rotation" : [
            0,
            0,
            -5.7000000000000002
          ],
          "pivot" : [
            -3,
            26,
            -8
          ],
          "mirror" : true,
          "name" : "wing1",
          "parent" : "body"
        },
        {
          "mirror" : true,
          "cubes" : [
            {
              "size" : [
                13,
                1,
                9
              ],
              "orig_uv" : [
                132,
                0
              ],
              "render_order" : 23,
              "uv" : [
                132,
                0
              ],
              "orig_size" : [
                13,
                1,
                9
              ],
              "origin" : [
                -22,
                25,
                -8
              ]
            }
          ],
          "parent" : "wing1",
          "locators" : {
            "right_wing" : [
              -22,
              24,
              0
            ]
          },
          "bind_pose_rotation" : [
            0,
            0,
            -5.7000000000000002
          ],
          "pivot" : [
            -9,
            24,
            -8
          ],
          "name" : "wingtip1"
        },
        {
          "cubes" : [
            {
              "size" : [
                8,
                7,
                5
              ],
              "orig_uv" : [
                176,
                0
              ],
              "render_order" : 20,
              "uv" : [
                176,
                0
              ],
              "orig_size" : [
                8,
                7,
                5
              ],
              "origin" : [
                -4.3499999046325684,
                20.700000762939453,
                -12
              ]
            }
          ],
          "bind_pose_rotation" : [
            11.5,
            0,
            0
          ],
          "name" : "head",
          "pivot" : [
            0,
            23,
            -7
          ],
          "parent" : "body"
        },
        {
          "cubes" : [
            {
              "size" : [
                6,
                2,
                15
              ],
              "orig_uv" : [
                202,
                0
              ],
              "render_order" : 23,
              "uv" : [
                202,
                0
              ],
              "orig_size" : [
                6,
                2,
                15
              ],
              "origin" : [
                -3.1500000953674316,
                24,
                0.20000000298023224
              ]
            }
          ],
          "bind_pose_rotation" : [
            0,
            0,
            0
          ],
          "name" : "tail",
          "pivot" : [
            0,
            26,
            1
          ],
          "parent" : "body"
        },
        {
          "cubes" : [

          ],
          "bind_pose_rotation" : [
            0,
            0,
            0
          ],
          "name" : "tailtip",
          "pivot" : [
            0,
            25.5,
            7
          ],
          "parent" : "tail"
        }
      ],
      "description" : {
        "texture_height" : 17,
        "texture_width" : 244,
        "texturewidth" : 244,
        "identifier" : "geometry.glider",
        "textureheight" : 17
      }
    }
  ],
  "format_version" : "1.12.0"
}