{
	"format_version": "1.12.0",
	"minecraft:geometry": [
		{
			"description": {
				"identifier": "geometry.guardian_vex",
				"texture_width": 104,
				"texture_height": 104,
				"visible_bounds_width": 5,
				"visible_bounds_height": 5,
				"visible_bounds_offset": [0, 1.5, 0]
			},
			"bones": [
				{
					"name": "body",
					"pivot": [0, 11, 0],
					"cubes": [
						{"origin": [-3.5, 7, -2], "size": [6, 9, 4], "uv": [17, 63]}
					],
					"locators": {
						"locator": [0, 12, 0]
					}
				},
				{
					"name": "wings",
					"parent": "body",
					"pivot": [-2, 15, 0],
					"cubes": [
						{"origin": [-24, 8, 2.1], "size": [23, 7, 0], "uv": [0, 95]}
					]
				},
				{
					"name": "wings4",
					"parent": "body",
					"pivot": [0, 14, 0],
					"cubes": [
						{"origin": [0, 8, 2.1], "size": [23, 7, 0], "uv": [0, 95], "mirror": true}
					]
				},
				{
					"name": "wings5",
					"parent": "body",
					"pivot": [0, 15, 0],
					"rotation": [0, 0, -20],
					"cubes": [
						{"origin": [0, 8, 2.2], "size": [23, 7, 0], "uv": [0, 95], "mirror": true}
					]
				},
				{
					"name": "wings2",
					"parent": "body",
					"pivot": [-1, 13, 0],
					"rotation": [0, 0, 20],
					"cubes": [
						{"origin": [-24.7, 8, 2.2], "size": [23, 7, 0], "uv": [0, 95]}
					]
				},
				{
					"name": "head",
					"parent": "body",
					"pivot": [-0.5, 15, 0],
					"cubes": [
						{"origin": [-5, 15, -3.5], "size": [9, 7, 7], "uv": [0, 48]},
						{"origin": [-7, 20, -0.5], "size": [4, 6, 0], "uv": [32, 56]},
						{"origin": [2, 20, -0.5], "size": [4, 6, 0], "uv": [32, 56], "mirror": true}
					]
				},
				{
					"name": "arm1",
					"parent": "body",
					"pivot": [2.5, 14, 0],
					"cubes": [
						{"origin": [2.5, 7, -1.5], "size": [3, 8, 3], "uv": [57, 74]}
					]
				},
				{
					"name": "arm2",
					"parent": "body",
					"pivot": [-3.5, 14, 0],
					"cubes": [
						{"origin": [-6.5, 7, -1.5], "size": [3, 8, 3], "uv": [28, 77]}
					]
				},
				{
					"name": "rightItem",
					"parent": "arm2",
					"pivot": [-4, 7, 10]
				},
				{
					"name": "mace",
					"parent": "rightItem",
					"pivot": [-5, 9, 1],
					"rotation": [-45, 180, 0],
					"cubes": [
						{"origin": [-5.5, 6.94975, -0.70711], "size": [1, 1, 1], "uv": [52, 23]},
						{"origin": [-5.5, 7.94975, 0.29289], "size": [1, 1, 1], "uv": [52, 27]},
						{"origin": [-5.5, 7.94975, 1.29289], "size": [1, 1, 1], "uv": [48, 25]},
						{"origin": [-5.5, 8.94975, 1.29289], "size": [1, 1, 1], "uv": [63, 17]},
						{"origin": [-5.5, 8.94975, 0.29289], "size": [1, 1, 1], "uv": [38, 26]},
						{"origin": [-5.5, 9.94975, 1.29289], "size": [1, 1, 1], "uv": [38, 23]},
						{"origin": [-5.5, 10.94975, 2.29289], "size": [1, 1, 1], "uv": [38, 25]},
						{"origin": [-5.5, 9.94975, 2.29289], "size": [1, 1, 1], "uv": [61, 17]},
						{"origin": [-5.5, 10.94975, 3.29289], "size": [1, 1, 1], "uv": [52, 23]},
						{"origin": [-5.5, 11.94975, 3.29289], "size": [1, 1, 1], "uv": [57, 28]},
						{"origin": [-5.5, 12.94975, 5.29289], "size": [1, 1, 1], "uv": [38, 18]},
						{"origin": [-5.5, 11.94975, 4.29289], "size": [1, 1, 1], "uv": [38, 17]},
						{"origin": [-5.5, 10.94975, 4.29289], "size": [1, 1, 1], "uv": [52, 27]},
						{"origin": [-5.5, 11.94975, 5.29289], "size": [1, 1, 1], "uv": [55, 17]},
						{"origin": [-5.5, 12.94975, 6.29289], "size": [1, 1, 1], "uv": [54, 17]},
						{"origin": [-5.5, 12.94975, 4.29289], "size": [1, 1, 1], "uv": [45, 17]},
						{"origin": [-5.5, 13.94975, 5.29289], "size": [1, 1, 1], "uv": [45, 15]},
						{"origin": [-2.5, 15.94975, 8.29289], "size": [1, 1, 1], "uv": [59, 11]},
						{"origin": [-8.5, 15.94975, 8.29289], "size": [1, 1, 1], "uv": [59, 10]},
						{"origin": [-5.5, 18.94975, 8.29289], "size": [1, 1, 1], "uv": [59, 10]},
						{"origin": [-5.5, 12.94975, 8.29289], "size": [1, 1, 1], "uv": [61, 11]},
						{"origin": [-5.5, 15.94975, 11.29289], "size": [1, 1, 1], "uv": [60, 11]},
						{"origin": [-5.5, 15.94975, 5.29289], "size": [1, 1, 1], "uv": [62, 10]},
						{"origin": [-1.5, 15.94975, 8.29289], "size": [1, 1, 1], "uv": [60, 5]},
						{"origin": [-9.5, 15.94975, 8.29289], "size": [1, 1, 1], "uv": [59, 6]},
						{"origin": [-5.5, 15.94975, 12.29289], "size": [1, 1, 1], "uv": [57, 5]},
						{"origin": [-5.5, 15.94975, 4.29289], "size": [1, 1, 1], "uv": [59, 6]},
						{"origin": [-5.5, 19.94975, 8.29289], "size": [1, 1, 1], "uv": [61, 6]},
						{"origin": [-5.5, 11.94975, 8.29289], "size": [1, 1, 1], "uv": [58, 5]},
						{"origin": [-7.5, 13.94975, 6.29289], "size": [5, 5, 5], "uv": [36, 4]},
						{"origin": [-5.5, 8.94975, 2.29289], "size": [1, 1, 1], "uv": [47, 24]},
						{"origin": [-5.5, 9.94975, 3.29289], "size": [1, 1, 1], "uv": [47, 24]},
						{"origin": [-5.5, 7.94975, -0.70711], "size": [1, 1, 1], "uv": [53, 24]},
						{"origin": [-5.5, 6.94975, 0.29289], "size": [1, 1, 1], "uv": [53, 23]}
					]
				},
				{
					"name": "leg1",
					"parent": "body",
					"pivot": [1, 7, 0],
					"cubes": [
						{"origin": [-0.5, 0, -2], "size": [3, 7, 4], "uv": [14, 76]}
					]
				},
				{
					"name": "leg2",
					"parent": "body",
					"pivot": [-2, 7, 0],
					"cubes": [
						{"origin": [-3.5, 0, -2], "size": [3, 7, 4], "uv": [43, 73], "mirror": true}
					]
				}
			]
		}
	]
}