{
  "minecraft:geometry" : [
    {
      "bones" : [
        {
          "cubes" : [
            {
              "origin" : [
                0.25,
                0.30000001192092896,
                -2
              ],
              "orig_uv" : [
                0,
                0
              ],
              "orig_size" : [
                4,
                6,
                4
              ],
              "uv" : [
                0,
                0
              ],
              "size" : [
                4,
                6,
                4
              ],
              "inflate" : 0.69999998807907104,
              "render_order" : 18.199999928474426
            }
          ],
          "mirror" : true,
          "name" : "leftLeg",
          "pivot" : [
            1.8999999999999999,
            12,
            0
          ]
        },
        {
          "cubes" : [
            {
              "origin" : [
                -4.25,
                0.30000001192092896,
                -2
              ],
              "orig_uv" : [
                16,
                0
              ],
              "orig_size" : [
                4,
                6,
                4
              ],
              "uv" : [
                16,
                0
              ],
              "size" : [
                4,
                6,
                4
              ],
              "inflate" : 0.69999998807907104,
              "render_order" : 18.199999928474426
            }
          ],
          "name" : "rightLeg",
          "pivot" : [
            -1.8999999999999999,
            12,
            0
          ]
        }
      ],
      "description" : {
        "visible_bounds_width" : 2,
        "visible_bounds_offset" : [
          0,
          0.5,
          0
        ],
        "visible_bounds_height" : 1,
        "texturewidth" : 32,
        "textureheight" : 10,
        "texture_height" : 10,
        "identifier" : "geometry.mithril_boots",
        "texture_width" : 32
      }
    }
  ],
  "format_version" : "1.12.0"
}