{
  "minecraft:geometry" : [
    {
      "bones" : [
        {
          "cubes" : [
            {
              "orig_uv" : [
                0,
                0
              ],
              "origin" : [
                6,
                24,
                2.5
              ],
              "orig_size" : [
                1,
                6,
                8
              ],
              "rotation" : [
                12,
                30,
                0
              ],
              "uv" : [
                0,
                0
              ],
              "inflate" : 1.2000000476837158,
              "size" : [
                1,
                6,
                8
              ],
              "is_hidden" : false,
              "pivot" : [
                0,
                24,
                0
              ],
              "render_order" : 22.200000286102295
            },
            {
              "orig_uv" : [
                18,
                0
              ],
              "origin" : [
                -4,
                24,
                -4
              ],
              "orig_size" : [
                8,
                8,
                8
              ],
              "uv" : [
                18,
                0
              ],
              "size" : [
                8,
                8,
                8
              ],
              "inflate" : 0.80000001192092896,
              "is_hidden" : false,
              "render_order" : 28.800000071525574
            },
            {
              "orig_uv" : [
                50,
                0
              ],
              "origin" : [
                -3.5999999046325684,
                24,
                2.75
              ],
              "orig_size" : [
                1,
                6,
                8
              ],
              "rotation" : [
                11,
                -35,
                0
              ],
              "uv" : [
                50,
                0
              ],
              "inflate" : 1.2000000476837158,
              "size" : [
                1,
                6,
                8
              ],
              "is_hidden" : false,
              "pivot" : [
                0,
                24,
                0
              ],
              "render_order" : 22.200000286102295
            }
          ],
          "name" : "head",
          "pivot" : [
            0,
            24,
            0
          ]
        }
      ],
      "description" : {
        "visible_bounds_width" : 2,
        "visible_bounds_offset" : [
          0,
          0.5,
          0
        ],
        "visible_bounds_height" : 1,
        "texturewidth" : 68,
        "textureheight" : 16,
        "texture_height" : 16,
        "identifier" : "geometry.mithril_helmet",
        "texture_width" : 68
      }
    }
  ],
  "format_version" : "1.12.0"
}