{
  "minecraft:geometry" : [
    {
      "bones" : [
        {
          "cubes" : [
            {
              "origin" : [
                -4,
                13.699999809265137,
                -2
              ],
              "orig_uv" : [
                0,
                0
              ],
              "orig_size" : [
                8,
                1,
                4
              ],
              "uv" : [
                0,
                0
              ],
              "size" : [
                8,
                1,
                4
              ],
              "inflate" : 0.80000001192092896,
              "render_order" : 17.800000071525574
            },
            {
              "orig_uv" : [
                24,
                0
              ],
              "origin" : [
                -4.5,
                13,
                -2.5
              ],
              "orig_size" : [
                9,
                2,
                5
              ],
              "uv" : [
                24,
                0
              ],
              "size" : [
                9,
                2,
                5
              ],
              "inflate" : 0.59999999999999998,
              "is_hidden" : false,
              "render_order" : 19.600000143051147
            },
            {
              "origin" : [
                -4,
                15.899999618530273,
                -2
              ],
              "orig_uv" : [
                52,
                0
              ],
              "orig_size" : [
                8,
                8,
                4
              ],
              "uv" : [
                52,
                0
              ],
              "size" : [
                8,
                8,
                4
              ],
              "inflate" : 0.59999999999999998,
              "render_order" : 23.600000143051147
            }
          ],
          "name" : "body",
          "pivot" : [
            0,
            24,
            0
          ]
        },
        {
          "cubes" : [
            {
              "orig_uv" : [
                76,
                0
              ],
              "origin" : [
                -8.1999998092651367,
                12,
                -2
              ],
              "orig_size" : [
                3,
                12,
                4
              ],
              "uv" : [
                76,
                0
              ],
              "size" : [
                3,
                12,
                4
              ],
              "inflate" : 0.80000001192092896,
              "is_hidden" : false,
              "render_order" : 23.800000071525574
            }
          ],
          "is_hidden" : false,
          "name" : "rightArm",
          "pivot" : [
            -5,
            22,
            0
          ]
        },
        {
          "cubes" : [
            {
              "orig_uv" : [
                90,
                0
              ],
              "origin" : [
                5.1999998092651367,
                12,
                -2
              ],
              "orig_size" : [
                3,
                12,
                4
              ],
              "uv" : [
                90,
                0
              ],
              "size" : [
                3,
                12,
                4
              ],
              "inflate" : 0.80000001192092896,
              "is_hidden" : false,
              "render_order" : 23.800000071525574
            }
          ],
          "is_hidden" : false,
          "mirror" : true,
          "name" : "leftArm",
          "pivot" : [
            5,
            22,
            0
          ]
        }
      ],
      "description" : {
        "visible_bounds_width" : 2,
        "visible_bounds_offset" : [
          0,
          0.5,
          0
        ],
        "visible_bounds_height" : 1,
        "texturewidth" : 104,
        "textureheight" : 16,
        "texture_height" : 16,
        "identifier" : "geometry.mithril_chestplate",
        "texture_width" : 104
      }
    }
  ],
  "format_version" : "1.12.0"
}