{
  "minecraft:geometry" : [
    {
      "bones" : [
        {
          "cubes" : [
            {
              "pivot" : [
                0,
                14,
                0
              ],
              "rotation" : [
                90,
                0,
                0
              ],
              "size" : [
                12,
                15,
                1
              ],
              "uv" : [
                0,
                0
              ],
              "inflate" : 0.34999999403953552,
              "origin" : [
                -6.6999998092651367,
                6.0500001907348633,
                16.549999237060547
              ]
            },
            {
              "pivot" : [
                0,
                14,
                0
              ],
              "rotation" : [
                90,
                0,
                0
              ],
              "size" : [
                13,
                26,
                9
              ],
              "uv" : [
                26,
                0
              ],
              "inflate" : 1.8999999761581421,
              "origin" : [
                -7.9000000953674316,
                0.20000000298023224,
                -3.2000000476837158
              ]
            },
            {
              "pivot" : [
                0,
                14,
                0
              ],
              "rotation" : [
                90,
                0,
                0
              ],
              "size" : [
                5,
                5,
                5
              ],
              "uv" : [
                70,
                0
              ],
              "inflate" : 1.2000000476837158,
              "origin" : [
                -3.5,
                11.199999809265137,
                16.049999237060547
              ]
            },
            {
              "pivot" : [
                0,
                14,
                0
              ],
              "rotation" : [
                90,
                0,
                0
              ],
              "size" : [
                1,
                13,
                15
              ],
              "uv" : [
                90,
                0
              ],
              "inflate" : 0.34999999403953552,
              "origin" : [
                -1.75,
                7.25,
                12
              ]
            }
          ],
          "name" : "body",
          "pivot" : [
            0,
            14,
            0
          ]
        },
        {
          "cubes" : [
            {
              "rotation" : [
                19,
                -1,
                0
              ],
              "size" : [
                11,
                10,
                9
              ],
              "uv" : [
                122,
                0
              ],
              "origin" : [
                -6.8499999046325684,
                7.25,
                -21
              ],
              "pivot" : [
                0,
                12.5,
                -17
              ]
            }
          ],
          "locators" : {
            "lead" : [
              0,
              14,
              -16
            ]
          },
          "name" : "head",
          "pivot" : [
            0,
            12.5,
            -17
          ],
          "parent" : "body"
        },
        {
          "cubes" : [
            {
              "origin" : [
                2.25,
                0,
                12.75
              ],
              "size" : [
                6,
                9,
                6
              ],
              "uv" : [
                162,
                0
              ]
            },
            {
              "origin" : [
                -10.399999618530273,
                0,
                11.899999618530273
              ],
              "size" : [
                6,
                9,
                6
              ],
              "uv" : [
                186,
                0
              ]
            }
          ],
          "name" : "leg0",
          "pivot" : [
            -5.5,
            9,
            9
          ],
          "parent" : "body"
        },
        {
          "cubes" : [

          ],
          "name" : "leg1",
          "pivot" : [
            5.5,
            9,
            9
          ],
          "parent" : "body"
        },
        {
          "cubes" : [
            {
              "origin" : [
                2.3499999046325684,
                0,
                -12
              ],
              "size" : [
                6,
                9,
                6
              ],
              "uv" : [
                210,
                0
              ]
            },
            {
              "origin" : [
                -11.100000381469727,
                0,
                -12
              ],
              "size" : [
                6,
                9,
                6
              ],
              "uv" : [
                234,
                0
              ]
            }
          ],
          "name" : "leg2",
          "pivot" : [
            -5.5,
            9,
            -9
          ],
          "parent" : "body"
        },
        {
          "cubes" : [

          ],
          "name" : "leg3",
          "pivot" : [
            5.5,
            9,
            -9
          ],
          "parent" : "body"
        }
      ],
      "description" : {
        "visible_bounds_width" : 3,
        "texture_height" : 35,
        "texture_width" : 258,
        "identifier" : "geometry.noxious_immolator",
        "visible_bounds_height" : 2.5,
        "visible_bounds_offset" : [
          0,
          0.75,
          0
        ]
      }
    }
  ],
  "format_version" : "1.12.0"
}