{
  "minecraft:geometry" : [
    {
      "bones" : [
        {
          "parent" : "waist",
          "cubes" : [

          ],
          "name" : "body",
          "pivot" : [
            0,
            24,
            0
          ],
          "rotation" : [
            0,
            0,
            0
          ]
        },
        {
          "cubes" : [

          ],
          "name" : "waist",
          "pivot" : [
            0,
            12,
            0
          ],
          "rotation" : [
            0,
            0,
            0
          ]
        },
        {
          "parent" : "body",
          "cubes" : [
            {
              "size" : [
                8,
                8,
                8
              ],
              "inflate" : 0,
              "origin" : [
                -4,
                17,
                -4
              ],
              "uv" : [
                0,
                0
              ],
              "pivot" : [
                0,
                28,
                0
              ],
              "rotation" : [
                0,
                0,
                0
              ]
            }
          ],
          "name" : "head",
          "pivot" : [
            0,
            24,
            0
          ],
          "rotation" : [
            0,
            0,
            0
          ]
        }
      ],
      "description" : {
        "visible_bounds_offset" : [
          0,
          1,
          0
        ],
        "texture_height" : 16,
        "texture_width" : 32,
        "identifier" : "geometry.noxious_bubble",
        "visible_bounds_width" : 2,
        "visible_bounds_height" : 2
      }
    }
  ],
  "format_version" : "1.12.0"
}