{
  "minecraft:geometry" : [
    {
      "bones" : [
        {
          "cubes" : [
            {
              "orig_uv" : [
                0,
                0
              ],
              "origin" : [
                -6,
                10.234230041503906,
                -8.3500003814697266
              ],
              "orig_size" : [
                12,
                10,
                10
              ],
              "rotation" : [
                82,
                0,
                0
              ],
              "uv" : [
                0,
                0
              ],
              "inflate" : 0.05000000074505806,
              "size" : [
                12,
                10,
                10
              ],
              "is_hidden" : false,
              "pivot" : [
                0,
                19,
                2
              ],
              "render_order" : 32.300000004470348
            },
            {
              "orig_uv" : [
                44,
                0
              ],
              "origin" : [
                -5.5,
                20.200000762939453,
                -8.3500003814697266
              ],
              "orig_size" : [
                11,
                10,
                9
              ],
              "rotation" : [
                93,
                0,
                0
              ],
              "uv" : [
                44,
                0
              ],
              "inflate" : 0,
              "size" : [
                11,
                10,
                9
              ],
              "is_hidden" : false,
              "pivot" : [
                0,
                19,
                2
              ],
              "render_order" : 30
            }
          ],
          "is_hidden" : false,
          "name" : "body",
          "pivot" : [
            0,
            19,
            2
          ]
        },
        {
          "cubes" : [
            {
              "orig_uv" : [
                84,
                0
              ],
              "orig_size" : [
                8,
                8,
                8
              ],
              "origin" : [
                -4,
                10.850000381469727,
                -14
              ],
              "uv" : [
                84,
                0
              ],
              "size" : [
                8,
                8,
                8
              ],
              "is_hidden" : false,
              "render_order" : 24
            },
            {
              "orig_uv" : [
                116,
                0
              ],
              "rotation" : [
                180,
                0,
                137
              ],
              "orig_size" : [
                2,
                4,
                2
              ],
              "origin" : [
                5.5999999046325684,
                22.549999237060547,
                -7.3499999046325684
              ],
              "uv" : [
                116,
                0
              ],
              "size" : [
                2,
                4,
                2
              ],
              "is_hidden" : false,
              "pivot" : [
                0,
                20,
                -8
              ],
              "render_order" : 8
            },
            {
              "orig_uv" : [
                124,
                0
              ],
              "rotation" : [
                180,
                -180,
                -107
              ],
              "orig_size" : [
                2,
                4,
                3
              ],
              "origin" : [
                3.75,
                22.399999618530273,
                -10.850000381469727
              ],
              "uv" : [
                124,
                0
              ],
              "size" : [
                2,
                4,
                3
              ],
              "is_hidden" : false,
              "pivot" : [
                0,
                20,
                -8
              ],
              "render_order" : 9
            },
            {
              "orig_uv" : [
                134,
                0
              ],
              "rotation" : [
                180,
                -180,
                107
              ],
              "orig_size" : [
                2,
                4,
                3
              ],
              "origin" : [
                -5.4000000953674316,
                22.399999618530273,
                -10.850000381469727
              ],
              "uv" : [
                134,
                0
              ],
              "size" : [
                2,
                4,
                3
              ],
              "is_hidden" : false,
              "pivot" : [
                0,
                20,
                -8
              ],
              "render_order" : 9
            },
            {
              "orig_uv" : [
                144,
                0
              ],
              "rotation" : [
                180,
                0,
                -137
              ],
              "orig_size" : [
                2,
                4,
                2
              ],
              "origin" : [
                -7.8499999046325684,
                22.549999237060547,
                -7.3499999046325684
              ],
              "uv" : [
                144,
                0
              ],
              "size" : [
                2,
                4,
                2
              ],
              "is_hidden" : false,
              "pivot" : [
                0,
                20,
                -8
              ],
              "render_order" : 8
            },
            {
              "orig_uv" : [
                152,
                0
              ],
              "origin" : [
                -0.5,
                15.649999618530273,
                -17.600000381469727
              ],
              "orig_size" : [
                1,
                4,
                1
              ],
              "rotation" : [
                13,
                0,
                0
              ],
              "uv" : [
                152,
                0
              ],
              "inflate" : 0,
              "size" : [
                1,
                4,
                1
              ],
              "is_hidden" : false,
              "pivot" : [
                0,
                20,
                -8
              ],
              "render_order" : 6
            },
            {
              "orig_uv" : [
                156,
                0
              ],
              "orig_size" : [
                5,
                5,
                3
              ],
              "origin" : [
                -2.5,
                10.850000381469727,
                -16.75
              ],
              "uv" : [
                156,
                0
              ],
              "size" : [
                5,
                5,
                3
              ],
              "is_hidden" : false,
              "render_order" : 13
            }
          ],
          "locators" : {
            "lead" : [
              0,
              20,
              -8
            ]
          },
          "is_hidden" : false,
          "name" : "head",
          "pivot" : [
            0,
            20,
            -8
          ],
          "parent" : "body"
        },
        {
          "cubes" : [
            {
              "size" : [
                4,
                12,
                4
              ],
              "orig_uv" : [
                172,
                0
              ],
              "render_order" : 20,
              "uv" : [
                172,
                0
              ],
              "orig_size" : [
                4,
                12,
                4
              ],
              "origin" : [
                -6,
                0,
                5
              ]
            }
          ],
          "name" : "leg0",
          "pivot" : [
            -4,
            12,
            7
          ],
          "parent" : "body"
        },
        {
          "cubes" : [
            {
              "size" : [
                4,
                12,
                4
              ],
              "orig_uv" : [
                188,
                0
              ],
              "render_order" : 20,
              "uv" : [
                188,
                0
              ],
              "orig_size" : [
                4,
                12,
                4
              ],
              "origin" : [
                2,
                0,
                5
              ]
            }
          ],
          "pivot" : [
            4,
            12,
            7
          ],
          "mirror" : true,
          "name" : "leg1",
          "parent" : "body"
        },
        {
          "cubes" : [
            {
              "size" : [
                4,
                12,
                4
              ],
              "orig_uv" : [
                204,
                0
              ],
              "render_order" : 20,
              "uv" : [
                204,
                0
              ],
              "orig_size" : [
                4,
                12,
                4
              ],
              "origin" : [
                -6,
                0,
                -7
              ]
            }
          ],
          "name" : "leg2",
          "pivot" : [
            -4,
            12,
            -6
          ],
          "parent" : "body"
        },
        {
          "cubes" : [
            {
              "size" : [
                4,
                12,
                4
              ],
              "orig_uv" : [
                220,
                0
              ],
              "render_order" : 20,
              "uv" : [
                220,
                0
              ],
              "orig_size" : [
                4,
                12,
                4
              ],
              "origin" : [
                2,
                0,
                -7
              ]
            }
          ],
          "pivot" : [
            4,
            12,
            -6
          ],
          "mirror" : true,
          "name" : "leg3",
          "parent" : "body"
        }
      ],
      "description" : {
        "visible_bounds_width" : 3,
        "texture_height" : 20,
        "texture_width" : 236,
        "identifier" : "geometry.orx",
        "visible_bounds_height" : 3.125,
        "visible_bounds_offset" : [
          0,
          1.4375,
          0
        ]
      }
    }
  ],
  "format_version" : "1.12.0"
}