{
  "minecraft:geometry" : [
    {
      "bones" : [
        {
          "cubes" : [

          ],
          "name" : "root",
          "pivot" : [
            0,
            0,
            0
          ],
          "rotation" : [
            0,
            0,
            0
          ]
        },
        {
          "cubes" : [

          ],
          "rotation" : [
            0,
            0,
            0
          ],
          "name" : "waist",
          "pivot" : [
            0,
            12,
            0
          ],
          "parent" : "root"
        },
        {
          "cubes" : [

          ],
          "rotation" : [
            0,
            0,
            0
          ],
          "name" : "body",
          "pivot" : [
            0,
            24,
            0
          ],
          "parent" : "waist"
        },
        {
          "cubes" : [

          ],
          "rotation" : [
            0,
            0,
            0
          ],
          "name" : "rightarm",
          "pivot" : [
            -5,
            22,
            0
          ],
          "parent" : "body"
        },
        {
          "cubes" : [
            {
              "pivot" : [
                -5,
                13,
                2.5
              ],
              "rotation" : [
                0,
                0,
                0
              ],
              "size" : [
                2,
                4,
                5
              ],
              "uv" : [
                0,
                0
              ],
              "inflate" : 0,
              "origin" : [
                -6,
                11,
                0
              ]
            },
            {
              "pivot" : [
                -5,
                17,
                5.5
              ],
              "rotation" : [
                0,
                0,
                0
              ],
              "size" : [
                4,
                4,
                13
              ],
              "uv" : [
                14,
                0
              ],
              "inflate" : 0,
              "origin" : [
                -7,
                15,
                -1
              ]
            },
            {
              "pivot" : [
                -2.5,
                17,
                2
              ],
              "rotation" : [
                0,
                0,
                0
              ],
              "size" : [
                1,
                1,
                6
              ],
              "uv" : [
                48,
                0
              ],
              "inflate" : 0,
              "origin" : [
                -3,
                16.5,
                -1
              ]
            },
            {
              "pivot" : [
                -7.5,
                17,
                2
              ],
              "rotation" : [
                0,
                0,
                0
              ],
              "size" : [
                1,
                1,
                6
              ],
              "uv" : [
                62,
                0
              ],
              "inflate" : 0,
              "origin" : [
                -8,
                16.5,
                -1
              ]
            },
            {
              "pivot" : [
                -5,
                19.5,
                11
              ],
              "rotation" : [
                0,
                0,
                0
              ],
              "size" : [
                1,
                1,
                1
              ],
              "uv" : [
                76,
                0
              ],
              "inflate" : 0,
              "origin" : [
                -5.5,
                19,
                6.5
              ]
            },
            {
              "pivot" : [
                -5,
                19.5,
                11
              ],
              "rotation" : [
                0,
                0,
                0
              ],
              "size" : [
                1,
                1,
                1
              ],
              "uv" : [
                80,
                0
              ],
              "inflate" : 0,
              "origin" : [
                -5.5,
                19,
                -0.5
              ]
            },
            {
              "pivot" : [
                -5,
                19.5,
                11
              ],
              "rotation" : [
                0,
                0,
                0
              ],
              "size" : [
                1,
                1,
                1
              ],
              "uv" : [
                84,
                0
              ],
              "inflate" : 0,
              "origin" : [
                -5.5,
                14,
                5
              ]
            }
          ],
          "rotation" : [
            -45,
            180,
            0
          ],
          "name" : "gun",
          "pivot" : [
            -5,
            11,
            0
          ],
          "parent" : "rightarm"
        }
      ],
      "description" : {
        "visible_bounds_width" : 3,
        "texture_height" : 17,
        "texture_width" : 88,
        "identifier" : "geometry.pearl_shooter",
        "visible_bounds_height" : 2.5,
        "visible_bounds_offset" : [
          0,
          0.75,
          0
        ]
      }
    }
  ],
  "format_version" : "1.12.0"
}