{
  "format_version" : "1.12.0",
  "minecraft:geometry" : [
    {
      "bones" : [
        {
          "cubes" : [
            {
              "size" : [
                4,
                4,
                4
              ],
              "uv" : [
                0,
                0
              ],
              "inflate" : 0,
              "origin" : [
                -2,
                -2,
                -2
              ],
              "pivot" : [
                0,
                0,
                0
              ],
              "rotation" : [
                0,
                0,
                0
              ]
            },
            {
              "size" : [
                4,
                4,
                4
              ],
              "uv" : [
                16,
                0
              ],
              "inflate" : -0.40999999083578581,
              "origin" : [
                -2,
                -2,
                -5.5
              ],
              "pivot" : [
                0,
                0,
                0
              ],
              "rotation" : [
                0,
                0,
                0
              ]
            },
            {
              "size" : [
                4,
                4,
                4
              ],
              "uv" : [
                32,
                0
              ],
              "inflate" : -1.0399999767541885,
              "origin" : [
                -2,
                -2,
                -8
              ],
              "pivot" : [
                0,
                0,
                0
              ],
              "rotation" : [
                0,
                0,
                0
              ]
            },
            {
              "size" : [
                4,
                4,
                4
              ],
              "uv" : [
                48,
                0
              ],
              "inflate" : -1.6799999624490736,
              "origin" : [
                -2,
                -2,
                -9
              ],
              "pivot" : [
                0,
                0,
                0
              ],
              "rotation" : [
                0,
                0,
                0
              ]
            }
          ],
          "name" : "main",
          "pivot" : [
            0,
            0,
            0
          ],
          "rotation" : [
            0,
            0,
            0
          ]
        }
      ],
      "description" : {
        "visible_bounds_offset" : [
          0,
          0.25,
          0
        ],
        "texture_height" : 8,
        "texture_width" : 64,
        "identifier" : "geometry.pearl_shard",
        "visible_bounds_width" : 2,
        "visible_bounds_height" : 1.5
      }
    }
  ]
}