{
  "minecraft:geometry" : [
    {
      "bones" : [
        {
          "cubes" : [
            {
              "origin" : [
                -5.8499999046325684,
                7.5,
                -6
              ],
              "size" : [
                12,
                14,
                11
              ],
              "uv" : [
                0,
                0
              ]
            },
            {
              "origin" : [
                -3.9500000476837158,
                20.700000762939453,
                3.5499999523162842
              ],
              "size" : [
                1,
                4,
                1
              ],
              "uv" : [
                46,
                0
              ]
            },
            {
              "origin" : [
                3.5499999523162842,
                20.700000762939453,
                3.7000000476837158
              ],
              "size" : [
                1,
                4,
                1
              ],
              "uv" : [
                50,
                0
              ]
            },
            {
              "origin" : [
                -0.94999998807907104,
                20.700000762939453,
                1.5499999523162842
              ],
              "size" : [
                1,
                4,
                1
              ],
              "uv" : [
                54,
                0
              ]
            },
            {
              "rotation" : [
                -16,
                0,
                0
              ],
              "size" : [
                1,
                4,
                1
              ],
              "uv" : [
                58,
                0
              ],
              "origin" : [
                -0.80000001192092896,
                20.700000762939453,
                7.4000000953674316
              ],
              "pivot" : [
                0,
                31,
                0
              ]
            },
            {
              "rotation" : [
                -16,
                0,
                0
              ],
              "size" : [
                1,
                4,
                1
              ],
              "uv" : [
                62,
                0
              ],
              "origin" : [
                3.9000000953674316,
                19.25,
                7.6999998092651367
              ],
              "pivot" : [
                0,
                31,
                0
              ]
            },
            {
              "rotation" : [
                -16,
                0,
                0
              ],
              "size" : [
                1,
                4,
                1
              ],
              "uv" : [
                66,
                0
              ],
              "origin" : [
                -4.75,
                19.25,
                7.6999998092651367
              ],
              "pivot" : [
                0,
                31,
                0
              ]
            }
          ],
          "name" : "body",
          "pivot" : [
            0,
            31,
            0
          ]
        },
        {
          "cubes" : [
            {
              "origin" : [
                -2.7999999523162842,
                15.199999809265137,
                -10.600000381469727
              ],
              "size" : [
                6,
                6,
                5
              ],
              "uv" : [
                70,
                0
              ]
            },
            {
              "origin" : [
                -0.20000000298023224,
                20.549999237060547,
                -8.3500003814697266
              ],
              "size" : [
                1,
                6,
                1
              ],
              "uv" : [
                92,
                0
              ]
            },
            {
              "origin" : [
                -2.4000000953674316,
                17.75,
                -9.75
              ],
              "size" : [
                1,
                6,
                1
              ],
              "uv" : [
                96,
                0
              ]
            },
            {
              "rotation" : [
                -17,
                0,
                0
              ],
              "size" : [
                1,
                6,
                1
              ],
              "uv" : [
                100,
                0
              ],
              "origin" : [
                1.4500000476837158,
                16.899999618530273,
                -5.75
              ],
              "pivot" : [
                0,
                31,
                -2
              ]
            }
          ],
          "locators" : {
            "lead" : [
              0,
              31,
              -2
            ]
          },
          "name" : "head",
          "pivot" : [
            0,
            31,
            -2
          ],
          "parent" : "body"
        },
        {
          "cubes" : [
            {
              "origin" : [
                -9.1000003814697266,
                3.5,
                -3
              ],
              "size" : [
                4,
                17,
                6
              ],
              "uv" : [
                104,
                0
              ]
            }
          ],
          "name" : "arm0",
          "pivot" : [
            0,
            31,
            0
          ],
          "parent" : "body"
        },
        {
          "cubes" : [
            {
              "origin" : [
                5.3499999046325684,
                3.5,
                -3
              ],
              "size" : [
                4,
                17,
                6
              ],
              "uv" : [
                124,
                0
              ]
            }
          ],
          "name" : "arm1",
          "pivot" : [
            0,
            31,
            0
          ],
          "parent" : "body"
        },
        {
          "cubes" : [
            {
              "origin" : [
                -4.5500001907348633,
                0,
                -3
              ],
              "size" : [
                3,
                8,
                5
              ],
              "uv" : [
                144,
                0
              ]
            }
          ],
          "name" : "leg0",
          "pivot" : [
            -4,
            13,
            0
          ],
          "parent" : "body"
        },
        {
          "cubes" : [
            {
              "origin" : [
                1.5,
                0,
                -3
              ],
              "size" : [
                3,
                8,
                5
              ],
              "uv" : [
                160,
                0
              ]
            }
          ],
          "pivot" : [
            5,
            13,
            0
          ],
          "mirror" : true,
          "name" : "leg1",
          "parent" : "body"
        }
      ],
      "description" : {
        "visible_bounds_width" : 3,
        "visible_bounds_offset" : [
          0,
          1.5,
          0
        ],
        "visible_bounds_height" : 3,
        "texturewidth" : 176,
        "textureheight" : 25,
        "texture_height" : 25,
        "identifier" : "geometry.pearl_golem",
        "texture_width" : 176
      }
    }
  ],
  "format_version" : "1.12.0"
}