{
  "minecraft:geometry" : [
    {
      "bones" : [
        {
          "cubes" : [
            {
              "origin" : [
                -2,
                0,
                -4.4000000000000004
              ],
              "size" : [
                4,
                3,
                2
              ],
              "uv" : [
                0,
                0
              ]
            }
          ],
          "name" : "section_0",
          "pivot" : [
            0,
            0,
            0
          ],
          "parent" : "section_2"
        },
        {
          "cubes" : [
            {
              "origin" : [
                -2,
                0,
                -2.3999999999999999
              ],
              "size" : [
                4,
                4,
                5
              ],
              "uv" : [
                12,
                0
              ]
            },
            {
              "origin" : [
                -3.5499999523162842,
                0,
                -2.3999999999999999
              ],
              "size" : [
                7,
                1,
                5
              ],
              "uv" : [
                30,
                0
              ]
            }
          ],
          "name" : "section_1",
          "pivot" : [
            0,
            0,
            0
          ],
          "parent" : "section_2"
        },
        {
          "cubes" : [
            {
              "origin" : [
                -2,
                0,
                2.5499999523162842
              ],
              "size" : [
                4,
                3,
                6
              ],
              "uv" : [
                54,
                0
              ]
            }
          ],
          "name" : "section_2",
          "pivot" : [
            0,
            0,
            2.5
          ]
        },
        {
          "cubes" : [
            {
              "origin" : [
                -1.5499999523162842,
                0,
                8.1999998092651367
              ],
              "size" : [
                3,
                2,
                3
              ],
              "uv" : [
                74,
                0
              ]
            }
          ],
          "name" : "section_3",
          "pivot" : [
            0,
            0,
            0
          ],
          "parent" : "section_2"
        }
      ],
      "description" : {
        "texture_height" : 9,
        "texture_width" : 86,
        "texturewidth" : 86,
        "identifier" : "geometry.pest",
        "textureheight" : 9
      }
    }
  ],
  "format_version" : "1.12.0"
}