{
  "minecraft:geometry" : [
    {
      "bones" : [
        {
          "cubes" : [
            {
              "pivot" : [
                0,
                19,
                2
              ],
              "rotation" : [
                90,
                0,
                0
              ],
              "size" : [
                4,
                14,
                10
              ],
              "uv" : [
                0,
                0
              ],
              "inflate" : -0.15000000596046448,
              "origin" : [
                0.20000000298023224,
                13,
                -0.34999999403953552
              ]
            },
            {
              "rotation" : [
                90,
                0,
                0
              ],
              "size" : [
                7,
                10,
                1
              ],
              "uv" : [
                28,
                0
              ],
              "origin" : [
                -4.9000000953674316,
                11,
                -10
              ],
              "pivot" : [
                0,
                19,
                2
              ]
            },
            {
              "rotation" : [
                90,
                0,
                0
              ],
              "size" : [
                15,
                18,
                15
              ],
              "uv" : [
                44,
                0
              ],
              "origin" : [
                -8.8999996185302734,
                11,
                -9.6000003814697266
              ],
              "pivot" : [
                0,
                19,
                2
              ]
            },
            {
              "pivot" : [
                0,
                19,
                2
              ],
              "rotation" : [
                90,
                0,
                0
              ],
              "size" : [
                4,
                14,
                10
              ],
              "uv" : [
                104,
                0
              ],
              "inflate" : -0.15000000596046448,
              "origin" : [
                -7.0500001907348633,
                13,
                -0.34999999403953552
              ]
            }
          ],
          "name" : "body",
          "pivot" : [
            0,
            19,
            2
          ]
        },
        {
          "cubes" : [
            {
              "size" : [
                8,
                1,
                6
              ],
              "uv" : [
                132,
                0
              ],
              "inflate" : 0.34999999403953552,
              "origin" : [
                -5.25,
                7.25,
                -14
              ]
            },
            {
              "pivot" : [
                0,
                20,
                -8
              ],
              "rotation" : [
                0,
                90,
                0
              ],
              "size" : [
                2,
                4,
                4
              ],
              "uv" : [
                160,
                0
              ],
              "inflate" : -0.15000000596046448,
              "origin" : [
                5.5,
                10.25,
                -11.25
              ]
            },
            {
              "origin" : [
                -6.0999999046325684,
                9.6999998092651367,
                -14.5
              ],
              "size" : [
                1,
                6,
                7
              ],
              "uv" : [
                172,
                0
              ]
            },
            {
              "size" : [
                1,
                2,
                3
              ],
              "uv" : [
                188,
                0
              ],
              "inflate" : 0.05000000074505806,
              "origin" : [
                2.75,
                9.75,
                -17.25
              ]
            },
            {
              "size" : [
                1,
                2,
                3
              ],
              "uv" : [
                196,
                0
              ],
              "inflate" : 0.05000000074505806,
              "origin" : [
                -6.0999999046325684,
                9.75,
                -17.25
              ]
            },
            {
              "origin" : [
                2.75,
                9.6999998092651367,
                -14.5
              ],
              "size" : [
                1,
                6,
                7
              ],
              "uv" : [
                204,
                0
              ]
            },
            {
              "origin" : [
                -5.25,
                7.5,
                -14
              ],
              "size" : [
                8,
                8,
                6
              ],
              "uv" : [
                220,
                0
              ]
            }
          ],
          "locators" : {
            "lead" : [
              0,
              20,
              -8
            ]
          },
          "name" : "head",
          "pivot" : [
            0,
            15,
            -8
          ],
          "parent" : "body"
        },
        {
          "cubes" : [
            {
              "origin" : [
                -9.8832387924194336,
                0,
                5
              ],
              "size" : [
                4,
                9,
                4
              ],
              "uv" : [
                248,
                0
              ]
            }
          ],
          "name" : "leg0",
          "pivot" : [
            -7,
            12,
            7
          ],
          "parent" : "body"
        },
        {
          "cubes" : [
            {
              "origin" : [
                3.2000000476837158,
                0,
                5
              ],
              "size" : [
                4,
                9,
                4
              ],
              "uv" : [
                264,
                0
              ]
            }
          ],
          "pivot" : [
            4,
            12,
            7
          ],
          "mirror" : true,
          "name" : "leg1",
          "parent" : "body"
        },
        {
          "cubes" : [
            {
              "origin" : [
                -9.8500003814697266,
                0,
                -7
              ],
              "size" : [
                4,
                15,
                4
              ],
              "uv" : [
                280,
                0
              ]
            }
          ],
          "name" : "leg2",
          "pivot" : [
            -7,
            12,
            -6
          ],
          "parent" : "body"
        },
        {
          "cubes" : [
            {
              "origin" : [
                3,
                0,
                -7
              ],
              "size" : [
                4,
                15,
                4
              ],
              "uv" : [
                296,
                0
              ]
            }
          ],
          "pivot" : [
            4,
            12,
            -6
          ],
          "mirror" : true,
          "name" : "leg3",
          "parent" : "body"
        }
      ],
      "description" : {
        "visible_bounds_width" : 3,
        "texture_height" : 33,
        "texture_width" : 312,
        "identifier" : "geometry.roxen",
        "visible_bounds_height" : 3.125,
        "visible_bounds_offset" : [
          0,
          1.4375,
          0
        ]
      }
    }
  ],
  "format_version" : "1.12.0"
}