{
  "minecraft:geometry" : [
    {
      "bones" : [
        {
          "cubes" : [
            {
              "origin" : [
                -2.3499999046325684,
                0.55000001192092896,
                0.75
              ],
              "size" : [
                1,
                4,
                1
              ],
              "uv" : [
                0,
                0
              ]
            },
            {
              "rotation" : [
                26,
                0,
                0
              ],
              "size" : [
                1,
                2,
                2
              ],
              "uv" : [
                4,
                0
              ],
              "origin" : [
                1.25,
                -1.25,
                -0.60000002384185791
              ],
              "pivot" : [
                0.5,
                5,
                0
              ]
            },
            {
              "origin" : [
                1.25,
                0.55000001192092896,
                0.75
              ],
              "size" : [
                1,
                4,
                1
              ],
              "uv" : [
                10,
                0
              ]
            },
            {
              "rotation" : [
                26,
                0,
                0
              ],
              "size" : [
                1,
                2,
                2
              ],
              "uv" : [
                14,
                0
              ],
              "origin" : [
                1.25,
                2.75,
                -5.5999999046325684
              ],
              "pivot" : [
                0.5,
                5,
                0
              ]
            },
            {
              "rotation" : [
                26,
                0,
                0
              ],
              "size" : [
                1,
                2,
                2
              ],
              "uv" : [
                20,
                0
              ],
              "origin" : [
                -2.4000000953674316,
                -1.25,
                -0.60000002384185791
              ],
              "pivot" : [
                0.5,
                5,
                0
              ]
            },
            {
              "rotation" : [
                26,
                0,
                0
              ],
              "size" : [
                1,
                2,
                2
              ],
              "uv" : [
                26,
                0
              ],
              "origin" : [
                -2.7000000476837158,
                2.75,
                -5.5999999046325684
              ],
              "pivot" : [
                0.5,
                5,
                0
              ]
            },
            {
              "pivot" : [
                0.5,
                5,
                0
              ],
              "rotation" : [
                30,
                -24,
                25
              ],
              "size" : [
                6,
                1,
                7
              ],
              "uv" : [
                32,
                0
              ],
              "inflate" : -1.1499999761581421,
              "origin" : [
                -6.5500001907348633,
                4.5500001907348633,
                2.4000000953674316
              ]
            },
            {
              "rotation" : [
                29,
                23,
                -19
              ],
              "size" : [
                6,
                1,
                7
              ],
              "uv" : [
                58,
                0
              ],
              "origin" : [
                3.5499999523162842,
                7.25,
                -0.25
              ],
              "pivot" : [
                0.5,
                5,
                0
              ]
            },
            {
              "origin" : [
                -0.64999997615814209,
                4.6999998092651367,
                -9.8500003814697266
              ],
              "size" : [
                1,
                1,
                7
              ],
              "uv" : [
                84,
                0
              ]
            },
            {
              "origin" : [
                -3,
                3.2000000476837158,
                -5
              ],
              "size" : [
                6,
                5,
                10
              ],
              "uv" : [
                100,
                0
              ]
            },
            {
              "pivot" : [
                0.5,
                5,
                0
              ],
              "rotation" : [
                29,
                23,
                -19
              ],
              "size" : [
                6,
                1,
                7
              ],
              "uv" : [
                132,
                0
              ],
              "inflate" : -1.1499999761581421,
              "origin" : [
                0.5,
                4.6999998092651367,
                2.4000000953674316
              ]
            },
            {
              "rotation" : [
                30,
                -24,
                25
              ],
              "size" : [
                6,
                1,
                7
              ],
              "uv" : [
                158,
                0
              ],
              "origin" : [
                -9.5500001907348633,
                6.1999998092651367,
                0
              ],
              "pivot" : [
                0.5,
                5,
                0
              ]
            }
          ],
          "locators" : {
            "lead" : [
              0,
              4,
              -1
            ]
          },
          "name" : "body",
          "pivot" : [
            0.5,
            5,
            0
          ]
        },
        {
          "cubes" : [

          ],
          "name" : "stinger",
          "pivot" : [
            0.5,
            6,
            1
          ],
          "parent" : "body"
        },
        {
          "cubes" : [

          ],
          "rotation" : [
            15,
            -15,
            0
          ],
          "name" : "rightwing_bone",
          "pivot" : [
            -1,
            9,
            -3
          ],
          "parent" : "body"
        },
        {
          "cubes" : [

          ],
          "rotation" : [
            15,
            15,
            0
          ],
          "name" : "leftwing_bone",
          "pivot" : [
            2,
            9,
            -3
          ],
          "parent" : "body"
        },
        {
          "cubes" : [

          ],
          "name" : "leg_front",
          "pivot" : [
            2,
            2,
            -2
          ],
          "parent" : "body"
        },
        {
          "cubes" : [

          ],
          "name" : "leg_mid",
          "pivot" : [
            2,
            2,
            0
          ],
          "parent" : "body"
        },
        {
          "cubes" : [

          ],
          "name" : "leg_back",
          "pivot" : [
            2,
            2,
            2
          ],
          "parent" : "body"
        }
      ],
      "description" : {
        "visible_bounds_width" : 1.5,
        "visible_bounds_offset" : [
          0,
          0.25,
          0
        ],
        "visible_bounds_height" : 1.5,
        "texturewidth" : 184,
        "textureheight" : 15,
        "texture_height" : 15,
        "identifier" : "geometry.shroomlight_bug",
        "texture_width" : 184
      }
    }
  ],
  "format_version" : "1.12.0"
}