{
  "minecraft:geometry" : [
    {
      "bones" : [
        {
          "cubes" : [
            {
              "pivot" : [
                0,
                13,
                2
              ],
              "rotation" : [
                90,
                0,
                0
              ],
              "size" : [
                11,
                14,
                7
              ],
              "uv" : [
                0,
                0
              ],
              "inflate" : 0,
              "origin" : [
                -5,
                5.5,
                -7.5
              ]
            },
            {
              "pivot" : [
                0,
                13,
                2
              ],
              "rotation" : [
                90,
                0,
                9
              ],
              "size" : [
                1,
                3,
                5
              ],
              "uv" : [
                36,
                0
              ],
              "inflate" : 0,
              "origin" : [
                -5,
                11.5,
                -8
              ]
            },
            {
              "pivot" : [
                0,
                13,
                2
              ],
              "rotation" : [
                90,
                2,
                -9
              ],
              "size" : [
                1,
                3,
                5
              ],
              "uv" : [
                48,
                0
              ],
              "inflate" : 0,
              "origin" : [
                5,
                11.5,
                -8
              ]
            },
            {
              "pivot" : [
                0,
                13,
                2
              ],
              "rotation" : [
                90,
                0,
                0
              ],
              "size" : [
                11,
                1,
                8
              ],
              "uv" : [
                60,
                0
              ],
              "inflate" : 0,
              "origin" : [
                -5,
                14,
                -2.5
              ]
            },
            {
              "pivot" : [
                0,
                13,
                2
              ],
              "rotation" : [
                90,
                0,
                0
              ],
              "size" : [
                11,
                1,
                8
              ],
              "uv" : [
                98,
                0
              ],
              "inflate" : 0,
              "origin" : [
                -5,
                10,
                -2
              ]
            },
            {
              "pivot" : [
                0,
                13,
                2
              ],
              "rotation" : [
                90,
                0,
                0
              ],
              "size" : [
                11,
                1,
                8
              ],
              "uv" : [
                136,
                0
              ],
              "inflate" : 0,
              "origin" : [
                -5,
                6.5,
                -2.5
              ]
            }
          ],
          "name" : "body",
          "pivot" : [
            0,
            13,
            2
          ],
          "rotation" : [
            0,
            0,
            0
          ]
        },
        {
          "cubes" : [
            {
              "pivot" : [
                -3,
                3,
                7
              ],
              "rotation" : [
                0,
                0,
                0
              ],
              "size" : [
                4,
                4,
                4
              ],
              "uv" : [
                174,
                0
              ],
              "inflate" : 0,
              "origin" : [
                -5,
                0,
                5
              ]
            }
          ],
          "rotation" : [
            0,
            0,
            0
          ],
          "name" : "leg0",
          "pivot" : [
            -3,
            6,
            7
          ],
          "parent" : "body"
        },
        {
          "cubes" : [
            {
              "pivot" : [
                3,
                3,
                7
              ],
              "rotation" : [
                0,
                0,
                0
              ],
              "size" : [
                4,
                4,
                4
              ],
              "uv" : [
                190,
                0
              ],
              "inflate" : 0,
              "origin" : [
                2,
                0,
                5
              ]
            }
          ],
          "pivot" : [
            3,
            6,
            7
          ],
          "rotation" : [
            0,
            0,
            0
          ],
          "mirror" : true,
          "name" : "leg1",
          "parent" : "body"
        },
        {
          "cubes" : [
            {
              "pivot" : [
                -3,
                3,
                -5
              ],
              "rotation" : [
                0,
                0,
                0
              ],
              "size" : [
                4,
                4,
                4
              ],
              "uv" : [
                206,
                0
              ],
              "inflate" : 0,
              "origin" : [
                -5,
                0,
                -1
              ]
            }
          ],
          "rotation" : [
            0,
            0,
            0
          ],
          "name" : "leg2",
          "pivot" : [
            -3,
            6,
            -5
          ],
          "parent" : "body"
        },
        {
          "cubes" : [
            {
              "pivot" : [
                3,
                3,
                -5
              ],
              "rotation" : [
                0,
                0,
                0
              ],
              "size" : [
                4,
                4,
                4
              ],
              "uv" : [
                222,
                0
              ],
              "inflate" : 0,
              "origin" : [
                2,
                0,
                -1
              ]
            }
          ],
          "pivot" : [
            3,
            6,
            -5
          ],
          "rotation" : [
            0,
            0,
            0
          ],
          "mirror" : true,
          "name" : "leg3",
          "parent" : "body"
        }
      ],
      "description" : {
        "visible_bounds_width" : 3,
        "texture_height" : 21,
        "texture_width" : 238,
        "identifier" : "geometry.snare",
        "visible_bounds_height" : 2.25,
        "visible_bounds_offset" : [
          0,
          0.875,
          0
        ]
      }
    }
  ],
  "format_version" : "1.12.0"
}