{
  "minecraft:geometry" : [
    {
      "bones" : [
        {
          "cubes" : [
            {
              "size" : [
                6,
                6,
                6
              ],
              "inflate" : 0,
              "origin" : [
                -3,
                3.5,
                -2.5
              ],
              "uv" : [
                0,
                0
              ],
              "pivot" : [
                0,
                4.5,
                -1
              ],
              "rotation" : [
                97,
                0,
                0
              ]
            },
            {
              "size" : [
                5,
                5,
                5
              ],
              "inflate" : 0,
              "origin" : [
                -2.5,
                -0.5,
                -2.5
              ],
              "uv" : [
                24,
                0
              ],
              "pivot" : [
                0,
                4.5,
                -1
              ],
              "rotation" : [
                80,
                0,
                0
              ]
            },
            {
              "size" : [
                3,
                5,
                3
              ],
              "inflate" : 0,
              "origin" : [
                -1.5,
                -5.5,
                -2
              ],
              "uv" : [
                44,
                0
              ],
              "pivot" : [
                0,
                4.5,
                -1
              ],
              "rotation" : [
                86,
                0,
                0
              ]
            },
            {
              "size" : [
                2,
                5,
                2
              ],
              "inflate" : 0,
              "origin" : [
                -1,
                -10,
                -3
              ],
              "uv" : [
                56,
                0
              ],
              "pivot" : [
                0,
                4.5,
                -1
              ],
              "rotation" : [
                95,
                0,
                0
              ]
            },
            {
              "size" : [
                3,
                4,
                3
              ],
              "inflate" : 0,
              "origin" : [
                -1.5,
                -8,
                -13.5
              ],
              "uv" : [
                64,
                0
              ],
              "pivot" : [
                0,
                4.5,
                -1
              ],
              "rotation" : [
                143,
                0,
                0
              ]
            },
            {
              "size" : [
                1,
                21,
                8
              ],
              "inflate" : 0,
              "origin" : [
                0,
                -10,
                -1.5
              ],
              "uv" : [
                76,
                0
              ],
              "pivot" : [
                0,
                4.5,
                -1
              ],
              "rotation" : [
                90,
                0,
                0
              ]
            }
          ],
          "name" : "body",
          "pivot" : [
            0,
            0.5,
            -1.5
          ],
          "rotation" : [
            0,
            0,
            0
          ]
        },
        {
          "parent" : "body",
          "locators" : {
            "lead" : [
              0,
              14,
              -6
            ]
          },
          "cubes" : [
            {
              "size" : [
                5,
                4,
                4
              ],
              "inflate" : 0,
              "origin" : [
                -2.5,
                4.5,
                -8.5
              ],
              "uv" : [
                94,
                0
              ],
              "pivot" : [
                0,
                5,
                -5.5
              ],
              "rotation" : [
                45,
                0,
                0
              ]
            },
            {
              "size" : [
                1,
                4,
                6
              ],
              "inflate" : 0,
              "origin" : [
                0,
                7.5,
                -8
              ],
              "uv" : [
                112,
                0
              ],
              "pivot" : [
                0,
                5,
                -5.5
              ],
              "rotation" : [
                45,
                0,
                0
              ]
            },
            {
              "size" : [
                3,
                1,
                3
              ],
              "inflate" : 0,
              "origin" : [
                -1.5,
                6.5,
                -10.5
              ],
              "uv" : [
                126,
                0
              ],
              "pivot" : [
                0,
                5,
                -5.5
              ],
              "rotation" : [
                72,
                0,
                0
              ]
            }
          ],
          "name" : "head",
          "pivot" : [
            0,
            4.5,
            -6
          ],
          "rotation" : [
            0,
            0,
            0
          ]
        },
        {
          "parent" : "body",
          "cubes" : [
            {
              "size" : [
                2,
                4,
                2
              ],
              "inflate" : 0,
              "origin" : [
                -3.5,
                0,
                1
              ],
              "uv" : [
                138,
                0
              ],
              "pivot" : [
                -2,
                2,
                2
              ],
              "rotation" : [
                0,
                0,
                0
              ]
            }
          ],
          "name" : "leg0",
          "pivot" : [
            -3,
            3.5,
            2
          ],
          "rotation" : [
            0,
            0,
            0
          ]
        },
        {
          "parent" : "body",
          "mirror" : true,
          "cubes" : [
            {
              "size" : [
                2,
                4,
                2
              ],
              "inflate" : 0,
              "origin" : [
                1.5,
                0,
                1
              ],
              "uv" : [
                146,
                0
              ],
              "pivot" : [
                2,
                2,
                2
              ],
              "rotation" : [
                0,
                0,
                0
              ]
            }
          ],
          "name" : "leg1",
          "pivot" : [
            3,
            3.5,
            2
          ],
          "rotation" : [
            0,
            0,
            0
          ]
        },
        {
          "parent" : "body",
          "cubes" : [
            {
              "size" : [
                2,
                4,
                2
              ],
              "inflate" : 0,
              "origin" : [
                -3.5,
                0,
                -4
              ],
              "uv" : [
                154,
                0
              ],
              "pivot" : [
                -2,
                2,
                -3
              ],
              "rotation" : [
                0,
                0,
                0
              ]
            }
          ],
          "name" : "leg2",
          "pivot" : [
            -3,
            3.5,
            -3
          ],
          "rotation" : [
            0,
            0,
            0
          ]
        },
        {
          "parent" : "body",
          "mirror" : true,
          "cubes" : [
            {
              "size" : [
                2,
                4,
                2
              ],
              "inflate" : 0,
              "origin" : [
                1.5,
                0,
                -4
              ],
              "uv" : [
                162,
                0
              ],
              "pivot" : [
                2,
                2,
                -3
              ],
              "rotation" : [
                0,
                0,
                0
              ]
            }
          ],
          "name" : "leg3",
          "pivot" : [
            3,
            3.5,
            -3
          ],
          "rotation" : [
            0,
            0,
            0
          ]
        }
      ],
      "description" : {
        "visible_bounds_offset" : [
          0,
          0.875,
          0
        ],
        "texture_height" : 29,
        "texture_width" : 170,
        "identifier" : "geometry.soul_scuttle",
        "visible_bounds_width" : 3,
        "visible_bounds_height" : 2.25
      }
    }
  ],
  "format_version" : "1.12.0"
}