{
  "minecraft:geometry" : [
    {
      "bones" : [
        {
          "cubes" : [
            {
              "size" : [
                13,
                12,
                12
              ],
              "inflate" : 0.83999998122453678,
              "origin" : [
                -6.5,
                14.5,
                -6
              ],
              "uv" : [
                0,
                0
              ],
              "pivot" : [
                0,
                20.5,
                -0.5
              ],
              "rotation" : [
                0,
                0,
                0
              ]
            },
            {
              "size" : [
                13,
                16,
                1
              ],
              "inflate" : 0.83999998122453678,
              "origin" : [
                -20.5,
                13,
                0.5
              ],
              "uv" : [
                50,
                0
              ],
              "pivot" : [
                0,
                27,
                -0.5
              ],
              "rotation" : [
                0,
                0,
                0
              ]
            },
            {
              "size" : [
                13,
                16,
                1
              ],
              "inflate" : 0.83999998122453678,
              "origin" : [
                -13.5,
                19.5,
                0
              ],
              "uv" : [
                78,
                0
              ],
              "pivot" : [
                0,
                27,
                -0.5
              ],
              "rotation" : [
                0,
                0,
                90
              ]
            },
            {
              "size" : [
                13,
                16,
                1
              ],
              "inflate" : 0.83999998122453678,
              "origin" : [
                -20.5,
                26,
                0
              ],
              "uv" : [
                106,
                0
              ],
              "pivot" : [
                0,
                27,
                -0.5
              ],
              "rotation" : [
                0,
                0,
                180
              ]
            },
            {
              "size" : [
                13,
                16,
                1
              ],
              "inflate" : 0.83999998122453678,
              "origin" : [
                -20.5,
                19,
                -6
              ],
              "uv" : [
                134,
                0
              ],
              "pivot" : [
                0,
                27,
                -0.5
              ],
              "rotation" : [
                -90,
                0,
                180
              ]
            },
            {
              "size" : [
                13,
                16,
                1
              ],
              "inflate" : 0.83999998122453678,
              "origin" : [
                -13.5,
                19,
                0.40218579769134521
              ],
              "uv" : [
                162,
                0
              ],
              "pivot" : [
                0,
                27,
                -0.5
              ],
              "rotation" : [
                -90,
                0,
                90
              ]
            },
            {
              "size" : [
                13,
                16,
                1
              ],
              "inflate" : 0.83999998122453678,
              "origin" : [
                -20.5,
                19.672130584716797,
                6.9071040153503418
              ],
              "uv" : [
                190,
                0
              ],
              "pivot" : [
                0,
                27,
                -0.5
              ],
              "rotation" : [
                -90,
                0,
                0
              ]
            }
          ],
          "name" : "body",
          "pivot" : [
            0,
            31,
            0
          ],
          "rotation" : [
            0,
            0,
            0
          ]
        },
        {
          "parent" : "body",
          "locators" : {
            "lead" : [
              0,
              31,
              -2
            ]
          },
          "cubes" : [

          ],
          "name" : "head",
          "pivot" : [
            0,
            31,
            -2
          ],
          "rotation" : [
            0,
            0,
            0
          ]
        },
        {
          "parent" : "body",
          "cubes" : [

          ],
          "name" : "arm0",
          "pivot" : [
            0,
            31,
            0
          ],
          "rotation" : [
            0,
            0,
            0
          ]
        },
        {
          "parent" : "body",
          "cubes" : [

          ],
          "name" : "arm1",
          "pivot" : [
            0,
            31,
            0
          ],
          "rotation" : [
            0,
            0,
            0
          ]
        },
        {
          "parent" : "body",
          "cubes" : [
            {
              "size" : [
                5,
                14,
                5
              ],
              "inflate" : 0,
              "origin" : [
                -6,
                0,
                -3
              ],
              "uv" : [
                218,
                0
              ],
              "pivot" : [
                -4,
                6.5,
                -0.5
              ],
              "rotation" : [
                0,
                0,
                0
              ]
            }
          ],
          "name" : "leg0",
          "pivot" : [
            -4,
            13,
            0
          ],
          "rotation" : [
            0,
            0,
            0
          ]
        },
        {
          "parent" : "body",
          "mirror" : true,
          "cubes" : [
            {
              "size" : [
                5,
                14,
                5
              ],
              "inflate" : 0,
              "origin" : [
                1,
                0,
                -3
              ],
              "uv" : [
                238,
                0
              ],
              "pivot" : [
                3.5,
                6.5,
                -0.5
              ],
              "rotation" : [
                0,
                0,
                0
              ]
            }
          ],
          "name" : "leg1",
          "pivot" : [
            5,
            13,
            0
          ],
          "rotation" : [
            0,
            0,
            0
          ]
        }
      ],
      "description" : {
        "visible_bounds_offset" : [
          0,
          2,
          0
        ],
        "texture_height" : 24,
        "texture_width" : 258,
        "identifier" : "geometry.topaz_critter",
        "visible_bounds_width" : 3,
        "visible_bounds_height" : 4
      }
    }
  ],
  "format_version" : "1.12.0"
}