{
	"format_version": "1.12.0",
	"minecraft:geometry": [
		{
			"description": {
				"identifier": "geometry.tweaks_boat",
				"texture_width": 128,
				"texture_height": 64,
				"visible_bounds_width": 5,
				"visible_bounds_height": 3.5,
				"visible_bounds_offset": [0, 1.25, 0]
			},
			"bones": [
				{
					"name": "bottom",
					"pivot": [0, 18, 0],
					"rotation": [90, 0, 0],
					"mirror": true,
					"cubes": [
						{"origin": [-14, 10, -13], "size": [28, 16, 3], "uv": [0, 0]}
					]
				},
				{
					"name": "front",
					"pivot": [15, 24, 0],
					"rotation": [0, 90, 0],
					"mirror": true,
					"cubes": [
						{"origin": [7, 8, -1], "size": [16, 6, 2], "uv": [0, 27]}
					]
				},
				{
					"name": "back",
					"pivot": [-15, 24, 0],
					"rotation": [0, -90, 0],
					"mirror": true,
					"cubes": [
						{"origin": [-24, 8, -1], "size": [18, 6, 2], "uv": [0, 19]}
					]
				},
				{
					"name": "right",
					"pivot": [0, 24, -9],
					"rotation": [0, -180, 0],
					"mirror": true,
					"cubes": [
						{"origin": [-14, 8, -10], "size": [28, 6, 2], "uv": [0, 35]}
					]
				},
				{
					"name": "left",
					"pivot": [0, 24, 9],
					"mirror": true,
					"cubes": [
						{"origin": [-14, 8, 8], "size": [28, 6, 2], "uv": [0, 43]}
					]
				},
				{
					"name": "paddle_left",
					"pivot": [-2.5, 28, 9],
					"mirror": true,
					"cubes": [
						{"origin": [-0.5, 15, -10.5], "size": [2, 2, 18], "pivot": [1, 5, -5], "rotation": [142.5, -57.5, -180], "uv": [62, 0]},
						{"origin": [7.5, 19, -5.5], "size": [2, 2, 18], "pivot": [1, 5, -5], "rotation": [142.5, -130, -180], "uv": [62, 0]},
						{"origin": [0.49, 14, 3.5], "size": [1, 6, 7], "pivot": [1, 5, -5], "rotation": [142.5, -57.5, -180], "uv": [62, 0]},
						{"origin": [8.49, 18, 8.5], "size": [1, 6, 7], "pivot": [1, 5, -5], "rotation": [142.5, -130, -180], "uv": [62, 0]}
					]
				},
				{
					"name": "paddle_right",
					"pivot": [-2.5, 28, -9],
					"mirror": true
				}
			]
		}
	]
}