{
  "minecraft:geometry" : [
    {
      "bones" : [
        {
          "cubes" : [
            {
              "rotation" : [
                90,
                32,
                0
              ],
              "size" : [
                5,
                1,
                7
              ],
              "uv" : [
                0,
                0
              ],
              "origin" : [
                -1.1000000238418579,
                14.300000190734863,
                -2.0999999046325684
              ],
              "pivot" : [
                0,
                13,
                2
              ]
            },
            {
              "rotation" : [
                91,
                0,
                0
              ],
              "size" : [
                8,
                12,
                8
              ],
              "uv" : [
                24,
                0
              ],
              "origin" : [
                -4,
                8.0500001907348633,
                -10
              ],
              "pivot" : [
                0,
                13,
                2
              ]
            },
            {
              "rotation" : [
                90,
                -62,
                0
              ],
              "size" : [
                5,
                1,
                7
              ],
              "uv" : [
                56,
                0
              ],
              "origin" : [
                -3.75,
                14.649999618530273,
                -2.3499999046325684
              ],
              "pivot" : [
                0,
                13,
                2
              ]
            }
          ],
          "name" : "body",
          "pivot" : [
            0,
            13,
            2
          ]
        },
        {
          "cubes" : [
            {
              "rotation" : [
                0,
                0,
                -9
              ],
              "size" : [
                2,
                2,
                2
              ],
              "uv" : [
                80,
                0
              ],
              "origin" : [
                -3.5,
                8.1999998092651367,
                -9.1999998092651367
              ],
              "pivot" : [
                0,
                12,
                -6
              ]
            },
            {
              "rotation" : [
                0,
                0,
                9
              ],
              "size" : [
                2,
                2,
                2
              ],
              "uv" : [
                88,
                0
              ],
              "origin" : [
                1.5,
                8.1999998092651367,
                -9.1999998092651367
              ],
              "pivot" : [
                0,
                12,
                -6
              ]
            },
            {
              "rotation" : [
                -7,
                0,
                0
              ],
              "size" : [
                7,
                6,
                6
              ],
              "uv" : [
                96,
                0
              ],
              "origin" : [
                -3.5,
                2.0999999046325684,
                -9.1999998092651367
              ],
              "pivot" : [
                0,
                12,
                -6
              ]
            }
          ],
          "locators" : {
            "lead" : [
              0,
              14,
              -6
            ]
          },
          "name" : "head",
          "pivot" : [
            0,
            12,
            -6
          ],
          "parent" : "body"
        },
        {
          "cubes" : [
            {
              "origin" : [
                -5,
                0,
                2.4500000476837158
              ],
              "size" : [
                4,
                2,
                4
              ],
              "uv" : [
                122,
                0
              ]
            }
          ],
          "name" : "leg0",
          "pivot" : [
            -3,
            2,
            6
          ],
          "parent" : "body"
        },
        {
          "cubes" : [
            {
              "origin" : [
                1,
                0,
                2.4500000476837158
              ],
              "size" : [
                4,
                2,
                4
              ],
              "uv" : [
                138,
                0
              ]
            }
          ],
          "pivot" : [
            3,
            2,
            6
          ],
          "mirror" : true,
          "name" : "leg1",
          "parent" : "body"
        },
        {
          "cubes" : [
            {
              "rotation" : [
                0,
                15,
                0
              ],
              "size" : [
                3,
                1,
                4
              ],
              "uv" : [
                154,
                0
              ],
              "origin" : [
                -4,
                0,
                -7
              ],
              "pivot" : [
                -3,
                6,
                -5
              ]
            }
          ],
          "name" : "leg2",
          "pivot" : [
            -2,
            1,
            -3
          ],
          "parent" : "body"
        },
        {
          "cubes" : [
            {
              "rotation" : [
                0,
                -15,
                0
              ],
              "size" : [
                3,
                1,
                4
              ],
              "uv" : [
                168,
                0
              ],
              "origin" : [
                1,
                0,
                -7
              ],
              "pivot" : [
                3,
                6,
                -5
              ]
            }
          ],
          "pivot" : [
            2,
            1,
            -3
          ],
          "mirror" : true,
          "name" : "leg3",
          "parent" : "body"
        }
      ],
      "description" : {
        "visible_bounds_width" : 3,
        "texture_height" : 20,
        "texture_width" : 182,
        "identifier" : "geometry.wallower",
        "visible_bounds_height" : 2.25,
        "visible_bounds_offset" : [
          0,
          0.875,
          0
        ]
      }
    }
  ],
  "format_version" : "1.12.0"
}