{
  "minecraft:geometry" : [
    {
      "bones" : [
        {
          "cubes" : [

          ],
          "name" : "root",
          "pivot" : [
            0,
            0,
            0
          ],
          "rotation" : [
            0,
            0,
            0
          ]
        },
        {
          "parent" : "waist",
          "cubes" : [
            {
              "size" : [
                7,
                11,
                4
              ],
              "inflate" : 0,
              "origin" : [
                -3.5,
                10,
                -2
              ],
              "uv" : [
                0,
                0
              ],
              "pivot" : [
                0,
                18,
                0
              ],
              "rotation" : [
                0,
                0,
                0
              ]
            }
          ],
          "name" : "body",
          "pivot" : [
            0,
            21,
            0
          ],
          "rotation" : [
            0,
            0,
            0
          ]
        },
        {
          "parent" : "root",
          "cubes" : [

          ],
          "name" : "waist",
          "pivot" : [
            0,
            10,
            0
          ],
          "rotation" : [
            0,
            0,
            0
          ]
        },
        {
          "parent" : "body",
          "cubes" : [
            {
              "size" : [
                8,
                8,
                8
              ],
              "inflate" : 0,
              "origin" : [
                -4,
                21,
                -4
              ],
              "uv" : [
                22,
                0
              ],
              "pivot" : [
                0,
                28,
                0
              ],
              "rotation" : [
                0,
                0,
                0
              ]
            },
            {
              "size" : [
                2,
                3,
                2
              ],
              "inflate" : 0,
              "origin" : [
                -2.5,
                29,
                0.5
              ],
              "uv" : [
                54,
                0
              ],
              "pivot" : [
                0,
                28,
                0
              ],
              "rotation" : [
                0,
                0,
                0
              ]
            },
            {
              "size" : [
                4,
                1,
                4
              ],
              "inflate" : 0,
              "origin" : [
                -3.5,
                32,
                -0.5
              ],
              "uv" : [
                62,
                0
              ],
              "pivot" : [
                0,
                28,
                0
              ],
              "rotation" : [
                0,
                0,
                0
              ]
            },
            {
              "size" : [
                3,
                2,
                3
              ],
              "inflate" : 0,
              "origin" : [
                -3,
                33,
                0
              ],
              "uv" : [
                78,
                0
              ],
              "pivot" : [
                0,
                28,
                0
              ],
              "rotation" : [
                0,
                0,
                0
              ]
            },
            {
              "size" : [
                2,
                2,
                2
              ],
              "inflate" : 0,
              "origin" : [
                1.5,
                29,
                -2
              ],
              "uv" : [
                90,
                0
              ],
              "pivot" : [
                0,
                28,
                0
              ],
              "rotation" : [
                0,
                0,
                0
              ]
            },
            {
              "size" : [
                3,
                1,
                3
              ],
              "inflate" : 0,
              "origin" : [
                1,
                31,
                -2.5
              ],
              "uv" : [
                98,
                0
              ],
              "pivot" : [
                0,
                28,
                0
              ],
              "rotation" : [
                0,
                0,
                0
              ]
            },
            {
              "size" : [
                2,
                1,
                2
              ],
              "inflate" : 0,
              "origin" : [
                1.5,
                32,
                -2
              ],
              "uv" : [
                110,
                0
              ],
              "pivot" : [
                0,
                28,
                0
              ],
              "rotation" : [
                0,
                0,
                0
              ]
            }
          ],
          "name" : "head",
          "pivot" : [
            0,
            21,
            0
          ],
          "rotation" : [
            0,
            0,
            0
          ]
        },
        {
          "parent" : "body",
          "cubes" : [

          ],
          "name" : "cape",
          "pivot" : [
            0,
            21,
            3
          ],
          "rotation" : [
            0,
            0,
            0
          ]
        },
        {
          "parent" : "head",
          "cubes" : [

          ],
          "name" : "hat",
          "pivot" : [
            0,
            21,
            0
          ],
          "rotation" : [
            0,
            0,
            0
          ]
        },
        {
          "parent" : "body",
          "cubes" : [
            {
              "size" : [
                0,
                16,
                10
              ],
              "inflate" : -0.49999998882412905,
              "origin" : [
                6,
                7,
                -5
              ],
              "uv" : [
                118,
                0
              ],
              "pivot" : [
                6,
                18,
                0
              ],
              "rotation" : [
                0,
                45,
                0
              ]
            },
            {
              "size" : [
                0,
                16,
                10
              ],
              "inflate" : -0.49999998882412905,
              "origin" : [
                6,
                7,
                -5
              ],
              "uv" : [
                138,
                0
              ],
              "pivot" : [
                6,
                18,
                0
              ],
              "rotation" : [
                0,
                -45,
                0
              ]
            },
            {
              "size" : [
                6,
                6,
                6
              ],
              "inflate" : 0,
              "origin" : [
                3.5,
                1.5,
                -3
              ],
              "uv" : [
                158,
                0
              ],
              "pivot" : [
                6,
                18,
                0
              ],
              "rotation" : [
                0,
                0,
                0
              ]
            },
            {
              "size" : [
                2,
                4,
                0
              ],
              "inflate" : 0,
              "origin" : [
                4,
                18.5,
                0
              ],
              "uv" : [
                182,
                0
              ],
              "pivot" : [
                6,
                18,
                0
              ],
              "rotation" : [
                0,
                0,
                0
              ]
            }
          ],
          "name" : "leftArm",
          "pivot" : [
            6,
            20.5,
            0
          ],
          "rotation" : [
            0,
            0,
            0
          ]
        },
        {
          "parent" : "leftArm",
          "cubes" : [

          ],
          "name" : "leftSleeve",
          "pivot" : [
            6,
            20.5,
            0
          ],
          "rotation" : [
            0,
            0,
            0
          ]
        },
        {
          "parent" : "leftArm",
          "cubes" : [

          ],
          "name" : "leftItem",
          "pivot" : [
            6.5,
            3.5,
            0
          ],
          "rotation" : [
            0,
            0,
            0
          ]
        },
        {
          "parent" : "body",
          "cubes" : [
            {
              "size" : [
                0,
                16,
                10
              ],
              "inflate" : -0.49999998882412905,
              "origin" : [
                -6,
                7,
                -5
              ],
              "uv" : [
                186,
                0
              ],
              "pivot" : [
                -6,
                18,
                0
              ],
              "rotation" : [
                0,
                45,
                0
              ]
            },
            {
              "size" : [
                6,
                6,
                6
              ],
              "inflate" : 0,
              "origin" : [
                -9.5,
                1.5,
                -3
              ],
              "uv" : [
                206,
                0
              ],
              "pivot" : [
                -6,
                18,
                0
              ],
              "rotation" : [
                0,
                0,
                0
              ]
            },
            {
              "size" : [
                2,
                4,
                0
              ],
              "inflate" : 0,
              "origin" : [
                -6,
                18.5,
                0
              ],
              "uv" : [
                230,
                0
              ],
              "pivot" : [
                -6,
                18,
                0
              ],
              "rotation" : [
                0,
                0,
                0
              ]
            },
            {
              "size" : [
                0,
                16,
                10
              ],
              "inflate" : -0.49999998882412905,
              "origin" : [
                -6,
                7,
                -5
              ],
              "uv" : [
                234,
                0
              ],
              "pivot" : [
                -6,
                18,
                0
              ],
              "rotation" : [
                0,
                -45,
                0
              ]
            }
          ],
          "name" : "rightArm",
          "pivot" : [
            -6,
            20.5,
            0
          ],
          "rotation" : [
            0,
            0,
            0
          ]
        },
        {
          "parent" : "rightArm",
          "cubes" : [

          ],
          "name" : "rightSleeve",
          "pivot" : [
            -6,
            20.5,
            0
          ],
          "rotation" : [
            0,
            0,
            0
          ]
        },
        {
          "parent" : "rightArm",
          "locators" : {
            "lead_hold" : [
              -6,
              15,
              1
            ]
          },
          "cubes" : [

          ],
          "name" : "rightItem",
          "pivot" : [
            -6.5,
            3.5,
            0
          ],
          "rotation" : [
            0,
            0,
            0
          ]
        },
        {
          "parent" : "root",
          "cubes" : [
            {
              "size" : [
                3,
                10,
                4
              ],
              "inflate" : 0,
              "origin" : [
                0.5,
                0,
                -2
              ],
              "uv" : [
                254,
                0
              ],
              "pivot" : [
                1.8999999761581421,
                6,
                0
              ],
              "rotation" : [
                0,
                0,
                0
              ]
            }
          ],
          "name" : "leftLeg",
          "pivot" : [
            2,
            10,
            0
          ],
          "rotation" : [
            0,
            0,
            0
          ]
        },
        {
          "parent" : "leftLeg",
          "cubes" : [

          ],
          "name" : "leftPants",
          "pivot" : [
            2,
            10,
            0
          ],
          "rotation" : [
            0,
            0,
            0
          ]
        },
        {
          "parent" : "root",
          "cubes" : [
            {
              "size" : [
                3,
                10,
                4
              ],
              "inflate" : 0,
              "origin" : [
                -3.5,
                0,
                -2
              ],
              "uv" : [
                268,
                0
              ],
              "pivot" : [
                -1.9000000953674316,
                6,
                0
              ],
              "rotation" : [
                0,
                0,
                0
              ]
            }
          ],
          "name" : "rightLeg",
          "pivot" : [
            -2,
            10,
            0
          ],
          "rotation" : [
            0,
            0,
            0
          ]
        },
        {
          "parent" : "rightLeg",
          "cubes" : [

          ],
          "name" : "rightPants",
          "pivot" : [
            -2,
            10,
            0
          ],
          "rotation" : [
            0,
            0,
            0
          ]
        },
        {
          "parent" : "body",
          "cubes" : [

          ],
          "name" : "jacket",
          "pivot" : [
            0,
            21,
            0
          ],
          "rotation" : [
            0,
            0,
            0
          ]
        }
      ],
      "description" : {
        "visible_bounds_offset" : [
          0,
          1,
          0
        ],
        "texture_height" : 26,
        "texture_width" : 282,
        "identifier" : "geometry.warped_wart_crusher",
        "visible_bounds_width" : 1,
        "visible_bounds_height" : 2
      }
    }
  ],
  "format_version" : "1.12.0"
}