{
  "minecraft:geometry" : [
    {
      "bones" : [
        {
          "cubes" : [
            {
              "size" : [
                10,
                17,
                9
              ],
              "inflate" : 0,
              "origin" : [
                -5,
                7,
                -6
              ],
              "uv" : [
                0,
                0
              ],
              "pivot" : [
                0,
                13,
                2
              ],
              "rotation" : [
                89,
                0,
                0
              ]
            },
            {
              "size" : [
                10,
                5,
                8
              ],
              "inflate" : -0.05000000074505806,
              "origin" : [
                -5,
                4.5500001907348633,
                -5.3499999046325684
              ],
              "uv" : [
                38,
                0
              ],
              "pivot" : [
                0,
                13,
                2
              ],
              "rotation" : [
                83,
                0,
                0
              ]
            }
          ],
          "name" : "body",
          "pivot" : [
            0,
            13,
            2
          ],
          "rotation" : [
            0,
            0,
            0
          ]
        },
        {
          "parent" : "body",
          "locators" : {
            "lead" : [
              0,
              14,
              -6
            ]
          },
          "cubes" : [
            {
              "size" : [
                3,
                3,
                1
              ],
              "inflate" : 0,
              "origin" : [
                -1.5,
                8,
                -14.75
              ],
              "uv" : [
                74,
                0
              ],
              "pivot" : [
                0,
                9.5,
                -14.25
              ],
              "rotation" : [
                0,
                0,
                0
              ]
            },
            {
              "size" : [
                8,
                7,
                7
              ],
              "inflate" : 0,
              "origin" : [
                -4,
                8,
                -14
              ],
              "uv" : [
                82,
                0
              ],
              "pivot" : [
                0,
                11.5,
                -10.5
              ],
              "rotation" : [
                0,
                0,
                0
              ]
            },
            {
              "size" : [
                1,
                1,
                1
              ],
              "inflate" : 0,
              "origin" : [
                -1.8999999761581421,
                14.550000190734863,
                -10.850000381469727
              ],
              "uv" : [
                112,
                0
              ],
              "pivot" : [
                -1.3999999761581421,
                15.050000190734863,
                -10.350000381469727
              ],
              "rotation" : [
                0,
                0,
                0
              ]
            },
            {
              "size" : [
                2,
                3,
                1
              ],
              "inflate" : 0,
              "origin" : [
                1.8999999761581421,
                13.199999809265137,
                -10.850000381469727
              ],
              "uv" : [
                116,
                0
              ],
              "pivot" : [
                2.8999999761581421,
                14.699999809265137,
                -10.350000381469727
              ],
              "rotation" : [
                0,
                0,
                0
              ]
            },
            {
              "size" : [
                2,
                3,
                1
              ],
              "inflate" : 0,
              "origin" : [
                -3.9000000953674316,
                13.199999809265137,
                -10.850000381469727
              ],
              "uv" : [
                122,
                0
              ],
              "pivot" : [
                -2.9000000953674316,
                14.699999809265137,
                -10.350000381469727
              ],
              "rotation" : [
                0,
                0,
                0
              ]
            },
            {
              "size" : [
                1,
                1,
                1
              ],
              "inflate" : 0,
              "origin" : [
                0.94999998807907104,
                14.550000190734863,
                -10.850000381469727
              ],
              "uv" : [
                128,
                0
              ],
              "pivot" : [
                1.449999988079071,
                15.050000190734863,
                -10.350000381469727
              ],
              "rotation" : [
                0,
                0,
                0
              ]
            }
          ],
          "name" : "head",
          "pivot" : [
            0,
            12,
            -6
          ],
          "rotation" : [
            0,
            0,
            0
          ]
        },
        {
          "parent" : "body",
          "cubes" : [
            {
              "size" : [
                4,
                6,
                4
              ],
              "inflate" : 0,
              "origin" : [
                -4.9000000953674316,
                0,
                5
              ],
              "uv" : [
                132,
                0
              ],
              "pivot" : [
                -2.9000000953674316,
                3,
                7
              ],
              "rotation" : [
                0,
                0,
                0
              ]
            }
          ],
          "name" : "leg0",
          "pivot" : [
            -3,
            6,
            7
          ],
          "rotation" : [
            0,
            0,
            0
          ]
        },
        {
          "parent" : "body",
          "mirror" : true,
          "cubes" : [
            {
              "size" : [
                4,
                6,
                4
              ],
              "inflate" : 0,
              "origin" : [
                0.89999997615814209,
                0,
                5
              ],
              "uv" : [
                148,
                0
              ],
              "pivot" : [
                2.8999999761581421,
                3,
                7
              ],
              "rotation" : [
                0,
                0,
                0
              ]
            }
          ],
          "name" : "leg1",
          "pivot" : [
            3,
            6,
            7
          ],
          "rotation" : [
            0,
            0,
            0
          ]
        },
        {
          "parent" : "body",
          "cubes" : [
            {
              "size" : [
                4,
                6,
                4
              ],
              "inflate" : 0,
              "origin" : [
                -4.9000000953674316,
                0,
                -7
              ],
              "uv" : [
                164,
                0
              ],
              "pivot" : [
                -2.9000000953674316,
                3,
                -5
              ],
              "rotation" : [
                0,
                0,
                0
              ]
            }
          ],
          "name" : "leg2",
          "pivot" : [
            -3,
            6,
            -5
          ],
          "rotation" : [
            0,
            0,
            0
          ]
        },
        {
          "parent" : "body",
          "mirror" : true,
          "cubes" : [
            {
              "size" : [
                4,
                6,
                4
              ],
              "inflate" : 0,
              "origin" : [
                0.94999998807907104,
                0,
                -7
              ],
              "uv" : [
                180,
                0
              ],
              "pivot" : [
                2.949999988079071,
                3,
                -5
              ],
              "rotation" : [
                0,
                0,
                0
              ]
            }
          ],
          "name" : "leg3",
          "pivot" : [
            3,
            6,
            -5
          ],
          "rotation" : [
            0,
            0,
            0
          ]
        }
      ],
      "description" : {
        "visible_bounds_offset" : [
          0,
          0.875,
          0
        ],
        "texture_height" : 26,
        "texture_width" : 196,
        "identifier" : "geometry.wombat",
        "visible_bounds_width" : 3,
        "visible_bounds_height" : 2.25
      }
    }
  ],
  "format_version" : "1.12.0"
}