{
  "format_version": "1.20.10",
  "minecraft:recipe_shaped": {
    "description": {
      "identifier": "minecraft:bamboo_fence_gate"
    },
    "tags": [ "crafting_table" ],
    "group": "wooden_fence_gate",
    "pattern": [
      "#W#",
      "#W#"
    ],
    "key": {
      "#": {
        "item": "minecraft:bamboo"
      },
      "W": {
        "item": "minecraft:bamboo_planks"
      }
    },
	"unlock": [
      {
        "item": "minecraft:bamboo_planks"
      }
    ],
    "result": {
      "item": "minecraft:bamboo_fence_gate"
    }
  }
}