{
  "format_version": "1.20.10",
  "minecraft:recipe_shapeless": {
    "description": {
    "identifier": "tweaks:bismuth_pickaxe"
    },

    
    "tags": [ "bismuth_bench" ],
    "ingredients": [
      {
        "item": "minecraft:netherite_pickaxe"
      },
      {
        "item": "tweaks:bismuth_upgrade_benching_template"
      },
      {
        "item": "tweaks:bismuth_shard"
      }
    ],
	"unlock": [
      {
        "item": "tweaks:bismuth_shard"
      }
    ],
    "result": {
      "item": "tweaks:bismuth_pickaxe"
    }
  }
}
