{
  "format_version": "1.20.10",
  "minecraft:recipe_shaped": {
    "description": {
    "identifier": "tweaks:bismuth_bench_from_crying"
    },

    
    "tags": [ "crafting_table" ],
    "pattern": [
      "ADA",
      "ABA",
      "ACA"
    ],
    "key": {
      "A": {
        "item": "minecraft:crying_obsidian"
      },
      "B": {
        "item": "tweaks:bismuth_shard"
      },
      "C": {
        "item": "minecraft:shulker_shell"
      },
      "D": {
        "item": "minecraft:ender_eye"
      }
    },
    "unlock": [
      {
        "item": "tweaks:bismuth_shard"
      }
    ],
    "result": {
      "item": "tweaks:bismuth_bench"
    }
  }
}