{
    "format_version": "1.20.10",
    "minecraft:recipe_shaped": {
        "description": {
            "identifier": "tweaks:chainmail_chestplate"
        },
        "tags": [
            "crafting_table"
        ],
        "pattern": [
            "B B",
            "ABA",
            "BAB"
        ],
        "key": {
            "A": {
                "item": "tweaks:silverfish_scale"
            },
            "B": {
                "item": "minecraft:chain"
            }
        },
        "unlock": [
          {
            "item": "tweaks:silverfish_scale"
          },
          {
            "item": "minecraft:chain"
          }
        ],
        "result": {
            "item": "minecraft:chainmail_chestplate"
        },
        "priority": 1
    }
}