{
  "format_version": "1.20.10",
  "minecraft:recipe_shaped": {
    "description": {
    "identifier": "tweaks:chilled_bone_from_shard"
    },

    
    "tags": [ "crafting_table" ],
    "pattern": [
      "###",
      "###",
      "###"
    ],
    "key": {
      "#": {
        "item": "tweaks:chilled_bone_shard"
      }
    },
	"unlock": [
      {
        "item": "tweaks:chilled_bone_shard"
      }
    ],
    "result": {
      "item": "tweaks:chilled_bone"
    }
  }
}