{
    "format_version": "1.20.10",
    "minecraft:recipe_shaped": {
        "description": {
            "identifier": "tweaks:chiseled_dripstone_bricks"
        },
        "key": {
            "#": {
                "item": "tweaks:dripstone_brick_slab"
            }
        },
        "pattern": [
            "#",
            "#"
        ],
		"unlock": [
          {
            "item": "tweaks:dripstone_brick_slab"
          }
        ],
        "priority": 1,
        "result": {
            "item": "tweaks:chiseled_dripstone_bricks"
        },
        "tags": [
            "crafting_table"
        ]
    }
}
