{
    "format_version": "1.20.10",
    "minecraft:recipe_shaped": {
        "description": {
            "identifier": "tweaks:chiseled_purpur"
        },
        "key": {
            "#": {
                "item": "minecraft:purpur_block",
                "data": 2
            }
        },
        "pattern": [
            "#",
            "#"
        ],
		"unlock": [
          {
            "item": "minecraft:purpur_block",
            "data": 2
          }
        ],
        "priority": 1,
        "result": {
            "item": "tweaks:chiseled_purpur"
        },
        "tags": [
            "crafting_table"
        ]
    }
}