{
  "format_version": "1.20.10",
  "minecraft:recipe_shaped": {
    "description": {
    "identifier": "tweaks:copper_horn_fearless_river_gift"
    },

    
    "tags": [ "crafting_table" ],
    "pattern": [
      "IHI",
      " I "
    ],
    "key": {
      "H": {
        "item": "minecraft:goat_horn",
        "data": 0
      },
      "I": {
        "item": "minecraft:copper_ingot"
      }
    },
	"unlock": [
      {
        "item": "minecraft:copper_ingot"
      }
    ],
    "result": {
      "item": "tweaks:copper_horn_fearless_river_gift"
    }
  }
}