{
  "format_version": "1.20.10",
  "minecraft:recipe_shaped": {
    "description": {
    "identifier": "tweaks:echo_horn_epiphany"
    },

    
    "tags": [ "crafting_table" ],
    "pattern": [
      " D ",
      "IHI",
      "III"
    ],
    "key": {
      "H": {
        "item": "minecraft:goat_horn",
        "data": 3
      },
      "I": {
        "item": "minecraft:echo_shard"
      },
      "D": {
        "item": "minecraft:diamond"
      }
    },
	"unlock": [
      {
        "item": "minecraft:echo_shard"
      }
    ],
    "result": {
      "item": "tweaks:echo_horn_epiphany"
    }
  }
}