{
  "format_version": "1.20.10",
  "minecraft:recipe_shapeless": {
    "description": {
    "identifier": "tweaks:end_goop_stew"
    },

    
    "tags": [ "crafting_table" ],
    "ingredients": [
      {
        "item": "tweaks:chorus_weeds_item"
      },
      {
        "item": "minecraft:chorus_fruit"
      },
      {
        "item": "minecraft:bowl"
      }
    ],
	"unlock": [
      {
        "item": "tweaks:chorus_weeds_item"
	  },
	  {
		"item": "minecraft:chorus_fruit"
      }
    ],
    "result": {
      "item": "tweaks:end_goop_stew"
    }
  }
}