{
  "format_version": "1.20.10",
  "minecraft:recipe_shaped": {
    "description": {
    "identifier": "tweaks:ender_eye_fractured_pearls"
    },

    
    "tags": [ "crafting_table" ],
    "pattern": [
      " C ",
      "CBC",
      " C "
    ],
    "key": {
      "C": {
        "item": "tweaks:fractured_pearl"
      },
      "B": {
        "item": "minecraft:blaze_powder"
      }
    },
	"unlock": [
      {
        "item": "minecraft:blaze_powder"
      }
    ],
    "result": {
      "item": "minecraft:ender_eye",
      "count": 2
    }
  }
}