{
  "format_version": "1.20.10",
  "minecraft:recipe_shaped": {
    "description": {
    "identifier": "tweaks:ender_pearl"
    },

    
    "tags": [ "crafting_table" ],
    "pattern": [
      " # ",
      "CBC",
      " # "
    ],
    "key": {
      "#": {
        "item": "tweaks:fractured_pearl"
      },
      "C": {
        "item": "tweaks:endermite_scab"
      },
      "B": {
        "item": "tweaks:pearl_ingot"
      }
    },
	"unlock": [
      {
        "item": "tweaks:fractured_pearl"
      },
      {
        "item": "tweaks:pearl_ingot"
      }
    ],
    "result": {
      "item": "minecraft:ender_pearl",
      "count": 2
    }
  }
}