{
  "format_version": "1.20.10",
  "minecraft:recipe_shaped": {
    "description": {
    "identifier": "tweaks:glitter_horn_blessing"
    },

    
    "tags": [ "crafting_table" ],
    "pattern": [
      "IHI",
      "DID"
    ],
    "key": {
      "H": {
        "item": "minecraft:goat_horn",
        "data": 0
      },
      "I": {
        "item": "minecraft:amethyst_shard"
      },
      "D": {
        "item": "tweaks:spectral_orb"
      }
    },
	"unlock": [
      {
        "item": "tweaks:spectral_orb"
      }
    ],
    "result": {
      "item": "tweaks:glitter_horn_blessing"
    }
  }
}