{
  "format_version": "1.20.10",
  "minecraft:recipe_shaped": {
    "description": {
    "identifier": "tweaks:goat_horn_0"
    },

    
    "tags": [ "crafting_table" ],
    "pattern": [
      "IHI",
      " I "
    ],
    "key": {
      "H": {
        "item": "minecraft:iron_ingot"
      },
      "I": {
        "item": "tweaks:rusted_horn"
      }
    },
	"unlock": [
      {
        "item": "tweaks:rusted_horn"
      }
    ],
    "result": {
      "item": "minecraft:goat_horn",
      "data": 0
    }
  }
}