{
  "format_version": "1.20.10",
  "minecraft:recipe_shaped": {
    "description": {
    "identifier": "tweaks:icebolt_staff"
    },

    
    "tags": [ "crafting_table" ],
    "pattern": [
      "ABA",
      "AAA",
      " A "
    ],
    "key": {
      "A": {
        "item": "tweaks:ice_shaving"
      },
      "B": {
        "item": "tweaks:mithril_ingot"
      }
    },
    "unlock": [
      {
        "item": "tweaks:ice_shaving"
      },
      {
        "item": "tweaks:mithril_ingot"
      }
    ],
    "result": {
      "item": "tweaks:icebolt_staff"
    }
  }
}