{
  "format_version": "1.20.10",
  "minecraft:recipe_shaped": {
    "description": {
    "identifier": "tweaks:knife_of_eternity"
    },

    
    "tags": [ "bismuth_bench" ],
    "pattern": [
      " C ",
      "BAB",
      " C"
    ],
    "key": {
      "A": {
        "item": "tweaks:bismuth_shard"
      },
      "B": {
        "item": "tweaks:everlasting_offcut"
      },
      "C": {
        "item": "tweaks:membrane_of_eternity"
      }
    },
    "unlock": [
      {
        "item": "tweaks:membrane_of_eternity"
      }
    ],
    "result": {
      "item": "tweaks:knife_of_eternity"
    }
  }
}