{
  "format_version": "1.20.10",
  "minecraft:recipe_shaped": {
    "description": {
    "identifier": "tweaks:light_blue_dye_from_chilled_bone_meal"
    },

    
    "tags": [ "crafting_table" ],
    "pattern": [
      "#"
    ],
    "key": {
      "#": {
        "item": "tweaks:chilled_bone_meal"
      }
    },
	"unlock": [
      {
        "item": "tweaks:chilled_bone_meal"
      }
    ],
    "result": {
      "item": "minecraft:light_blue_dye",
      "count": 1
    }
  }
}