{
    "format_version": "1.20.10",
    "minecraft:recipe_shaped": {
        "description": {
            "identifier": "tweaks:mithril_leggings"
        },
        "tags": [
            "crafting_table"
        ],
        "pattern": [
            "CCC",
            "C C",
            "C C"
        ],
        "key": {
            "C": {
                "item": "tweaks:mithril_ingot"
            }
        },
        "unlock": [
          {
            "item": "tweaks:mithril_ingot"
          }
        ],
        "result": {
            "item": "tweaks:mithril_leggings"
        },
        "priority": 1
    }
}