{
  "format_version": "1.20.10",
  "minecraft:recipe_shapeless": {
    "description": {
    "identifier": "tweaks:mossy_dripstone_bricks_from_moss"
    },

    
    "tags": [ "crafting_table" ],
    "ingredients": [
      {
        "item": "tweaks:dripstone_bricks"
      },
      {
        "item": "minecraft:moss_block"
      }
    ],
	"unlock": [
        {
          "item": "minecraft:moss_block"
        }
    ],
    "result": {
      "item": "tweaks:mossy_dripstone_bricks"
    }
  }
}