{
  "format_version": "1.20.10",
  "minecraft:recipe_shapeless": {
    "description": {
    "identifier": "tweaks:mushroom_stew_alt2"
    },

    
    "tags": [ "crafting_table" ],
    "ingredients": [
      {
        "item": "minecraft:brown_mushroom"
      },
      {
        "item": "tweaks:whitecap_mushroom_item"
      },
      {
        "item": "minecraft:bowl"
      }
    ],
	"unlock": [
      {
        "item": "minecraft:brown_mushroom"
	  },
	  {
		"item": "tweaks:whitecap_mushroom_item"
      },
	  {
		"item": "minecraft:bowl"
      }
    ],
    "result": {
      "item": "minecraft:mushroom_stew"
    }
  }
}