{
    "format_version": "1.20.10",
    "minecraft:recipe_shaped": {
        "description": {
            "identifier": "tweaks:nuclear_fury"
        },
        "tags": [
            "crafting_table"
        ],
        "pattern": [
            "SSS",
            "SCS",
            " S "
        ],
        "key": {
            "S": {
                "item": "tweaks:uranium_powder"
            },
            "C": {
                "item": "minecraft:netherite_ingot"
            }
        },
        "unlock": [
          {
            "item": "tweaks:uranium_powder"
          },
          {
            "item": "minecraft:netherite_ingot"
          }
        ],
        "result": {
            "item": "tweaks:nuclear_fury",
            "count": 1
        },
        "priority": 1
    }
}