{
  "format_version": "1.20.10",
  "minecraft:recipe_shaped": {
    "description": {
    "identifier": "tweaks:pulse_sludge_alt"
    },

    
    "tags": [ "crafting_table" ],
    "pattern": [
      "B#",
      "#B"
    ],
    "key": {
      "#": {
        "item": "minecraft:warped_fungus"
      },
      "B": {
        "item": "tweaks:pulsating_gland"
      }
    },
	"unlock": [
      {
        "item": "tweaks:pulsating_gland"
      }
    ],
    "result": {
      "item": "tweaks:pulse_sludge",
      "count": 2
    }
  }
}