{
  "format_version": "1.20.10",
  "minecraft:recipe_shaped": {
    "description": {
    "identifier": "tweaks:pulstone"
    },

    
    "tags": [ "crafting_table" ],
    "pattern": [
      "CBC",
      "BAB",
      "CBC"
    ],
    "key": {
      "A": {
        "item": "tweaks:pulse_sludge"
      },
      "B": {
        "item": "tweaks:uranium_powder"
      },
      "C": {
        "item": "tweaks:pulsating_gland"
      }
    },
	"unlock": [
      {
        "item": "tweaks:pulse_sludge"
      }
    ],
    "result": {
      "item": "tweaks:pulstone"
    }
  }
}