{
    "format_version": "1.20.10",
    "minecraft:recipe_shaped": {
        "description": {
            "identifier": "tweaks:ruby_bracelets"
        },
        "tags": [
            "crafting_table"
        ],
        "pattern": [
            "C C",
            "SCS"
        ],
        "key": {
            "S": {
                "item": "tweaks:ruby"
            },
            "C": {
                "item": "minecraft:gold_ingot"
            }
        },
        "unlock": [
          {
            "item": "tweaks:ruby"
          }
        ],
        "result": {
            "item": "tweaks:ruby_bracelets",
            "count": 1
        },
        "priority": 1
    }
}