{
    "format_version": "1.20.10",
    "minecraft:recipe_shaped": {
        "description": {
            "identifier": "tweaks:saddle"
        },
        "tags": [
            "crafting_table"
        ],
        "pattern": [
            " C ",
            "LSL",
            "R R"
        ],
        "key": {
            "S": {
                "item": "tweaks:camel_pelt"
            },
            "C": {
                "item": "minecraft:iron_ingot"
            },
            "R": {
                "item": "minecraft:string"
            },
            "L": {
                "item": "minecraft:leather"
            }
        },
        "unlock": [
          {
            "item": "tweaks:camel_pelt"
          },
          {
            "item": "minecraft:leather"
          }
        ],
        "result": {
            "item": "minecraft:saddle",
            "count": 1
        },
        "priority": 1
    }
}