{
  "format_version": "1.20.10",
  "minecraft:recipe_shapeless": {
    "description": {
    "identifier": "tweaks:salad_red"
    },

    
    "tags": [ "crafting_table" ],
    "ingredients": [
      {
        "item": "minecraft:red_mushroom"
      },
      {
        "item": "minecraft:potato"
      },
      {
        "item": "minecraft:beetroot"
      },
      {
        "item": "minecraft:carrot"
      },
      {
        "item": "tweaks:tomato"
      },
      {
        "item": "minecraft:bowl"
      }
    ],
	"unlock": [
      {
        "item": "minecraft:red_mushroom"
	  },
	  {
		"item": "tweaks:tomato"
         },
	  {
		"item": "minecraft:potato"
         },
	  {
		"item": "minecraft:carrot"
         },
	  {
		"item": "minecraft:beetroot"
         },
	  {
		"item": "minecraft:bowl"
      }
    ],
    "result": {
      "item": "tweaks:salad"
    }
  }
}