{
  "format_version": "1.20.10",
  "minecraft:recipe_shaped": {
    "description": {
    "identifier": "tweaks:soul_jack_o_lantern"
    },

    
    "tags": [ "crafting_table" ],
    "pattern": [
      "A",
      "B"
    ],
    "key": {
      "A": {
        "item": "minecraft:carved_pumpkin"
      },
      "B": {
        "item": "minecraft:soul_torch"
      }
    },
    "unlock": [
      {
        "item": "minecraft:carved_pumpkin"
      }
    ],
    "result": {
      "item": "tweaks:soul_jack_o_lantern"
    }
  }
}