{
    "format_version": "1.20.10",
    "minecraft:recipe_shaped": {
        "description": {
            "identifier": "tweaks:soul_sandstone_slab_from_chiseled"
        },
        "key": {
            "#": {
                "item": "tweaks:chiseled_soul_sandstone"
            }
        },
        "pattern": [
            "###"
        ],
        "priority": 1,
        "result": {
            "count": 6,
            "item": "tweaks:soul_sandstone_slab"
        },
		"unlock": [
			{
				"item": "tweaks:chiseled_soul_sandstone"
			}
		],
        "tags": [
            "crafting_table"
        ]
    }
}