{
  "format_version": "1.20.10",
  "minecraft:recipe_shaped": {
    "description": {
      "identifier": "tweaks:stone_sword_from_end_stone"
    },    
    "tags": [ "crafting_table" ],
    "pattern": [
      "X",
      "X",
      "#"
    ],
    "key": {
      "#": {
        "item": "minecraft:stick"
      },
      "X": {
        "item": "minecraft:end_stone"
      }
    },
	"unlock": [
      {
        "item": "minecraft:end_stone"
      }
    ],
    "result": {
      "item": "minecraft:stone_sword"
    },
    "priority": 1
  }
}