{
  "format_version": "1.20.10",
  "minecraft:recipe_shaped": {
    "description": {
    "identifier": "tweaks:tempest_lamp"
    },

    
    "tags": [ "crafting_table" ],
    "pattern": [
      "B#B",
      "B#B",
      "B#B"
    ],
    "key": {
      "#": {
        "item": "tweaks:wind_essence"
      },
      "B": {
        "item": "tweaks:mithril_ingot"
      }
    },
	"unlock": [
      {
        "item": "tweaks:wind_essence"
      }
    ],
    "result": {
      "item": "tweaks:tempest_lamp"
    }
  }
}