{
  "format_version": "1.20.10",
  "minecraft:recipe_shaped": {
    "description": {
    "identifier": "tweaks:tome_of_gales"
    },

    
    "tags": [ "crafting_table" ],
    "pattern": [
      "BDC",
      "DAD",
      "BDC"
    ],
    "key": {
      "A": {
        "item": "minecraft:book"
      },
      "B": {
        "item": "tweaks:mithril_ingot"
      },
      "C": {
        "item": "minecraft:echo_shard"
      },
      "D": {
        "item": "tweaks:wind_essence"
      }
    },
    "unlock": [
      {
        "item": "tweaks:wind_essence"
      }
    ],
    "result": {
      "item": "tweaks:tome_of_gales"
    }
  }
}