{
  "format_version": "1.20.10",
  "minecraft:recipe_shaped": {
    "description": {
    "identifier": "tweaks:topaz_bricks_alt"
    },

    
    "tags": [ "crafting_table" ],
    "pattern": [
      "B#",
      "#B"
    ],
    "key": {
      "#": {
        "item": "tweaks:topaz_sliver"
      },
      "B": {
        "item": "minecraft:end_stone"
      }
    },
	"unlock": [
      {
        "item": "tweaks:topaz_sliver"
      }
    ],
    "result": {
      "item": "tweaks:topaz_bricks",
      "count": 2
    }
  }
}