{
  "format_version": "1.20.10",
  "minecraft:recipe_shaped": {
    "description": {
      "identifier": "tweaks:topaz_brick_wall"
    },
    "tags": [ "crafting_table" ],
    "pattern": [
      "###",
      "###"
    ],
    "key": {
      "#": {
        "item": "tweaks:topaz_bricks"
      }
    },
	"unlock": [
          {
            "item": "tweaks:topaz_bricks"
          }
        ],
    "result": {
      "item": "tweaks:topaz_brick_wall",
      "count": 6
    }
  }
}