{
  "format_version": "1.20.10",
  "minecraft:recipe_shaped": {
    "description": {
    "identifier": "tweaks:tunneler"
    },

    
    "tags": [ "crafting_table" ],
    "pattern": [
      "#C#",
      "BBB",
      "#C#"
    ],
    "key": {
      "#": {
        "item": "minecraft:iron_ingot"
      },
      "C": {
        "item": "minecraft:diamond"
      },
      "B": {
        "item": "tweaks:uranium_powder"
      }
    },
	"unlock": [
      {
        "item": "tweaks:uranium_powder"
      }
    ],
    "result": {
      "item": "tweaks:tunneler",
      "count": 4
    }
  }
}