{
  "minecraft:client_entity" : {
    "description" : {
      "render_controllers" : [
        "controller.render.iron_golem"
      ],
      "materials" : {
        "default" : "iron_golem"
      },
      "geometry" : {
        "default" : "geometry.basalt_giant"
      },
      "animations" : {
        "walk_to_target" : "animation.iron_golem.walk_to_target",
        "attack" : "animation.iron_golem.attack",
        "look_at_target" : "animation.common.look_at_target",
        "move_to_target" : "animation.iron_golem.move_to_target",
        "move" : "animation.iron_golem.move",
        "move_controller" : "controller.animation.iron_golem.move",
        "arm_controller" : "controller.animation.iron_golem.arm_movement",
        "walk" : "animation.iron_golem.walk"
      },
      "spawn_egg" : {
        "texture" : "basalt_giant_spawn_egg",
        "texture_index" : 0
      },
      "identifier" : "tweaks:basalt_giant",
      "scripts" : {
        "animate" : [
          "look_at_target",
          "move_controller",
          "arm_controller"
        ],
        "pre_animation" : [
          "variable.modified_tcos0 = Math.clamp(((Math.cos(query.modified_distance_moved * 13.5) * Math.min(query.modified_move_speed, 0.6) \/ variable.gliding_speed_value) * 25.0), -12.5, 12.5);"
        ]
      },
      "textures" : {
        "default" : "textures\/entity\/basalt_giant"
      }
    }
  },
  "format_version" : "1.10.0"
}