{
  "format_version": "1.10.0",
  "minecraft:client_entity": {
    "description": {
      "identifier": "tweaks:blastling_fireball",
      "materials": {
        "default": "enderman"
      },
      "textures": {
        "default": "textures/entity/blastling_fireball"
      },
      "geometry": {
        "default": "geometry.blastling_fireball"
      },
      "animations": {
        "move": "animation.blastling_fireball.move"
      },
      "scripts": {
        "pre_animation": [
          "variable.shake = query.shake_time - query.frame_alpha;",
          "variable.shake_power = variable.shake > 0.0 ? -Math.sin(variable.shake * 200.0) * variable.shake : 0.0;"
        ],
        "animate": [
          "move"
        ]
      },
      "render_controllers": [ "controller.render.zombie" ]
    }
  }
}
