{
  "format_version": "1.8.0",
  "minecraft:client_entity": {
    "description": {
      "identifier": "tweaks:blastling",
      "materials": {
        "default": "enderman",
        "overlay": "enderman"
      },
      "textures": {
        "default": "textures/entity/blastling",
        "overlay": "textures/entity/blastling_fire"
      },
      "geometry": {
        "default": "geometry.blastling",
        "overlay": "geometry.blastling.fire"
      },
      "spawn_egg": {
        "texture" : "blastling_spawn_egg",
        "texture_index" : 0
      },
      "animations": {
        "move": "animation.blastling_fire.move",
        "bob": "animation.blastling.base",
        "idle": "animation.blastling.idle",
        "walking": "animation.blastling.walk",
        "load": "animation.blastling.pre_attack",
        "shot": "animation.blastling.shot",
        "pre_loop": "animation.blastling.pre_loop",
        "creeper_snow": "animation.blastling.particle"
      },
      "animation_controllers": [
        { "move": "controller.animation.humanoid.move" },
        { "idle": "controller.animation.blastling" }
      ],
      "render_controllers": [
        "controller.render.stray_clothes",
        "controller.render.stray"
      ],
      "enable_attachables": true
    }
  }
}
