{
  "minecraft:client_entity" : {
    "description" : {
      "render_controllers" : [
        "controller.render.creeper",
        "controller.render.creeper_armor"
      ],
      "materials" : {
        "default" : "enderman"
      },
      "geometry" : {
        "default" : "geometry.bluster"
      },
      "animations" : {
        "creeper_swelling" : "animation.creeper.swelling",
        "creeper_head" : "animation.common.look_at_target",
        "creeper_legs" : "animation.creeper.legs"
      },
      "spawn_egg" : {
        "texture" : "bluster_spawn_egg",
        "texture_index" : 0
      },
      "identifier" : "tweaks:bluster",
      "scripts" : {
        "pre_animation" : [
          "variable.wobble = Math.sin(query.swell_amount * 5730) * query.swell_amount * 0.01 + 1.0;",
          "variable.swelling_scale1 = (Math.pow(Math.clamp(query.swell_amount, 0.0, 1.0), 4.0) * 0.4 + 1.0) * variable.wobble;",
          "variable.swelling_scale2 = (Math.pow(Math.clamp(query.swell_amount, 0.0, 1.0), 4.0) * 0.1 + 1.0) \/ variable.wobble;",
          "variable.leg_rot = Math.cos(query.modified_distance_moved * 38.17326) * 80.22 * query.modified_move_speed;",
          "variable.flash = Math.mod(Math.Round(query.swell_amount * 10.0), 2.0);"
        ]
      },
      "min_engine_version" : "1.8.0",
      "animation_controllers" : [
        {
          "creeper_head" : "controller.animation.creeper.head"
        },
        {
          "creeper_legs" : "controller.animation.creeper.legs"
        },
        {
          "creeper_swelling" : "controller.animation.creeper.swelling"
        }
      ],
      "textures" : {
        "default" : "textures\/entity\/bluster"
      }
    }
  },
  "format_version" : "1.8.0"
}