{
  "minecraft:client_entity" : {
    "description" : {
      "render_controllers" : [
        "controller.render.spider"
      ],
      "materials" : {
        "default" : "phantom"
      },
      "geometry" : {
        "default" : "geometry.frost_bite"
      },
      "animations" : {
        "look_at_target" : "animation.spider.look_at_target",
        "walk" : "animation.spider.walk",
        "default_leg_pose" : "animation.spider.default_leg_pose"
      },
      "spawn_egg" : {
        "texture" : "frost_bite_spawn_egg",
        "texture_index" : 0
      },
      "identifier" : "tweaks:frost_bite",
      "min_engine_version" : "1.8.0",
      "animation_controllers" : [
        {
          "move" : "controller.animation.spider.move"
        }
      ],
      "textures" : {
        "default" : "textures\/entity\/frost_bite\/frost_bite"
      }
    }
  },
  "format_version" : "1.8.0"
}