{
  "minecraft:client_entity" : {
    "description" : {
      "render_controllers" : [
        "controller.render.phantom"
      ],
      "particle_effects" : {
        "wing_dust" : "minecraft:shulker_bullet"
      },
      "materials" : {
        "default" : "entity_emissive_alpha"
      },
      "geometry" : {
        "default" : "geometry.glider"
      },
      "sound_effects" : {
        "flap" : "mob.glider.flap"
      },
      "animations" : {
        "move" : "animation.phantom.move",
        "phantom_base_pose" : "animation.phantom.base_pose"
      },
      "spawn_egg" : {
        "texture" : "glider_spawn_egg",
        "texture_index" : 0
      },
      "identifier" : "tweaks:glider",
      "scripts" : {
        "pre_animation" : [
          "variable.wingRotZ = 16.0 * Math.sin((variable.RuntimeID * 3 + query.life_time * 20.0) * 7.448454);",
          "variable.tailRotX = -5.0 * Math.sin((variable.RuntimeID * 3 + query.life_time * 20.0) * 14.896908) - 5.0;"
        ]
      },
      "animation_controllers" : [
        {
          "phantom_base_pose" : "controller.animation.phantom.base_pose"
        },
        {
          "move" : "controller.animation.phantom.move"
        }
      ],
      "textures" : {
        "default" : "textures\/entity\/glider"
      }
    }
  },
  "format_version" : "1.8.0"
}