{
  "minecraft:client_entity" : {
    "description" : {
      "render_controllers" : [
        "controller.render.allay"
      ],
      "enable_attachables" : true,
      "materials" : {
        "default" : "phantom"
      },
      "geometry" : {
        "default" : "geometry.guardian_vex"
      },
      "animations" : {
        "idle" : "animation.allay.idle",
        "hold_item" : "animation.allay.hold_item"
      },
      "spawn_egg" : {
        "texture" : "tweaks:guardian_vex",
        "texture_index" : 0
      },
      "identifier" : "tweaks:guardian_vex",
      "scripts" : {
        "pre_animation" : [
          "variable.holding_trident = query.is_item_name_any('slot.weapon.mainhand', 'minecraft:trident');"
        ]
      },
      "animation_controllers" : [
        {
          "general" : "controller.animation.allay.general"
        },
        {
          "holding" : "controller.animation.allay.holding"
        }
      ],
      "textures" : {
        "default" : "textures\/entity\/guardian_vex"
      }
    }
  },
  "format_version" : "1.8.0"
}