{
  "format_version": "1.8.0",
  "minecraft:client_entity": {
    "description": {
      "identifier": "tweaks:guardian_vex",
      "materials": {
        "default": "phantom"
      },
      "textures": {
        "default": "textures/entity/guardian_vex"
      },
      "geometry": {
        "default": "geometry.guardian_vex"
      },
      "scripts": {
        "pre_animation": [
          "variable.tcos0 = (Math.cos(query.modified_distance_moved * 38.17) * query.modified_move_speed / variable.gliding_speed_value) * 57.3;"
        ]
      },
      "animations": {
        "bob": "animation.guardian_vex.bob",
        "idle": "animation.guardian_vex.idle2",
        "walking_calm": "animation.guardian_vex.move",
        "walking_targeting": "animation.guardian_vex.move",
        "attacking_action": "animation.guardian_vex.attack"
      },
      "animation_controllers": [
        { "bob": "controller.animation.humanoid.bob" },
        { "idle": "controller.animation.guardian_vex.idle" }
      ],
      "sound_effects": {
        "flap": "mob.vex.flap"
      },
      "render_controllers": [
        "controller.render.stray"
      ],
      "enable_attachables": true
    }
  }
}
