{
  "format_version": "1.10.0",
  "minecraft:client_entity": {
    "description": {
      "identifier": "tweaks:illusioner_clone",
      "min_engine_version": "1.8.0",
      "materials": {
        "default": "pillager"
      },
      "textures": {
        "default": "textures/entity/illusioner"
      },
      "geometry": {
        "default": "geometry.illusioner"
      },
      "scripts": {
        "pre_animation": [
          "variable.tcos0 = (Math.cos(query.modified_distance_moved * 38.17) * query.modified_move_speed / variable.gliding_speed_value) * 57.3;"
        ],
        "animate": [
          "controller_general",
          "controller_move"
        ]
      },
      "animations": {
        "general": "animation.illusioner.general",
        "casting": "animation.illusioner.casting",
        "shake": "animation.illusioner.shaking",
        "shoot": "animation.illusioner.shoot",
        "mirror": "animation.illusioner.mirror",
        "mirror_two": "animation.illusioner.mirror2",
        "mirror_three": "animation.illusioner.mirror3",
        "mirror_four": "animation.illusioner.mirror4",
        "mirror_five": "animation.illusioner.mirror5",
        "mirror_six": "animation.illusioner.mirror6",
        "mirror_seven": "animation.illusioner.mirror7",
        "mirror_eight": "animation.illusioner.mirror8",
        "mirror_nine": "animation.illusioner.mirror9",
        "mirror_ten": "animation.illusioner.mirror10",
        "look_at_target": "animation.illusioner.look_at_target",
        "move": "animation.illusioner.move",
        "controller_general": "controller.animation.illusioner.general",
        "controller_move": "controller.animation.villager.move"
      },
      "particle_effects": {
        "spell": "minecraft:evoker_spell"
      },
      "render_controllers": [ "controller.render.pillager" ],
      "enable_attachables": true,
      "spawn_egg": {
        "texture" : "illusioner_spawn_egg",
        "texture_index" : 0
      }
    }
  }
}
