{
  "minecraft:client_entity" : {
    "description" : {
      "render_controllers" : [
        "controller.render.panda"
      ],
      "materials" : {
        "default" : "phantom"
      },
      "geometry" : {
        "default" : "geometry.noxious_immolator"
      },
      "animations" : {
        "look_at_target" : "animation.common.look_at_target",
        "walk" : "animation.quadruped.walk"
      },
      "spawn_egg" : {
        "texture" : "noxious_immolator_spawn_egg",
        "texture_index" : 0
      },
      "identifier" : "tweaks:noxious_immolator",
      "animation_controllers" : [
        {
          "move" : "controller.animation.panda.move"
        }
      ],
      "textures" : {
        "default" : "textures\/entity\/noxious_immolator\/noxious_immolator"
      }
    }
  },
  "format_version" : "1.8.0"
}