{
  "format_version": "1.10.0",
  "minecraft:client_entity": {
    "description": {
      "identifier": "tweaks:palm_boat",
      "materials": {
        "default": "skeleton"
      },
      "textures": {
        "default": "textures/entity/boats/palm_boat"
      },
      "geometry": {
        "default": "geometry.tweaks_boat"
      },
      "animations": {
        "move": "animation.boat.move",
         "point": "animation.bpoint",
        "attack": "animation.boat.attack",
        "humanoid_big_head": "animation.humanoid.big_head",
        "look_at_target": "animation.humanoid.look_at_target.default.v1.0",
        "ctrl": "controller.animation.boat.attack_ctrl"
      },
      "scripts": {
        "animate": [
          "point",
          {
            "move": "query.modified_move_speed"
          }
        ]
      },
      "render_controllers": [
        "controller.render.boat"
      ],
      "enable_attachables": false
      }
    }
  }
}