{
  "minecraft:client_entity" : {
    "description" : {
      "render_controllers" : [
        "controller.render.enderman"
      ],
      "materials" : {
        "default" : "enderman",
        "invisible" : "enderman_invisible"
      },
      "geometry" : {
        "default" : "geometry.pearl_shard"
      },
      "animations" : {
        "pearl_shooter_1_bullet" : "animation.pearl_shard"
      },
      "identifier" : "tweaks:pearl_shard",
      "scripts" : {
        "animate" : [
          "pearl_shard"
        ],
        "pre_animation" : [
          "variable.shake = query.shake_time - query.frame_alpha;",
          "variable.shake_power = variable.shake > 0.0 ? -Math.sin(variable.shake * 200.0) * variable.shake : 0.0;"
        ]
      },
      "textures" : {
        "default" : "textures\/items\/pearl_shard"
      }
    }
  },
  "format_version" : "1.10.0"
}