{
  "minecraft:client_entity" : {
    "description" : {
      "render_controllers" : [
        "controller.render.endermite"
      ],
      "materials" : {
        "default" : "phantom"
      },
      "geometry" : {
        "default" : "geometry.pest"
      },
      "animations" : {
        "move" : "animation.endermite.move"
      },
      "spawn_egg" : {
        "texture" : "pest_spawn_egg",
        "texture_index" : 0
      },
      "identifier" : "tweaks:pest",
      "animation_controllers" : [
        {
          "move" : "controller.animation.endermite.move"
        }
      ],
      "textures" : {
        "default" : "textures\/entity\/pest"
      }
    }
  },
  "format_version" : "1.8.0"
}