{
  "minecraft:client_entity" : {
    "description" : {
      "render_controllers" : [
        {
          "controller.render.player.first_person" : "variable.is_first_person && !query.is_spectator"
        },
        {
          "controller.render.player.third_person" : "!variable.is_first_person && !variable.map_face_icon && !query.is_spectator"
        },
        {
          "controller.render.player.first_person_spectator" : "variable.is_first_person && query.is_spectator"
        },
        {
          "controller.render.player.third_person_spectator" : "!variable.is_first_person && !variable.map_face_icon && query.is_spectator"
        },
        {
          "controller.render.player.map" : "variable.map_face_icon"
        },
        {
          "controller.render.pearl_shooter" : "variable.pearl_shooter"
        }
      ],
      "enable_attachables" : true,
      "materials" : {
        "default" : "entity_alphatest",
        "cape" : "entity_alphatest",
        "animated" : "player_animated",
        "spectator": "player_spectator"
      },
      "geometry" : {
        "default" : "geometry.humanoid.custom",
        "cape" : "geometry.cape",
        "pearl_shooter" : "geometry.pearl_shooter"
      },
      "animations" : {
        "first_person_attack_rotation" : "animation.player.first_person.attack_rotation",
        "holding_spyglass" : "animation.humanoid.holding_spyglass",
        "first_person_map_hold_main_hand" : "animation.player.first_person.map_hold_main_hand",
        "swimming.legs" : "animation.player.swim.legs",
        "look_at_target_gliding" : "animation.humanoid.look_at_target.gliding",
        "look_at_target_swimming" : "animation.humanoid.look_at_target.swimming",
        "holding" : "animation.player.holding",
        "attack.positions" : "animation.player.attack.positions",
        "first_person_map_hold" : "animation.player.first_person.map_hold",
        "first_person_shield_block" : "animation.player.first_person.shield_block",
        "brandish_spear" : "animation.humanoid.brandish_spear",
        "third_person_crossbow_equipped" : "animation.player.crossbow_equipped",
        "first_person_map_hold_attack" : "animation.player.first_person.map_hold_attack",
        "base_controller" : "controller.animation.player.base",
        "first_person_swap_item" : "animation.player.first_person.swap_item",
        "first_person_base_pose" : "animation.player.first_person.base_pose",
        "use_item_progress" : "animation.humanoid.use_item_progress",
        "shield_block_main_hand" : "animation.player.shield_block_main_hand",
        "pearl_shooter" : "animation.pearl_shooter.hold",
        "crossbow_hold" : "animation.player.crossbow_hold",
        "look_at_target_inverted" : "animation.player.look_at_target.inverted",
        "shield_block_off_hand" : "animation.player.shield_block_off_hand",
        "hudplayer" : "controller.animation.player.hudplayer",
        "skeleton_attack" : "animation.skeleton.attack",
        "riding.legs" : "animation.player.riding.legs",
        "swimming" : "animation.player.swim",
        "crossbow_controller" : "controller.animation.player.crossbow",
        "first_person_empty_hand" : "animation.player.first_person.empty_hand",
        "move.arms" : "animation.player.move.arms",
        "look_at_target" : "controller.animation.humanoid.look_at_target",
        "look_at_target_default" : "animation.humanoid.look_at_target.default",
        "bow_and_arrow" : "animation.humanoid.bow_and_arrow",
        "sleeping" : "animation.player.sleeping",
        "root" : "controller.animation.player.root",
        "first_person_walk" : "animation.player.first_person.walk",
        "first_person_attack_controller" : "controller.animation.player.first_person_attack",
        "first_person_map_controller" : "controller.animation.player.first_person_map",
        "riding.arms" : "animation.player.riding.arms",
        "crawling": "animation.player.crawl",
        "crawling.legs": "animation.player.crawl.legs",
        "look_at_target_ui" : "animation.player.look_at_target.ui",
        "third_person_bow_equipped" : "animation.player.bow_equipped",
        "first_person_map_hold_off_hand" : "animation.player.first_person.map_hold_off_hand",
        "blink" : "controller.animation.persona.blink",
        "bob" : "animation.player.bob",
        "first_person_vr_attack_rotation" : "animation.player.first_person.vr_attack_rotation",
        "charging" : "animation.humanoid.charging",
        "move.legs" : "animation.player.move.legs",
        "damage_nearby_mobs" : "animation.humanoid.damage_nearby_mobs",
        "attack.rotations" : "animation.player.attack.rotations",
        "humanoid_base_pose" : "animation.humanoid.base_pose",
        "cape" : "animation.player.cape",
        "first_person_crossbow_equipped" : "animation.player.first_person.crossbow_equipped",
        "sneaking" : "animation.player.sneaking",
        "tooting_goat_horn" : "animation.humanoid.tooting_goat_horn",
        "holding_brush" : "animation.humanoid.holding_brush",
        "brushing" : "animation.humanoid.brushing",
        "pearl_shooter_first_person" : "animation.pearl_shooter.first_person.hold"
      },
      "identifier" : "minecraft:player",
      "scripts" : {
        "pre_animation" : [
          "variable.helmet_layer_visible = 1.0;",
          "variable.leg_layer_visible = 1.0;",
          "variable.boot_layer_visible = 1.0;",
          "variable.chest_layer_visible = 1.0;",
          "variable.attack_body_rot_y = Math.sin(360*Math.sqrt(variable.attack_time)) * 5.0;",
          "variable.tcos0 = (math.cos(query.modified_distance_moved * 38.17) * query.modified_move_speed \/ variable.gliding_speed_value) * 57.3;",
          "variable.first_person_rotation_factor = math.sin((1 - variable.attack_time) * 180.0);",
          "variable.hand_bob = query.life_time < 0.01 ? 0.0 : variable.hand_bob + ((query.is_on_ground && query.is_alive ? math.clamp(math.sqrt(math.pow(query.position_delta(0), 2.0) + math.pow(query.position_delta(2), 2.0)), 0.0, 0.1) : 0.0) - variable.hand_bob) * 0.02;",
          "variable.map_angle = math.clamp(1 - variable.player_x_rotation \/ 45.1, 0.0, 1.0);",
          "variable.item_use_normalized = query.main_hand_item_use_duration \/ query.main_hand_item_max_duration;",
          "variable.pearl_shooter = query.get_equipped_item_name('main_hand') == 'pearl_shooter';"
        ],
        "initialize" : [
          "variable.is_holding_right = 0.0;",
          "variable.is_blinking = 0.0;",
          "variable.last_blink_time = 0.0;",
          "variable.hand_bob = 0.0;"
        ],
        "animate" : [
          "root",
          {
            "pearl_shooter_first_person" : "variable.pearl_shooter && variable.is_first_person"
          },
          {
            "pearl_shooter" : "variable.pearl_shooter"
          }
        ],
        "scale" : "0.9375"
      },
      "textures" : {
        "default" : "textures\/entity\/steve",
        "cape" : "textures\/entity\/cape_invisible",
        "pearl_shooter" : "textures\/items\/pearl_shard_shooter"
      }
    }
  },
  "format_version" : "1.10.0"
}