{
  "minecraft:client_entity" : {
    "description" : {
      "render_controllers" : [
        "controller.render.cow"
      ],
      "materials" : {
        "default" : "entity_emissive_alpha"
      },
      "geometry" : {
        "default" : "geometry.roxen"
      },
      "animations" : {
        "walk" : "animation.quadruped.walk",
        "look_at_target" : "animation.common.look_at_target",
        "baby_transform" : "animation.cow.baby_transform",
        "setup" : "animation.cow.setup"
      },
      "spawn_egg" : {
        "texture" : "roxen_spawn_egg",
        "texture_index" : 0
      },
      "identifier" : "tweaks:roxen",
      "scripts" : {
        "animate" : [
          "setup",
          {
            "walk" : "query.modified_move_speed"
          },
          "look_at_target",
          {
            "baby_transform" : "query.is_baby"
          }
        ]
      },
      "min_engine_version" : "1.8.0",
      "textures" : {
        "default" : "textures\/entity\/roxen"
      }
    }
  },
  "format_version" : "1.10.0"
}