{
  "format_version": "1.10.0",
  "minecraft:client_entity": {
    "description": {
      "identifier": "tweaks:shroomlight_bug",
      "materials": { "default": "phantom" },
      "textures": {
        "default": "textures/entity/shroomlight_bug",
        "angry": "textures/entity/shroomlight_bug"
      },
      "geometry": {
        "default": "geometry.shroomlight_bug"
      },
      "animations": {
        "flying": "animation.bee.flying",
        "drip": "controller.animation.bee.drip",
        "controller_bee_sting": "controller.animation.bee.sting",
        "bee_sting": "animation.bee.sting",
        "bee_no_stinger": "animation.bee.no_stinger",
        "bee_fly_bobbing": "animation.bee.fly.bobbing",
        "bee_root_controller": "controller.animation.bee.root"
      },
      "scripts": {
        "animate": [
          "bee_root_controller",
          { "bee_no_stinger": "query.mark_variant == 1" }
        ]
      },
      "render_controllers": [ "controller.render.bee" ],
      "spawn_egg": {
        "texture" : "shroomlight_bug_spawn_egg",
        "texture_index" : 0
      }
    }
  }
}