{
  "minecraft:client_entity" : {
    "description" : {
      "render_controllers" : [
        "controller.render.cod"
      ],
      "materials" : {
        "default" : "skeleton"
      },
      "geometry" : {
        "default" : "geometry.cod"
      },
      "animations" : {
        "swim" : "animation.cod.swim",
        "flop" : "animation.cod.flop"
      },
      "spawn_egg" : {
        "texture" : "skeletal_swimmer_spawn_egg",
        "texture_index" : 0
      },
      "identifier" : "tweaks:skeletal_swimmer",
      "scripts" : {
        "pre_animation" : [
          "variable.ZRot = !query.is_in_water ? Math.cos((query.time_stamp + query.frame_alpha) * 14.32) * 90 : 0.0;",
          "variable.AnimationAmountBlend = Math.lerp(variable.AnimationAmountPrev, variable.AnimationAmount, query.frame_alpha);"
        ]
      },
      "animation_controllers" : [
        {
          "general" : "controller.animation.fish.general"
        }
      ],
      "textures" : {
        "default" : "textures\/entity\/fish\/skeletal_swimmer"
      }
    }
  },
  "format_version" : "1.8.0"
}