{
  "minecraft:client_entity" : {
    "description" : {
      "render_controllers" : [
        "controller.render.item_sprite"
      ],
      "materials" : {
        "default" : "snowball"
      },
      "geometry" : {
        "default" : "geometry.item_sprite"
      },
      "animations" : {
        "flying" : "animation.actor.billboard"
      },
      "identifier" : "tweaks:thrown_infinipearl",
      "scripts" : {
        "animate" : [
          "flying"
        ]
      },
      "textures" : {
        "default" : "textures\/items\/infinipearl"
      }
    }
  },
  "format_version" : "1.10.0"
}