{
  "pools": [
    {
      "rolls": 1,
      "entries": [
        {
          "type": "loot_table",
          "name": "loot_tables/gameplay/fishing/desert_junk.json",
          "weight": 40,
          "quality": -2
        },
        {
          "type": "loot_table",
          "name": "loot_tables/gameplay/fishing/desert_treasure.json",
          "weight": 5,
          "quality": 2
        },
        {
          "type": "loot_table",
          "name": "loot_tables/gameplay/fishing/desert_fish.json",
          "weight": 55,
          "quality": -1
        }
      ]
    }
  ]
}