{
  "pools": [
    {
      "rolls": 1,
      "entries": [
        {
          "type": "loot_table",
          "name": "loot_tables/gameplay/fishing/dripstone_cave_junk.json",
          "weight": 45,
          "quality": -2
        },
        {
          "type": "loot_table",
          "name": "loot_tables/gameplay/fishing/treasure.json",
          "weight": 5,
          "quality": 2
        },
        {
          "type": "loot_table",
          "name": "loot_tables/gameplay/fishing/dripstone_cave_fish.json",
          "weight": 50,
          "quality": -1
        }
      ]
    }
  ]
}