{
  "pools": [
    {
      "rolls": 1,
      "entries": [
        {
          "type": "loot_table",
          "name": "loot_tables/gameplay/fishing/mushroom_junk.json",
          "weight": 30,
          "quality": -2
        },
        {
          "type": "loot_table",
          "name": "loot_tables/gameplay/fishing/mushroom_treasure.json",
          "weight": 5,
          "quality": 2
        },
        {
          "type": "loot_table",
          "name": "loot_tables/gameplay/fishing/jungle_fish.json",
          "weight": 65,
          "quality": -1
        }
      ]
    }
  ]
}