{
  "minecraft:attachable" : {
    "description" : {
      "textures" : {
        "default" : "textures\/models\/armor\/mithril_boots.png",
        "enchanted" : "textures\/misc\/enchanted_item_glint"
      },
      "materials" : {
        "default" : "armor",
        "enchanted" : "armor_enchanted"
      },
      "identifier" : "tweaks:mithril_boots",
      "geometry" : {
        "default" : "geometry.mithril_boots"
      },
      "render_controllers" : [
        "controller.render.armor"
      ]
    }
  },
  "format_version" : "1.8.0"
}