{
  "minecraft:attachable" : {
    "description" : {
      "render_controllers" : [
        "controller.render.armor"
      ],
      "materials" : {
        "default" : "armor",
        "enchanted" : "armor_enchanted"
      },
      "geometry" : {
        "default" : "geometry.mithril_helmet"
      },
      "identifier" : "tweaks:mithril_helmet.player",
      "scripts" : {
        "parent_setup" : "variable.helmet_layer_visible = 0.0;"
      },
      "item" : {
        "tweaks:mithril_helmet" : "query.owner_identifier == 'minecraft:player'"
      },
      "textures" : {
        "default" : "textures\/models\/armor\/mithril_helmet",
        "enchanted" : "textures\/misc\/enchanted_item_glint"
      }
    }
  },
  "format_version" : "1.10.0"
}