{
  "minecraft:attachable" : {
    "description" : {
      "textures" : {
        "default" : "textures\/model\/armor\/ruby_bracelets",
        "enchanted" : "textures\/misc\/enchanted_item_glint"
      },
      "materials" : {
        "default" : "armor",
        "enchanted" : "armor_enchanted"
      },
      "identifier" : "tweaks:ruby_bracelets",
      "geometry" : {
        "default" : "geometry.ruby_bracelets"
      },
      "render_controllers" : [
        "controller.render.armor"
      ]
    }
  },
  "format_version" : "1.8.0"
}