{
    "format_version": "1.20.10",
    "minecraft:recipe_shaped": {
        "description": {
            "identifier": "tweaks:record_blocks"
        },
        "tags": [
            "crafting_table"
        ],
        "pattern": [
            "SSS",
            "SCS",
            "SSS"
        ],
        "key": {
            "S": {
                "item": "tweaks:disc_fragment_blocks"
            },
            "C": {
                "item": "minecraft:lapis_lazuli"
            }
        },
        "unlock": [
          {
            "item": "tweaks:disc_fragment_blocks"
          }
        ],
        "result": {
            "item": "minecraft:record_blocks",
            "count": 1
        },
        "priority": 1
    }
}