{
    "format_version": "1.20.10",
    "minecraft:recipe_shaped": {
        "description": {
            "identifier": "tweaks:record_wait"
        },
        "tags": [
            "crafting_table"
        ],
        "pattern": [
            "SSS",
            "SCS",
            "SSS"
        ],
        "key": {
            "S": {
                "item": "tweaks:disc_fragment_wait"
            },
            "C": {
                "item": "minecraft:heart_of_the_sea"
            }
        },
        "unlock": [
          {
            "item": "tweaks:disc_fragment_wait"
          }
        ],
        "result": {
            "item": "minecraft:record_wait",
            "count": 1
        },
        "priority": 1
    }
}