{
    "format_version": "1.20.10",
    "minecraft:recipe_shaped": {
        "description": {
            "identifier": "tweaks:record_relic_from_arms_up"
        },
        "tags": [
            "crafting_table"
        ],
        "pattern": [
            " S ",
            "SCS",
            " S "
        ],
        "key": {
            "S": {
                "item": "tweaks:disc_fragment_relic"
            },
            "C": {
                "item": "minecraft:arms_up_pottery_sherd"
            }
        },
        "unlock": [
          {
            "item": "tweaks:disc_fragment_relic"
          }
        ],
        "result": {
            "item": "minecraft:record_relic",
            "count": 1
        },
        "priority": 1
    }
}