{
  "format_version": "1.13.0",
  "minecraft:feature_rules": {
    "description": {
      "identifier": "tweaks:butterfly_rose_feature",
      "places_feature": "tweaks:butterfly_rose_scatter_feature"
    },
    "conditions": {
      "placement_pass": "surface_pass",
      "minecraft:biome_filter": [
        {
          "any_of": [
            {
              "test": "has_biome_tag",
              "operator": "==",
              "value": "flower_forest"
            },
            {
              "test": "has_biome_tag",
              "operator": "==",
              "value": "mangrove_swamp"
            },
            {
              "test": "has_biome_tag",
              "operator": "==",
              "value": "meadow"
            }
          ]
        }
      ]
    },
    "distribution": {
      "iterations": 20,
      "x": {
        "distribution": "uniform",
        "extent": [ 0, 16 ]
      },
      "y": {
        "distribution": "uniform",
        "extent": [ 0, 200 ]
      },
      "z": {
        "distribution": "uniform",
        "extent": [ 0, 16 ]
      }
    }
  }
}
