{
	"format_version": "1.16.100",
	"minecraft:feature_rules": {
		"description": {
			"identifier": "tweaks:cabin_feature_rule",
			"places_feature": "tweaks:cabin_feature"
		},
		"conditions": {
			"placement_pass": "first_pass",
			"minecraft:biome_filter": [
				{
					"all_of": [
						{
							"any_of": [
								{
									"test": "has_biome_tag",
									"operator": "==",
									"value": "overworld"
								},
								{
									"test": "has_biome_tag",
									"operator": "!=",
									"value": "deep_dark"
								}
							]
						}
					]
				}
			]
		},
		"distribution": {
			"iterations": 1.4,
			"x": {
				"distribution": "uniform",
				"extent": [
					0,
					16
				]
			},
			"y": {
				"distribution": "uniform",
				"extent": [
					-63,
					3
				]
			},
			"z": {
				"distribution": "uniform",
				"extent": [
					0,
					16
				]
			},
			"scatter_chance": 0.5
		}
	}
}