{
  "format_version": "1.13.0",
  "minecraft:feature_rules": {
    "description": {
      "identifier": "tweaks:chorungus_feature",
      "places_feature": "tweaks:chorungus_scatter_feature"
    },
    "conditions": {
      "placement_pass": "final_pass",
      "minecraft:biome_filter": [
        {
          "any_of": [
            {
              "test": "has_biome_tag",
              "operator": "==",
              "value": "the_end"
            }
          ]
        }
      ]
    },
    "distribution": {
      "iterations": 5,
      "x": {
        "distribution": "uniform",
        "extent": [ 0, 16 ]
      },
      "y": {
        "distribution": "uniform",
        "extent": [ 0, 120 ]
      },
      "z": {
        "distribution": "uniform",
        "extent": [ 0, 16 ]
      }
    }
  }
}
