{
  "minecraft:feature_rules" : {
    "distribution" : {
      "y" : {
        "distribution" : "uniform",
        "extent" : [
          160,
          242
        ]
      },
      "z" : {
        "distribution" : "uniform",
        "extent" : [
          0,
          16
        ]
      },
      "iterations" : 1,
      "scatter_chance" : 0.2,
      "x" : {
        "distribution" : "uniform",
        "extent" : [
          0,
          16
        ]
      }
    },
    "conditions" : {
      "minecraft:biome_filter" : [
        {
          "any_of" : [
            {
              "operator" : "==",
              "value" : "the_end",
              "test" : "has_biome_tag"
            }
          ]
        }
      ],
      "placement_pass" : "first_pass"
    },
    "description" : {
      "places_feature" : "tweaks:chorungus_island_feature",
      "identifier" : "tweaks:chorungus_island_feature"
    }
  },
  "format_version" : "1.13.0"
}