{
  "format_version": "1.16.0",
  "minecraft:feature_rules": {
    "description": {
      "identifier": "tweaks:chorus_patch_feature",
      "places_feature": "tweaks:chorus_patch_random_feature"
    },
    "conditions": {
      "placement_pass": "sky_pass",
      "minecraft:biome_filter": [
        {
          "test": "has_biome_tag", "operator": "==", "value": "the_end"
        }
      ]
    },
    "distribution": {
      "iterations": 2,
      "x": {
        "distribution": "uniform",
        "extent": [ 0, 16 ]
      },
      "y": {
        "distribution": "uniform",
        "extent": [ 0, 100 ]
      },
      "z": {
        "distribution": "uniform",
        "extent": [ 0, 16 ]
      }
    }
  }
}
