{
  "format_version": "1.13.0",
  "minecraft:feature_rules": {
    "description": {
      "identifier": "tweaks:deep_dark_underground_diamond_ore_feature",
      "places_feature": "minecraft:diamond_ore_feature"
    },
    "conditions": {
      "placement_pass": "underground_pass",
      "minecraft:biome_filter": {
        "test": "has_biome_tag",
        "operator": "==",
        "value": "deep_dark"
      }
    },
    "distribution": {
      "iterations": 30,
      "coordinate_eval_order": "zyx",
      "x": {
        "distribution": "uniform",
        "extent": [ 0, 16 ]
      },
      "y": {
        "distribution": "triangle",
        "extent": [ -64, 16 ]
      },
      "z": {
        "distribution": "uniform",
        "extent": [ 0, 16 ]
      }
    }
  }
}
