{
	"format_version": "1.13.0",
	"minecraft:feature_rules": {
		"description": {
			"identifier": "tweaks:end_caves_feature",
			"places_feature": "tweaks:end_caves_carver_feature"
		},
		"conditions": {
			"minecraft:biome_filter": [
				{
					"all_of": [
						{
							"any_of": [
								{
									"test": "has_biome_tag",
									"operator": "==",
									"value": "the_end"
								}
							]
						}
					]
				}
			],
			"placement_pass": "pregeneration_pass"
		},
		"distribution": {
			"iterations": 1000,
			"scatter_chance": 100,
			"x": {
				"distribution": "uniform",
				"extent": [
					0,
					16
				]
			},
			"y": {
				"distribution": "uniform",
				"extent": [
					80,
					12
				]
			},
			"z": {
				"distribution": "uniform",
				"extent": [
					0,
					16
				]
			}
		}
	}
}