{
  "format_version": "1.13.0",
  "minecraft:feature_rules": {
    "description": {
      "identifier": "tweaks:end_fossil_feature",
      "places_feature": "tweaks:end_fossil_feature"
    },
    "conditions": {
      "placement_pass": "after_surface_pass",
      "minecraft:biome_filter": [
        {
          "any_of": [
            {
              "test": "has_biome_tag",
              "operator": "==",
              "value": "the_end"
            }
          ]
        }
      ]
    },
    "distribution": {
      "iterations": 1,
      "scatter_chance": 2.5,
      "x": 0,
      "y": {
        "distribution": "uniform",
        "extent": [ 10, 45 ]
      },
      "z": 0
    }
  }
}
