{
  "format_version": "1.13.0",
  "minecraft:feature_rules": {
    "description": {
      "identifier": "tweaks:ice_mithril_ore_feature_rule",
      "places_feature": "tweaks:mithril_ore_feature"
    },
    "conditions": {
      "placement_pass": "underground_pass",
      "minecraft:biome_filter": {
        "test": "has_biome_tag",
        "operator": "==",
        "value": "frozen"
      }
    },
    "distribution": {
      "iterations": 6,
      "coordinate_eval_order": "zyx",
      "x": {
        "distribution": "uniform",
        "extent": [ 0, 16 ]
      },
      "y": {
        "distribution": "triangle",
        "extent": [ -63, 25 ]
      },
      "z": {
        "distribution": "uniform",
        "extent": [ 0, 16 ]
      }
    }
  }
}