{
	"format_version": "1.16.100",
	"minecraft:feature_rules": {
		"description": {
			"identifier": "tweaks:palm_tree_feature",
			"places_feature": "tweaks:palm_tree_feature"
		},
		"conditions": {
			"placement_pass": "surface_pass",
			"minecraft:biome_filter": [
				{
					"all_of": [
						{
							"any_of": [
								{
									"test": "has_biome_tag",
									"operator": "==",
									"value": "desert"
								},
								{
									"test": "has_biome_tag",
									"operator": "==",
									"value": "beach"
								}
							]
						}
					]
				}
			]
		},
		"distribution": {
			"iterations": 1,
			"scatter_chance": 0.8,
			"x": {
				"distribution": "uniform",
				"extent": [
					0,
					16
				]
			},
			"y": "query.heightmap(variable.worldx, variable.worldz) + -1",
			"z": {
				"distribution": "uniform",
				"extent": [
					0,
					16
				]
			}
		}
	}
}