{
	"format_version": "1.16.100",
	"minecraft:feature_rules": {
		"description": {
			"identifier": "tweaks:sunken_flesh_pile_feature_rule",
			"places_feature": "tweaks:sunken_flesh_pile_feature"
		},
		"conditions": {
			"placement_pass": "first_pass",
			"minecraft:biome_filter": [
				{
					"all_of": [
						{
							"any_of": [
								{
									"test": "has_biome_tag",
									"operator": "==",
									"value": "ocean"
								}
							]
						}
					]
				}
			]
		},
		"distribution": {
			"iterations": 1,
			"scatter_chance": 1.7,
			"x": {
				"distribution": "uniform",
				"extent": [
					0,
					16
				]
			},
			"y": "query.above_top_solid(v.worldx, v.worldz)",
			"z": {
				"distribution": "uniform",
				"extent": [
					0,
					16
				]
			}
		}
	}
}