{
	"format_version": "1.16.100",
	"minecraft:feature_rules": {
		"description": {
			"identifier": "tweaks:swamp_mud_patch_feature_rule",
			"places_feature": "tweaks:swamp_mud_patch_feature"
		},
        	"conditions": {
            		"placement_pass": "surface_pass",
             			"minecraft:biome_filter": [
                			{
                    			"all_of": [
                        			{
                            			"test": "has_biome_tag",
                            			"operator": "!=",
                            			"value": "lakes"
                        			},
                        			{
                            			"test": "has_biome_tag",
                            			"operator": "!=",
                            			"value": "ocean"
                        			},
                       			 {
                            			"test": "has_biome_tag",
                            			"operator": "!=",
                            			"value": "river"
                        			},
                       	 		{
                            			"any_of": [
                                				{
                                    				"test": "has_biome_tag",
                                    				"operator": "==",
                                    				"value": "swamp"
                                				}
                            				]
                        			}
                    			]
                		}
        		]
        	},
		"distribution": {
			"iterations": 6,
			"coordinate_eval_order": "zyx",
			"x": {
				"distribution": "uniform",
				"extent": [
					0,
					16
				]
			},
			"y": {
				"distribution": "uniform",
				"extent": [
					40,
					85
				]
			},
			"z": {
				"distribution": "uniform",
				"extent": [
					0,
					16
				]
			}
		}
	}
}