{
  "format_version": "1.20.10",
  "minecraft:recipe_shaped": {
    "description": {
    "identifier": "tweaks:barrel_from_palm_planks"
    },
    "tags": [ "crafting_table" ],
    "pattern": [
      "#-#",
      "# #",
      "#-#"
    ],
    "key": {
      "#": {
        "item": "tweaks:palm_planks"
      },
      "-": {
        "tag": "minecraft:wooden_slabs"
      }
    },
    "unlock": [
      {
        "item": "tweaks:palm_planks"
      },
      {
        "tag": "minecraft:wooden_slabs"
      }
    ],
    "result": {
      "item": "minecraft:barrel"
    },
    "priority": 1
  }
}