{
    "format_version": "1.20.10",
    "minecraft:recipe_shaped": {
        "description": {
            "identifier": "tweaks:bowl_from_palm_planks"
        },
        "tags": [
            "crafting_table"
        ],
        "pattern": [
            "A A",
            " A "
        ],
        "key": {
            "A": {
                "item": "tweaks:palm_planks"
            }
        },
		"unlock": [
          {
            "item": "minecraft:brown_mushroom"
          },
		  {
			"item": "minecraft:red_mushroom"
          },
		  {
			"item": "minecraft:mushroom_stew"
          }
        ],
        "result": {
            "item": "bowl",
            "count": 4
        },
        "priority": 1
    }
}