{
  "format_version": "1.20.10",
  "minecraft:recipe_shaped": {
    "description": {
    "identifier": "tweaks:brown_bed_from_palm_planks"
    },

    
    "tags": [ "crafting_table" ],
    "group": "bed",
    "pattern": [
      "###",
      "PPP"
    ],
    "key": {
      "#": {
        "item": "minecraft:brown_wool"
      },
      "P": {
        "item": "tweaks:palm_planks"
      }
    },
	"unlock": [
      {
        "item": "minecraft:brown_wool"
      }
    ],
    "result": {
      "item": "minecraft:bed",
      "data": 12
    }
  }
}
