{
  "format_version": "1.20.10",
  "minecraft:recipe_shaped": {
    "description": {
      "identifier": "tweaks:campfire_from_stripped_palm_wood"
    }, 
    "tags": [ "crafting_table" ],
    "pattern": [
      " | ",
      "|C|",
      "###"
    ],
    "key": {
      "|": {
        "item": "minecraft:stick"
      },
      "#": {
        "item": "tweaks:stripped_palm_wood"
      },
      "C": {
        "tag": "minecraft:coals"
      }
    },
    "unlock": [
      {
        "item": "minecraft:stick"
      }
    ],
    "result": {
      "item": "minecraft:campfire"
    },
    "priority": 1
  }
}