{
    "format_version": "1.20.10",
    "minecraft:recipe_shaped": {
        "description": {
            "identifier": "tweaks:daylight_detector_from_palm_slab_soul"
        },
        "tags": [
            "crafting_table"
        ],
        "pattern": [
            "AAA",
            "BBB",
            "CCC"
        ],
        "key": {
            "A": {
                "item": "tweaks:soul_glass"
            },
            "B": {
                "item": "quartz"
            },
            "C": {
                "item": "tweaks:palm_slab"
            }
        },
        "unlock": [
          {
            "item": "quartz"
          }
        ],
        "result": {
            "item": "daylight_detector",
            "count": 1
        }
    }
}