{
  "format_version": "1.20.10",
  "minecraft:recipe_shaped": {
    "description": {
      "identifier": "tweaks:fletching_table_from_palm_planks"
    },
    "tags": [ "crafting_table" ],
    "pattern": [
      "||",
      "##",
      "##"
    ],
    "key": {
      "|": {
        "item": "minecraft:flint"
      },
      "#": {
        "item": "tweaks:palm_planks"
      }
    },
	"unlock": [
      {
        "item": "minecraft:flint"
      }
    ],
    "result": [
      { "item": "minecraft:fletching_table" }
    ],
    "priority": 1
  }
}