{
    "format_version": "1.20.10",
    "minecraft:recipe_shaped": {
        "description": {
            "identifier": "tweaks:noteblock_from_palm_planks"
        },
        "tags": [
            "crafting_table"
        ],
        "pattern": [
            "AAA",
            "ABA",
            "AAA"
        ],
        "key": {
            "A": {
                "item": "tweaks:palm_planks"
            },
            "B": {
                "item": "redstone"
            }
        },
        "unlock": [
          {
            "item": "minecraft:redstone"
          }
        ],
        "result": {
            "item": "noteblock",
            "count": 1
        },
        "priority": 1
    }
}