{
  "format_version": "1.20.10",
  "minecraft:recipe_shaped": {
    "description": {
      "identifier": "tweaks:palm_fence"
    },
    "tags": [ "crafting_table" ],
    "pattern": [
      "W#W",
      "W#W"
    ],
    "key": {
      "#": {
        "item": "minecraft:stick"
      },
      "W": {
        "item": "tweaks:palm_planks"
      }
    },
    "unlock": [
      {
        "item": "tweaks:palm_planks"
      }
    ],
    "result": {
      "item": "tweaks:palm_fence",
      "count": 3
    }
  }
}