{
    "format_version": "1.20.10",
    "minecraft:recipe_shaped": {
        "description": {
            "identifier": "tweaks:piston_from_palm_planks"
        },
        "tags": [
            "crafting_table"
        ],
        "pattern": [
            "AAA",
            "BCB",
            "BDB"
        ],
        "key": {
            "A": {
                "item": "tweaks:palm_planks"
            },
            "B": {
                "item": "cobblestone"
            },
            "C": {
                "item": "iron_ingot"
            },
            "D": {
                "item": "redstone"
            }
        },
        "unlock": [
          {
            "item": "minecraft:redstone"
          }
        ],
        "result": {
            "item": "piston",
            "count": 1,
            "data": 1
        },
        "priority": 1
    }
}