{
  "format_version": "1.20.10",
  "minecraft:recipe_shaped": {
    "description": {
      "identifier": "tweaks:shield_from_palm_planks"
    },
    "tags": [ "crafting_table" ],
    "pattern": [
      "#I#",
      "###",
      " # "
    ],
    "key": {
      "#": {
        "item": "tweaks:palm_planks"
      },
      "I": {
        "item": "minecraft:iron_ingot"
      }
    },
	"unlock": [
      {
        "item": "minecraft:iron_ingot"
      }
    ],
    "result": {
      "item": "minecraft:shield"
    },
    "priority": 1
  } 
}