{
  "format_version": "1.20.10",
  "minecraft:recipe_shaped": {
    "description": {
    "identifier": "tweaks:smoker_from_palm_log"
    },
    "tags": [ "crafting_table" ],
    "pattern": [
      " # ",
      "#F#",
      " # "
    ],
    "key": {
      "F": {
        "item": "minecraft:furnace"
      },
      "#": {
        "item": "tweaks:palm_log"
      }
    },
    "unlock": [
      {
        "item": "minecraft:furnace"
      }
    ],
    "result": {
      "item": "minecraft:smoker"
    },
    "priority": 1
  }
}