{
    "format_version": "1.20.10",
    "minecraft:recipe_shaped": {
        "description": {
            "identifier": "tweaks:soul_campfire_from_stripped_palm_wood"
        },
        "tags": [
            "crafting_table"
        ],
        "pattern": [
            " A ",
            "ABA",
            "CCC"
        ],
        "key": {
            "A": {
                "item": "stick"
            },
            "B": {
                "tag": "minecraft:soul_fire_base_blocks"
            },
            "C": {
                "item": "tweaks:stripped_palm_wood"
            }
        },
        "unlock": [
          {
            "tag": "minecraft:soul_fire_base_blocks"
          }
        ],
        "result": {
            "item": "soul_campfire",
            "count": 1
        },
        "priority": 1
    }
}