{
    "format_version": "1.20.10",
    "minecraft:recipe_shaped": {
        "description": {
            "identifier": "tweaks:stick_from_palm_planks"
        },
        "tags": [
            "crafting_table"
        ],
        "pattern": [
            "A",
            "A"
        ],
        "key": {
            "A": {
                "item": "tweaks:palm_planks"
            }
        },
        "unlock": [
          {
            "item": "tweaks:palm_planks"
          }
        ],
        "result": {
            "item": "stick",
            "count": 4
        },
        "priority": 1
    }
}