{
  "format_version": "1.20.10",
  "minecraft:recipe_shaped": {
    "description": {
    "identifier": "tweaks:wooden_sword_from_palm_planks"
    },
    
    "tags": [ "crafting_table" ],
    "pattern": [
      "X",
      "X",
      "#"
    ],
    "key": {
      "#": {
        "item": "minecraft:stick"
      },
      "X": {
        "item": "tweaks:palm_planks"
      }
    },
    "unlock": [
      {
        "item": "minecraft:stick"
      }
    ],
    "result": {
      "item": "minecraft:wooden_sword"
    }
  }
}