{
  "mob.endermite.hurt" : {
    "category" : "hostile",
    "__use_legacy_max_distance" : "true",
    "sounds" : [
      "sounds\/mob\/endermite\/hurt1",
      "sounds\/mob\/endermite\/hurt2",
      "sounds\/mob\/endermite\/hurt3"
    ]
  },
  "mob.silverfish.hurt" : {
    "category" : "hostile",
    "__use_legacy_max_distance" : "true",
    "sounds" : [
      "sounds\/mob\/silverfish\/hurt1",
      "sounds\/mob\/silverfish\/hurt2",
      "sounds\/mob\/silverfish\/hurt3"
    ]
  },
  "mob.silverfish.say" : {
    "category" : "hostile",
    "__use_legacy_max_distance" : "true",
    "sounds" : [
      "sounds\/mob\/silverfish\/idle1",
      "sounds\/mob\/silverfish\/idle2",
      "sounds\/mob\/silverfish\/idle3"
    ]
  },
  "mob.silverfish.death" : {
    "category" : "hostile",
    "__use_legacy_max_distance" : "true",
    "sounds" : [
      "sounds\/mob\/silverfish\/death1",
      "sounds\/mob\/silverfish\/death2"
    ]
  },
  "mob.wart_crusher.death" : {
    "category" : "hostile",
    "__use_legacy_max_distance" : "true",
    "sounds" : [
      "sounds\/mob\/wart_crusher\/death1",
      "sounds\/mob\/wart_crusher\/death2"
    ]
  },
  "mob.wart_crusher.hurt" : {
    "category" : "hostile",
    "__use_legacy_max_distance" : "true",
    "sounds" : [
      "sounds\/mob\/wart_crusher\/hurt1",
      "sounds\/mob\/wart_crusher\/hurt2",
      "sounds\/mob\/wart_crusher\/hurt3",
      "sounds\/mob\/wart_crusher\/hurt4"
    ]
  },
  "mob.wart_crusher.say" : {
    "category" : "hostile",
    "__use_legacy_max_distance" : "true",
    "sounds" : [
      "sounds\/mob\/wart_crusher\/say1",
      "sounds\/mob\/wart_crusher\/say2",
      "sounds\/mob\/wart_crusher\/say3",
      "sounds\/mob\/wart_crusher\/say4"
    ]
  },
  "mob.wart_crusher.step" : {
    "category" : "hostile",
    "__use_legacy_max_distance" : "true",
    "sounds" : [
      "sounds\/mob\/wart_crusher\/step1",
      "sounds\/mob\/wart_crusher\/step2"
    ]
  },
  "mob.wart_crusher.attack" : {
    "category" : "hostile",
    "__use_legacy_max_distance" : "true",
    "sounds" : [
      "sounds\/mob\/wart_crusher\/attack1",
      "sounds\/mob\/wart_crusher\/attack2"
    ]
  },
  "mob.endermite.death" : {
    "category" : "hostile",
    "__use_legacy_max_distance" : "true",
    "sounds" : [
      "sounds\/mob\/endermite\/death1",
      "sounds\/mob\/endermite\/death2"
    ]
  },
  "mob.endermite.attack" : {
    "category" : "hostile",
    "__use_legacy_max_distance" : "true",
    "sounds" : [
      "sounds\/mob\/endermite\/attack1",
      "sounds\/mob\/endermite\/attack2",
      "sounds\/mob\/endermite\/attack3"
    ]
  },
  "mob.silverfish.attack" : {
    "category" : "hostile",
    "__use_legacy_max_distance" : "true",
    "sounds" : [
      "sounds\/mob\/silverfish\/attack1",
      "sounds\/mob\/silverfish\/attack2",
      "sounds\/mob\/silverfish\/attack3",
      "sounds\/mob\/silverfish\/attack4",
      "sounds\/mob\/silverfish\/attack5",
      "sounds\/mob\/silverfish\/attack6"
    ]
  },
  "mob.new_shulker.say" : {
    "category" : "hostile",
    "__use_legacy_max_distance" : "true",
    "sounds" : [
      "sounds\/mob\/new_shulker\/say1",
      "sounds\/mob\/new_shulker\/say2",
      "sounds\/mob\/new_shulker\/say3",
      "sounds\/mob\/new_shulker\/say4",
      "sounds\/mob\/new_shulker\/say5",
      "sounds\/mob\/new_shulker\/say6",
      "sounds\/mob\/new_shulker\/say7"
    ]
  },
  "mob.new_shulker.death" : {
    "category" : "hostile",
    "__use_legacy_max_distance" : "true",
    "sounds" : [
      "sounds\/mob\/new_shulker\/death1",
      "sounds\/mob\/new_shulker\/death2",
      "sounds\/mob\/new_shulker\/death3",
      "sounds\/mob\/new_shulker\/death4"
    ]
  },
  "mob.new_shulker.hurt" : {
    "category" : "hostile",
    "__use_legacy_max_distance" : "true",
    "sounds" : [
      "sounds\/mob\/new_shulker\/hurt1",
      "sounds\/mob\/new_shulker\/hurt2",
      "sounds\/mob\/new_shulker\/hurt3",
      "sounds\/mob\/new_shulker\/hurt4"
    ]
  },
  "mob.new_shulker.shoot" : {
    "category" : "hostile",
    "__use_legacy_max_distance" : "true",
    "sounds" : [
      "sounds\/mob\/new_shulker\/shoot1",
      "sounds\/mob\/new_shulker\/shoot2",
      "sounds\/mob\/new_shulker\/shoot3",
      "sounds\/mob\/new_shulker\/shoot4"
    ]
  },
  "mob.shulker.open" : {
    "category" : "hostile",
    "__use_legacy_max_distance" : "true",
    "sounds" : [
      "sounds\/mob\/new_shulker\/open1",
      "sounds\/mob\/new_shulker\/open2",
      "sounds\/mob\/new_shulker\/open3",
      "sounds\/mob\/new_shulker\/open4"
    ]
  },
  "mob.shulker.close" : {
    "category" : "hostile",
    "__use_legacy_max_distance" : "true",
    "sounds" : [
      "sounds\/mob\/new_shulker\/close1",
      "sounds\/mob\/new_shulker\/close2",
      "sounds\/mob\/new_shulker\/close3",
      "sounds\/mob\/new_shulker\/close4"
    ]
  },
  "mob.blastling.say" : {
    "category" : "hostile",
    "__use_legacy_max_distance" : "true",
    "sounds" : [
      "sounds\/mob\/blastling\/say1",
      "sounds\/mob\/blastling\/say2",
      "sounds\/mob\/blastling\/say3",
      "sounds\/mob\/blastling\/say4"
    ]
  },
  "mob.glider.say" : {
    "category" : "hostile",
    "min_distance": 16.0,
    "__use_legacy_max_distance" : "true",
    "sounds" : [
      "sounds\/mob\/glider\/say1",
      "sounds\/mob\/glider\/say2",
      "sounds\/mob\/glider\/say3",
      "sounds\/mob\/glider\/say4"
    ]
  },
  "mob.blastling.shoot" : {
    "category" : "hostile",
    "__use_legacy_max_distance" : "true",
    "sounds" : [
      "sounds\/mob\/blastling\/shoot1",
      "sounds\/mob\/blastling\/shoot2",
      "sounds\/mob\/blastling\/shoot3",
      "sounds\/mob\/blastling\/shoot4"
    ]
  },
  "mob.glider.shoot" : {
    "category" : "hostile",
    "min_distance": 16.0,
    "__use_legacy_max_distance" : "true",
    "sounds" : [
      "sounds\/mob\/glider\/shoot1",
      "sounds\/mob\/glider\/shoot2",
      "sounds\/mob\/glider\/shoot3",
      "sounds\/mob\/glider\/shoot4"
    ]
  },
  "mob.noxious_immolator.death" : {
    "category" : "hostile",
    "__use_legacy_max_distance" : "true",
    "sounds" : [
      "sounds\/mob\/noxious_immolator\/death1",
      "sounds\/mob\/noxious_immolator\/death2",
      "sounds\/mob\/noxious_immolator\/death3",
      "sounds\/mob\/noxious_immolator\/death4"
    ]
  },
  "mob.basalt_giant.death" : {
    "category" : "hostile",
    "min_distance": 8.0,
    "__use_legacy_max_distance" : "true",
    "sounds" : [
      "sounds\/mob\/basalt_giant\/death1",
      "sounds\/mob\/basalt_giant\/death2",
      "sounds\/mob\/basalt_giant\/death3"
    ]
  },
  "mob.basalt_giant.angry" : {
    "category" : "hostile",
    "min_distance": 8.0,
    "__use_legacy_max_distance" : "true",
    "sounds" : [
      "sounds\/mob\/basalt_giant\/angry1",
      "sounds\/mob\/basalt_giant\/angry2",
      "sounds\/mob\/basalt_giant\/angry3"
    ]
  },
  "mob.basalt_giant.shoot" : {
    "category" : "hostile",
    "min_distance": 8.0,
    "__use_legacy_max_distance" : "true",
    "sounds" : [
      "sounds\/mob\/basalt_giant\/shoot"
    ]
  },
  "mob.basalt_giant.step" : {
    "category" : "hostile",
    "min_distance": 8.0,
    "__use_legacy_max_distance" : "true",
    "sounds" : [
      "sounds\/mob\/basalt_giant\/step1",
      "sounds\/mob\/basalt_giant\/step2",
      "sounds\/mob\/basalt_giant\/step3",
      "sounds\/mob\/basalt_giant\/step4",
      "sounds\/mob\/basalt_giant\/step5"
    ]
  },
  "mob.basalt_giant.hurt" : {
    "category" : "hostile",
    "min_distance": 8.0,
    "__use_legacy_max_distance" : "true",
    "sounds" : [
      "sounds\/mob\/basalt_giant\/hurt1",
      "sounds\/mob\/basalt_giant\/hurt2",
      "sounds\/mob\/basalt_giant\/hurt3",
      "sounds\/mob\/basalt_giant\/hurt4",
      "sounds\/mob\/basalt_giant\/hurt5",
      "sounds\/mob\/basalt_giant\/hurt6",
      "sounds\/mob\/basalt_giant\/hurt7",
      "sounds\/mob\/basalt_giant\/hurt8"
    ]
  },
  "mob.basalt_giant.say" : {
    "category" : "hostile",
    "min_distance": 8.0,
    "__use_legacy_max_distance" : "true",
    "sounds" : [
      "sounds\/mob\/basalt_giant\/idle1",
      "sounds\/mob\/basalt_giant\/idle2",
      "sounds\/mob\/basalt_giant\/idle3",
      "sounds\/mob\/basalt_giant\/idle4",
      "sounds\/mob\/basalt_giant\/idle5"
    ]
  },
  "mob.basalt_giant.attack" : {
    "category" : "hostile",
    "min_distance": 8.0,
    "__use_legacy_max_distance" : "true",
    "sounds" : [
      "sounds\/mob\/basalt_giant\/attack1",
      "sounds\/mob\/basalt_giant\/attack2"
    ]
  },
  "mob.noxious_immolator.say" : {
    "category" : "hostile",
    "__use_legacy_max_distance" : "true",
    "sounds" : [
      "sounds\/mob\/noxious_immolator\/idle1",
      "sounds\/mob\/noxious_immolator\/idle2",
      "sounds\/mob\/noxious_immolator\/idle3",
      "sounds\/mob\/noxious_immolator\/idle4"
    ]
  },
  "mob.noxious_immolator.hurt" : {
    "category" : "hostile",
    "__use_legacy_max_distance" : "true",
    "sounds" : [
      "sounds\/mob\/noxious_immolator\/hurt1",
      "sounds\/mob\/noxious_immolator\/hurt2",
      "sounds\/mob\/noxious_immolator\/hurt3"
    ]
  },
  "mob.noxious_immolator.membrane_use" : {
    "category" : "hostile",
    "__use_legacy_max_distance" : "true",
    "sounds" : [
      "sounds\/mob\/noxious_immolator\/membrane_use1",
      "sounds\/mob\/noxious_immolator\/membrane_use2",
      "sounds\/mob\/noxious_immolator\/membrane_use3"
    ]
  },
  "mob.noxious_immolator.step" : {
    "category" : "hostile",
    "__use_legacy_max_distance" : "true",
    "sounds" : [
      "sounds\/mob\/noxious_immolator\/step1",
      "sounds\/mob\/noxious_immolator\/step2",
      "sounds\/mob\/noxious_immolator\/step3",
      "sounds\/mob\/noxious_immolator\/step4",
      "sounds\/mob\/noxious_immolator\/step5",
      "sounds\/mob\/noxious_immolator\/step6"
    ]
  },
  "mob.noxious_immolator.attack" : {
    "category" : "hostile",
    "__use_legacy_max_distance" : "true",
    "sounds" : [
      "sounds\/mob\/noxious_immolator\/attack1",
      "sounds\/mob\/noxious_immolator\/attack2",
      "sounds\/mob\/noxious_immolator\/attack3",
      "sounds\/mob\/noxious_immolator\/attack4",
      "sounds\/mob\/noxious_immolator\/attack5",
      "sounds\/mob\/noxious_immolator\/attack6"
    ]
  },
  "mob.noxious_bubble.pop" : {
    "category" : "hostile",
    "__use_legacy_max_distance" : "true",
    "sounds" : [
      "sounds\/mob\/noxious_bubble\/pop"
    ]
  },
  "mob.noxious_bubble.burst" : {
    "category" : "hostile",
    "__use_legacy_max_distance" : "true",
    "sounds" : [
      "sounds\/mob\/noxious_bubble\/burst"
    ]
  },
  "mob.blastling.death" : {
    "category" : "hostile",
    "__use_legacy_max_distance" : "true",
    "sounds" : [
      "sounds\/mob\/blastling\/death1",
      "sounds\/mob\/blastling\/death2",
      "sounds\/mob\/blastling\/death3",
      "sounds\/mob\/blastling\/death4",
      "sounds\/mob\/blastling\/death5",
      "sounds\/mob\/blastling\/death6"
    ]
  },
  "mob.glider.death" : {
    "category" : "hostile",
    "min_distance": 16.0,
    "__use_legacy_max_distance" : "true",
    "sounds" : [
      "sounds\/mob\/glider\/death1",
      "sounds\/mob\/glider\/death2",
      "sounds\/mob\/glider\/death3",
      "sounds\/mob\/glider\/death4",
      "sounds\/mob\/glider\/death5"
    ]
  },
  "mob.blastling.angry" : {
    "category" : "hostile",
    "__use_legacy_max_distance" : "true",
    "sounds" : [
      "sounds\/mob\/blastling\/angry1",
      "sounds\/mob\/blastling\/angry2",
      "sounds\/mob\/blastling\/angry3",
      "sounds\/mob\/blastling\/angry4",
      "sounds\/mob\/blastling\/angry5",
      "sounds\/mob\/blastling\/angry6"
    ]
  },
  "mob.pufferfish.death" : {
    "category" : "neutral",
    "__use_legacy_max_distance" : "true",
    "sounds" : [
      "sounds\/mob\/pufferfish\/death1",
      "sounds\/mob\/pufferfish\/death2"
    ]
  },
  "mob.pufferfish.sting" : {
    "category" : "neutral",
    "__use_legacy_max_distance" : "true",
    "sounds" : [
      "sounds\/mob\/pufferfish\/sting1",
      "sounds\/mob\/pufferfish\/sting2"
    ]
  },
  "mob.ghoul.attack": {
    "category": "hostile",
    "sounds": [
      "sounds/mob/warden/attack_impact_1",
      "sounds/mob/warden/attack_impact_2"
    ]
  },
  "mob.ghoul.step": {
    "category": "hostile",
    "sounds": [
      "sounds/mob/warden/step_1",
      "sounds/mob/warden/step_2",
      "sounds/mob/warden/step_3",
      "sounds/mob/warden/step_4"
    ]
  },
  "mob.pufferfish.say" : {
    "category" : "neutral",
    "__use_legacy_max_distance" : "true",
    "sounds" : [
      "sounds\/mob\/pufferfish\/idle1",
      "sounds\/mob\/pufferfish\/idle2",
      "sounds\/mob\/pufferfish\/idle3",
      "sounds\/mob\/pufferfish\/idle4"
    ]
  },
  "mob.pufferfish.hurt" : {
    "category" : "neutral",
    "__use_legacy_max_distance" : "true",
    "sounds" : [
      "sounds\/mob\/pufferfish\/hurt1",
      "sounds\/mob\/pufferfish\/hurt2"
    ]
  },
  "mob.illusioner.say" : {
    "category" : "hostile",
    "__use_legacy_max_distance" : "true",
    "sounds" : [
      "sounds\/mob\/illusioner\/idle1",
      "sounds\/mob\/illusioner\/idle2",
      "sounds\/mob\/illusioner\/idle3",
      "sounds\/mob\/illusioner\/idle4"
    ]
  },
  "mob.illusioner.death" : {
    "category" : "hostile",
    "__use_legacy_max_distance" : "true",
    "sounds" : [
      "sounds\/mob\/illusioner\/death1",
      "sounds\/mob\/illusioner\/death2"
    ]
  },
  "mob.illusioner.hurt" : {
    "category" : "hostile",
    "__use_legacy_max_distance" : "true",
    "sounds" : [
      "sounds\/mob\/illusioner\/hurt1",
      "sounds\/mob\/illusioner\/hurt2",
      "sounds\/mob\/illusioner\/hurt3"
    ]
  },
  "mob.illusioner.mirror" : {
    "category" : "hostile",
    "__use_legacy_max_distance" : "true",
    "sounds" : [
      "sounds\/mob\/illusioner\/prepare_mirror"
    ]
  },
  "mob.illusioner.blindness" : {
    "category" : "hostile",
    "__use_legacy_max_distance" : "true",
    "sounds" : [
      "sounds\/mob\/illusioner\/prepare_blindness"
    ]
  },
  "mob.illusioner.mirror_spawn" : {
    "category" : "hostile",
    "__use_legacy_max_distance" : "true",
    "sounds" : [
      "sounds\/mob\/illusioner\/mirror_spawn1",
      "sounds\/mob\/illusioner\/mirror_spawn2"
    ]
  },
  "mob.soul_scuttle.death" : {
    "category" : "hostile",
    "__use_legacy_max_distance" : "true",
    "sounds" : [
      "sounds\/mob\/soul_scuttle\/death"
    ]
  },
  "mob.soul_scuttle.say" : {
    "category" : "hostile",
    "__use_legacy_max_distance" : "true",
    "sounds" : [
      "sounds\/mob\/soul_scuttle\/say1",
      "sounds\/mob\/soul_scuttle\/say2",
      "sounds\/mob\/soul_scuttle\/say3"
    ]
  },
  "mob.soul_scuttle.attack" : {
    "category" : "hostile",
    "__use_legacy_max_distance" : "true",
    "sounds" : [
      "sounds\/mob\/soul_scuttle\/attack1",
      "sounds\/mob\/soul_scuttle\/attack2",
      "sounds\/mob\/soul_scuttle\/attack3"
    ]
  },
  "mob.soul_scuttle.hurt" : {
    "category" : "hostile",
    "__use_legacy_max_distance" : "true",
    "sounds" : [
      "sounds\/mob\/soul_scuttle\/hurt1",
      "sounds\/mob\/soul_scuttle\/hurt2",
      "sounds\/mob\/soul_scuttle\/hurt3"
    ]
  },
  "mob.soul_scuttle.angry" : {
    "category" : "hostile",
    "__use_legacy_max_distance" : "true",
    "sounds" : [
      "sounds\/mob\/soul_scuttle\/angry1",
      "sounds\/mob\/soul_scuttle\/angry2",
      "sounds\/mob\/soul_scuttle\/angry3"
    ]
  },
  "mob.soul_scuttle.step" : {
    "category" : "hostile",
    "__use_legacy_max_distance" : "true",
    "sounds" : [
      "sounds\/mob\/soul_scuttle\/step1",
      "sounds\/mob\/soul_scuttle\/step2",
      "sounds\/mob\/soul_scuttle\/step3",
      "sounds\/mob\/soul_scuttle\/step4",
      "sounds\/mob\/soul_scuttle\/step5"
    ]
  },
  "mob.guardian_vex.step" : {
    "category" : "neutral",
    "__use_legacy_max_distance" : "true",
    "sounds" : [
      "sounds\/mob\/guardian_vex\/step1",
      "sounds\/mob\/guardian_vex\/step2",
      "sounds\/mob\/guardian_vex\/step3",
      "sounds\/mob\/guardian_vex\/step4",
      "sounds\/mob\/guardian_vex\/step5",
      "sounds\/mob\/guardian_vex\/step6",
      "sounds\/mob\/guardian_vex\/step7"
    ]
  },
  "mob.stray.shoot" : {
    "category" : "hostile",
    "__use_legacy_max_distance" : "true",
    "sounds" : [
      "sounds\/mob\/stray\/shoot1",
      "sounds\/mob\/stray\/shoot2",
      "sounds\/mob\/stray\/shoot3"
    ]
  },
  "mob.guardian_vex.summon" : {
    "category" : "neutral",
    "__use_legacy_max_distance" : "true",
    "sounds" : [
      "sounds\/mob\/guardian_vex\/spawn1",
      "sounds\/mob\/guardian_vex\/spawn2",
      "sounds\/mob\/guardian_vex\/spawn3",
      "sounds\/mob\/guardian_vex\/spawn4"
    ]
  },
  "mob.guardian_vex.attack" : {
    "category" : "neutral",
    "__use_legacy_max_distance" : "true",
    "sounds" : [
      "sounds\/mob\/guardian_vex\/attack1",
      "sounds\/mob\/guardian_vex\/attack2",
      "sounds\/mob\/guardian_vex\/attack3"
    ]
  },
  "mob.guardian_vex.death" : {
    "category" : "neutral",
    "__use_legacy_max_distance" : "true",
    "sounds" : [
      "sounds\/mob\/guardian_vex\/death1",
      "sounds\/mob\/guardian_vex\/death2",
      "sounds\/mob\/guardian_vex\/death3"
    ]
  },
  "mob.ravenous_rabbit.attack" : {
    "category" : "hostile",
    "__use_legacy_max_distance" : "true",
    "sounds" : [
      "sounds\/mob\/ravenous_rabbit\/attack1",
      "sounds\/mob\/ravenous_rabbit\/attack2",
      "sounds\/mob\/ravenous_rabbit\/attack3",
      "sounds\/mob\/ravenous_rabbit\/attack4"
    ]
  },
  "mob.blastling.hurt" : {
    "category" : "hostile",
    "__use_legacy_max_distance" : "true",
    "sounds" : [
      "sounds\/mob\/blastling\/hurt1",
      "sounds\/mob\/blastling\/hurt2",
      "sounds\/mob\/blastling\/hurt3",
      "sounds\/mob\/blastling\/hurt4",
      "sounds\/mob\/blastling\/hurt5",
      "sounds\/mob\/blastling\/hurt6"
    ]
  },
  "mob.glider.hurt" : {
    "category" : "hostile",
    "min_distance": 16.0,
    "__use_legacy_max_distance" : "true",
    "sounds" : [
      "sounds\/mob\/glider\/hurt1",
      "sounds\/mob\/glider\/hurt2",
      "sounds\/mob\/glider\/hurt3"
    ]
  },
  "mob.blastling.step" : {
    "category" : "hostile",
    "__use_legacy_max_distance" : "true",
    "sounds" : [
      "sounds\/mob\/blastling\/step1",
      "sounds\/mob\/blastling\/step2",
      "sounds\/mob\/blastling\/step3",
      "sounds\/mob\/blastling\/step4"
    ]
  },
  "mob.wombat.death" : {
    "category" : "neutral",
    "__use_legacy_max_distance" : "true",
    "sounds" : [
      "sounds\/mob\/wombat\/death"
    ]
  },
  "mob.wombat.step" : {
    "category" : "neutral",
    "__use_legacy_max_distance" : "true",
    "sounds" : [
      "sounds\/mob\/wombat\/step1",
      "sounds\/mob\/wombat\/step2",
      "sounds\/mob\/wombat\/step3",
      "sounds\/mob\/wombat\/step4",
      "sounds\/mob\/wombat\/step5",
      "sounds\/mob\/wombat\/step6"
    ]
  },
  "mob.wombat.say" : {
    "category" : "neutral",
    "__use_legacy_max_distance" : "true",
    "sounds" : [
      "sounds\/mob\/wombat\/idle1",
      "sounds\/mob\/wombat\/idle2",
      "sounds\/mob\/wombat\/idle3",
      "sounds\/mob\/wombat\/idle4"
    ]
  },
  "gale_tome.use" : {
    "category" : "player",
    "__use_legacy_max_distance" : "true",
    "sounds" : [
      "sounds\/item\/tome_of_gales\/use1",
      "sounds\/item\/tome_of_gales\/use2",
      "sounds\/item\/tome_of_gales\/use3",
      "sounds\/item\/tome_of_gales\/use4"
    ]
  },
  "icebolt_staff.cast" : {
    "category" : "player",
    "__use_legacy_max_distance" : "true",
    "sounds" : [
      "sounds\/item\/icebolt_staff\/cast1",
      "sounds\/item\/icebolt_staff\/cast2"
    ]
  },
  "mithril_magnet.use" : {
    "category" : "player",
    "__use_legacy_max_distance" : "true",
    "sounds" : [
      "sounds\/item\/mithril_magnet\/magnet1",
      "sounds\/item\/mithril_magnet\/magnet2",
      "sounds\/item\/mithril_magnet\/magnet3"
    ]
  },
  "armor.equip_mithril" : {
    "category" : "neutral",
    "__use_legacy_max_distance" : "true",
    "sounds" : [
      "sounds\/item\/mithril_armor\/equip1",
      "sounds\/item\/mithril_armor\/equip2",
      "sounds\/item\/mithril_armor\/equip3",
      "sounds\/item\/mithril_armor\/equip4",
      "sounds\/item\/mithril_armor\/equip5"
    ]
  },
  "armor.equip_bismuth" : {
    "category" : "neutral",
    "__use_legacy_max_distance" : "true",
    "sounds" : [
      "sounds\/item\/bismuth_armor\/equip1",
      "sounds\/item\/bismuth_armor\/equip2",
      "sounds\/item\/bismuth_armor\/equip3",
      "sounds\/item\/bismuth_armor\/equip4"
    ]
  },
  "armor.equip_bracelets" : {
    "category" : "neutral",
    "__use_legacy_max_distance" : "true",
    "sounds" : [
      "sounds\/item\/ruby_bracelets\/equip1",
      "sounds\/item\/ruby_bracelets\/equip2",
      "sounds\/item\/ruby_bracelets\/equip3",
      "sounds\/item\/ruby_bracelets\/equip4"
    ]
  },
  "mob.ghast.fireball": {
    "category": "hostile",
    "min_distance": 0.0,
    "max_distance": 80.0,
    "__use_legacy_max_distance" : "true",
    "sounds": [
      {
        "name": "sounds/mob/ghast/fireball4",
        "volume": 0.5,
        "load_on_low_memory": true
      }
    ]
  },
  "shriek.sculk_shrieker" : {
    "category" : "block",
    "min_distance": 64.0,
    "__use_legacy_max_distance" : "true",
    "sounds" : [
      "sounds/block/sculk_shrieker/shriek1",
      "sounds/block/sculk_shrieker/shriek2",
      "sounds/block/sculk_shrieker/shriek3",
      "sounds/block/sculk_shrieker/shriek4",
      "sounds/block/sculk_shrieker/shriek5"
    ]
  },
  "mob.warden.hurt" : {
    "category" : "hostile",
    "min_distance": 64.0,
    "__use_legacy_max_distance" : "true",
    "sounds" : [
      "sounds/mob/warden/hurt_1",
      "sounds/mob/warden/hurt_2",
      "sounds/mob/warden/hurt_3",
      "sounds/mob/warden/hurt_4"
    ]
  },
  "mob.warden.death" : {
    "category" : "hostile",
    "min_distance": 64.0,
    "__use_legacy_max_distance" : "true",
    "sounds" : [
      "sounds/mob/warden/death_1",
      "sounds/mob/warden/death_2"
    ]
  },
  "horn.call.0" : {
    "category" : "record",
    "min_distance": 120.0,
    "__use_legacy_max_distance" : "true",
    "sounds" : [
      "sounds/item/horn/call0"
    ]
  },
  "horn.call.1" : {
    "category" : "record",
    "min_distance": 120.0,
    "__use_legacy_max_distance" : "true",
    "sounds" : [
      "sounds/item/horn/call1"
    ]
  },
  "horn.call.2" : {
    "category" : "record",
    "min_distance": 120.0,
    "__use_legacy_max_distance" : "true",
    "sounds" : [
      "sounds/item/horn/call2"
    ]
  },
  "horn.call.3" : {
    "category" : "record",
    "min_distance": 120.0,
    "__use_legacy_max_distance" : "true",
    "sounds" : [
      "sounds/item/horn/call3"
    ]
  },
  "horn.call.4" : {
    "category" : "record",
    "min_distance": 120.0,
    "__use_legacy_max_distance" : "true",
    "sounds" : [
      "sounds/item/horn/call4"
    ]
  },
  "horn.call.5" : {
    "category" : "record",
    "min_distance": 120.0,
    "__use_legacy_max_distance" : "true",
    "sounds" : [
      "sounds/item/horn/call5"
    ]
  },
  "horn.call.6" : {
    "category" : "record",
    "min_distance": 120.0,
    "__use_legacy_max_distance" : "true",
    "sounds" : [
      "sounds/item/horn/call6"
    ]
  },
  "horn.call.7" : {
    "category" : "record",
    "min_distance": 120.0,
    "__use_legacy_max_distance" : "true",
    "sounds" : [
      "sounds/item/horn/call7"
    ]
  },
  "copper_horn.fearless_river_gift" : {
    "category" : "record",
    "min_distance": 120.0,
    "__use_legacy_max_distance" : "true",
    "sounds" : [
      "sounds/item/copperhorn/fearless_river_gift"
    ]
  },
  "copper_horn.fresh_nest_thought" : {
    "category" : "record",
    "min_distance": 120.0,
    "__use_legacy_max_distance" : "true",
    "sounds" : [
      "sounds/item/copperhorn/fresh_nest_thought"
    ]
  },
  "olivager.blow" : {
    "category" : "record",
    "min_distance": 120.0,
    "__use_legacy_max_distance" : "true",
    "sounds" : [
      "sounds/item/olivager/blow"
    ]
  },
  "copper_horn.great_sky_falling" : {
    "category" : "record",
    "min_distance": 120.0,
    "__use_legacy_max_distance" : "true",
    "sounds" : [
      "sounds/item/copperhorn/great_sky_falling"
    ]
  },
  "copper_horn.mumble_fire_memory" : {
    "category" : "record",
    "min_distance": 120.0,
    "__use_legacy_max_distance" : "true",
    "sounds" : [
      "sounds/item/copperhorn/mumble_fire_memory"
    ]
  },
  "copper_horn.old_hymn_resting" : {
    "category" : "record",
    "min_distance": 120.0,
    "__use_legacy_max_distance" : "true",
    "sounds" : [
      "sounds/item/copperhorn/fearless_river_gift"
    ]
  },
  "copper_horn.pure_water_desire" : {
    "category" : "record",
    "min_distance": 120.0,
    "__use_legacy_max_distance" : "true",
    "sounds" : [
      "sounds/item/copperhorn/pure_water_desire"
    ]
  },
  "copper_horn.secret_lake_tear" : {
    "category" : "record",
    "min_distance": 120.0,
    "__use_legacy_max_distance" : "true",
    "sounds" : [
      "sounds/item/copperhorn/secret_lake_tear"
    ]
  },
  "copper_horn.sweet_moon_love" : {
    "category" : "record",
    "min_distance": 120.0,
    "__use_legacy_max_distance" : "true",
    "sounds" : [
      "sounds/item/copperhorn/sweet_moon_love"
    ]
  },
  "echo_horn.cry" : {
    "category" : "record",
    "min_distance": 120.0,
    "__use_legacy_max_distance" : "true",
    "sounds" : [
      "sounds/item/echo_horn/cry"
    ]
  },
  "echo_horn.darkness" : {
    "category" : "record",
    "min_distance": 120.0,
    "__use_legacy_max_distance" : "true",
    "sounds" : [
      "sounds/item/echo_horn/darkness"
    ]
  },
  "echo_horn.delusion" : {
    "category" : "record",
    "min_distance": 120.0,
    "__use_legacy_max_distance" : "true",
    "sounds" : [
      "sounds/item/echo_horn/delusion"
    ]
  },
  "echo_horn.epiphany" : {
    "category" : "record",
    "min_distance": 120.0,
    "__use_legacy_max_distance" : "true",
    "sounds" : [
      "sounds/item/echo_horn/epiphany"
    ]
  },
  "echo_horn.grief" : {
    "category" : "record",
    "min_distance": 120.0,
    "__use_legacy_max_distance" : "true",
    "sounds" : [
      "sounds/item/echo_horn/grief"
    ]
  },
  "echo_horn.soul" : {
    "category" : "record",
    "min_distance": 120.0,
    "__use_legacy_max_distance" : "true",
    "sounds" : [
      "sounds/item/echo_horn/soul"
    ]
  },
  "echo_horn.void" : {
    "category" : "record",
    "min_distance": 120.0,
    "__use_legacy_max_distance" : "true",
    "sounds" : [
      "sounds/item/echo_horn/void"
    ]
  },
  "echo_horn.whine" : {
    "category" : "record",
    "min_distance": 120.0,
    "__use_legacy_max_distance" : "true",
    "sounds" : [
      "sounds/item/echo_horn/whine"
    ]
  },
  "glitter_horn.blessing" : {
    "category" : "record",
    "min_distance": 120.0,
    "__use_legacy_max_distance" : "true",
    "sounds" : [
      "sounds/item/glitter_horn/blessing"
    ]
  },
  "glitter_horn.daze" : {
    "category" : "record",
    "min_distance": 120.0,
    "__use_legacy_max_distance" : "true",
    "sounds" : [
      "sounds/item/glitter_horn/daze"
    ]
  },
  "glitter_horn.distant" : {
    "category" : "record",
    "min_distance": 120.0,
    "__use_legacy_max_distance" : "true",
    "sounds" : [
      "sounds/item/glitter_horn/distant"
    ]
  },
  "glitter_horn.eternal" : {
    "category" : "record",
    "min_distance": 120.0,
    "__use_legacy_max_distance" : "true",
    "sounds" : [
      "sounds/item/glitter_horn/eternal"
    ]
  },
  "glitter_horn.fable" : {
    "category" : "record",
    "min_distance": 120.0,
    "__use_legacy_max_distance" : "true",
    "sounds" : [
      "sounds/item/glitter_horn/fable"
    ]
  },
  "glitter_horn.moonlight" : {
    "category" : "record",
    "min_distance": 120.0,
    "__use_legacy_max_distance" : "true",
    "sounds" : [
      "sounds/item/glitter_horn/moonlight"
    ]
  },
  "glitter_horn.shimmer" : {
    "category" : "record",
    "min_distance": 120.0,
    "__use_legacy_max_distance" : "true",
    "sounds" : [
      "sounds/item/glitter_horn/shimmer"
    ]
  },
  "glitter_horn.spark" : {
    "category" : "record",
    "min_distance": 120.0,
    "__use_legacy_max_distance" : "true",
    "sounds" : [
      "sounds/item/glitter_horn/spark"
    ]
  },
  "mob.glider.flap" : {
    "category" : "hostile",
    "min_distance": 16.0,
    "__use_legacy_max_distance" : "true",
    "sounds" : [
      "sounds\/mob\/phantom\/flap1",
      "sounds\/mob\/phantom\/flap2",
      "sounds\/mob\/phantom\/flap3",
      "sounds\/mob\/phantom\/flap4",
      "sounds\/mob\/phantom\/flap5",
      "sounds\/mob\/phantom\/flap6"
    ]
  },
  "mob.frost_bite.say" : {
    "category" : "hostile",
    "__use_legacy_max_distance" : "true",
    "sounds" : [
      "sounds\/mob\/frost_bite\/say1",
      "sounds\/mob\/frost_bite\/say2",
      "sounds\/mob\/frost_bite\/say3",
      "sounds\/mob\/frost_bite\/say4",
      "sounds\/mob\/frost_bite\/say5",
      "sounds\/mob\/frost_bite\/say6"
    ]
  },
  "mob.frost_bite.death" : {
    "category" : "hostile",
    "__use_legacy_max_distance" : "true",
    "sounds" : [
      "sounds\/mob\/frost_bite\/death"
    ]
  },
  "mob.frost_bite.spike" : {
    "category" : "hostile",
    "__use_legacy_max_distance" : "true",
    "sounds" : [
      "sounds\/mob\/frost_bite\/spike_attack"
    ]
  },
  "mob.frost_spike.spawn" : {
    "category" : "hostile",
    "__use_legacy_max_distance" : "true",
    "sounds" : [
      "sounds\/mob\/frost_bite\/spike_spawn"
    ]
  },
  "mob.frost_bite.hurt" : {
    "category" : "hostile",
    "__use_legacy_max_distance" : "true",
    "sounds" : [
      "sounds\/mob\/frost_bite\/hurt1",
      "sounds\/mob\/frost_bite\/hurt2",
      "sounds\/mob\/frost_bite\/hurt3"
    ]
  },
  "mob.frost_bite.attack" : {
    "category" : "hostile",
    "__use_legacy_max_distance" : "true",
    "sounds" : [
      "sounds\/mob\/frost_bite\/attack"
    ]
  },
  "mob.frost_bite.step" : {
    "category" : "hostile",
    "__use_legacy_max_distance" : "true",
    "sounds" : [
      "sounds\/mob\/frost_bite\/step"
    ]
  },
  "mob.bluster.fly" : {
    "category" : "hostile",
    "min_distance": 16.0,
    "__use_legacy_max_distance" : "true",
    "sounds" : [
      "sounds\/mob\/bluster\/fly"
    ]
  },
  "mob.bluster.hurt" : {
    "category" : "hostile",
    "min_distance": 16.0,
    "__use_legacy_max_distance" : "true",
    "sounds" : [
      "sounds\/mob\/bluster\/hurt"
    ]
  },
  "mob.bluster.death" : {
    "category" : "hostile",
    "min_distance": 16.0,
    "__use_legacy_max_distance" : "true",
    "sounds" : [
      "sounds\/mob\/bluster\/death"
    ]
  },
  "mob.bluster.attack" : {
    "category" : "hostile",
    "min_distance": 10.0,
    "__use_legacy_max_distance" : "true",
    "sounds" : [
      "sounds\/mob\/bluster\/blast1",
      "sounds\/mob\/bluster\/blast2"
    ]
  },
  "mob.bluster.say" : {
    "category" : "hostile",
    "min_distance": 10.0,
    "__use_legacy_max_distance" : "true",
    "sounds" : [
      "sounds\/mob\/bluster\/say1",
      "sounds\/mob\/bluster\/say2",
      "sounds\/mob\/bluster\/say3",
      "sounds\/mob\/bluster\/say4",
      "sounds\/mob\/bluster\/say5",
      "sounds\/mob\/bluster\/say6"
    ]
  },
  "mob.pest.hurt" : {
    "category" : "hostile",
    "__use_legacy_max_distance" : "true",
    "sounds" : [
      "sounds\/mob\/pest\/hurt"
    ]
  },
  "mob.pest.death" : {
    "category" : "hostile",
    "__use_legacy_max_distance" : "true",
    "sounds" : [
      "sounds\/mob\/pest\/death"
    ]
  },
  "mob.pest.say" : {
    "category" : "hostile",
    "__use_legacy_max_distance" : "true",
    "sounds" : [
      "sounds\/mob\/pest\/say1",
      "sounds\/mob\/pest\/say2",
      "sounds\/mob\/pest\/say3",
      "sounds\/mob\/pest\/say4"
    ]
  },
  "mob.spider.say" : {
    "category" : "hostile",
    "__use_legacy_max_distance" : "true",
    "sounds" : [
      "sounds\/mob\/spider\/say1",
      "sounds\/mob\/spider\/say2",
      "sounds\/mob\/spider\/say3"
    ]
  },
  "mob.spider.death" : {
    "category" : "hostile",
    "__use_legacy_max_distance" : "true",
    "sounds" : [
      "sounds\/mob\/spider\/death"
    ]
  },
  "mob.spider.attack" : {
    "category" : "hostile",
    "__use_legacy_max_distance" : "true",
    "sounds" : [
      "sounds\/mob\/spider\/attack1",
      "sounds\/mob\/spider\/attack2"
    ]
  },
  "mob.spider.step" : {
    "category" : "hostile",
    "__use_legacy_max_distance" : "true",
    "sounds" : [
      "sounds\/mob\/spider\/step1",
      "sounds\/mob\/spider\/step2",
      "sounds\/mob\/spider\/step3",
      "sounds\/mob\/spider\/step4",
      "sounds\/mob\/spider\/step5"
    ]
  },
  "mob.cave_spider.attack" : {
    "category" : "hostile",
    "__use_legacy_max_distance" : "true",
    "sounds" : [
      "sounds\/mob\/cave_spider\/attack1",
      "sounds\/mob\/cave_spider\/attack2",
      "sounds\/mob\/cave_spider\/attack3"
    ]
  },
  "mob.cave_spider.death" : {
    "category" : "hostile",
    "__use_legacy_max_distance" : "true",
    "sounds" : [
      "sounds\/mob\/cave_spider\/death1",
      "sounds\/mob\/cave_spider\/death2"
    ]
  },
  "mob.cave_spider.attack" : {
    "category" : "hostile",
    "__use_legacy_max_distance" : "true",
    "sounds" : [
      "sounds\/mob\/cave_spider\/say1",
      "sounds\/mob\/cave_spider\/say2"
    ]
  },
  "mob.roxen.hurt" : {
    "category" : "hostile",
    "__use_legacy_max_distance" : "true",
    "sounds" : [
      "sounds\/mob\/roxen\/hurt"
    ]
  },
  "mob.roxen.death" : {
    "category" : "hostile",
    "__use_legacy_max_distance" : "true",
    "sounds" : [
      "sounds\/mob\/roxen\/death"
    ]
  },
  "mob.roxen.say" : {
    "category" : "hostile",
    "__use_legacy_max_distance" : "true",
    "sounds" : [
      "sounds\/mob\/roxen\/say1",
      "sounds\/mob\/roxen\/say2",
      "sounds\/mob\/roxen\/say3"
    ]
  },
  "mob.wither_skeleton.say" : {
    "category" : "hostile",
    "__use_legacy_max_distance" : "true",
    "sounds" : [
      "sounds\/mob\/wither_skeleton\/idle1",
      "sounds\/mob\/wither_skeleton\/idle2",
      "sounds\/mob\/wither_skeleton\/idle3"
    ]
  },
  "note.witherskeleton" : {
    "category" : "record",
    "max_distance": 48.0,
    "sounds" : [
      "sounds\/mob\/wither_skeleton\/idle1",
      "sounds\/mob\/wither_skeleton\/idle2",
      "sounds\/mob\/wither_skeleton\/idle3"
    ]
  },
  "note.skeleton" : {
    "category" : "record",
    "max_distance": 48.0,
    "sounds" : [
      "sounds\/mob\/skeleton\/say1",
      "sounds\/mob\/skeleton\/say2",
      "sounds\/mob\/skeleton\/say3"
    ]
  },
  "note.piglin" : {
    "category" : "record",
    "max_distance": 48.0,
    "sounds" : [
      "sounds\/mob\/piglin\/idle1",
      "sounds\/mob\/piglin\/idle2",
      "sounds\/mob\/piglin\/idle3",
      "sounds\/mob\/piglin\/idle4",
      "sounds\/mob\/piglin\/idle5"
    ]
  },
  "mob.wither_skeleton.death" : {
    "category" : "hostile",
    "__use_legacy_max_distance" : "true",
    "sounds" : [
      "sounds\/mob\/wither_skeleton\/death1",
      "sounds\/mob\/wither_skeleton\/death2"
    ]
  },
  "mob.wither_skeleton.attack" : {
    "category" : "hostile",
    "__use_legacy_max_distance" : "true",
    "sounds" : [
      "sounds\/mob\/wither_skeleton\/attack1",
      "sounds\/mob\/wither_skeleton\/attack2",
      "sounds\/mob\/wither_skeleton\/attack3",
      "sounds\/mob\/wither_skeleton\/attack4"
    ]
  },
  "mob.wither_skeleton.hurt" : {
    "category" : "hostile",
    "__use_legacy_max_distance" : "true",
    "sounds" : [
      "sounds\/mob\/wither_skeleton\/hurt1",
      "sounds\/mob\/wither_skeleton\/hurt2",
      "sounds\/mob\/wither_skeleton\/hurt3",
      "sounds\/mob\/wither_skeleton\/hurt4"
    ]
  },
  "mob.wither_skeleton.step" : {
    "category" : "hostile",
    "__use_legacy_max_distance" : "true",
    "sounds" : [
      "sounds\/mob\/wither_skeleton\/step1",
      "sounds\/mob\/wither_skeleton\/step2",
      "sounds\/mob\/wither_skeleton\/step3",
      "sounds\/mob\/wither_skeleton\/step4"
    ]
  },
  "mob.endermite.say" : {
    "category" : "hostile",
    "__use_legacy_max_distance" : "true",
    "sounds" : [
      "sounds\/mob\/endermite\/idle1",
      "sounds\/mob\/endermite\/idle2",
      "sounds\/mob\/endermite\/idle3"
    ]
  },
  "mob.endermite.step" : {
    "category" : "hostile",
    "__use_legacy_max_distance" : "true",
    "sounds" : [
      "sounds\/mob\/endermite\/step1",
      "sounds\/mob\/endermite\/step2",
      "sounds\/mob\/endermite\/step3",
      "sounds\/mob\/endermite\/step4"
    ]
  }
}