{
  "format_version": "1.8.0",
  "minecraft:spawn_rules": {
    "description": {
      "identifier": "tweaks:basalt_giant",
      "population_control": "monster"
    },
    "conditions": [
      {
        "minecraft:spawns_underground": {},
        "minecraft:spawns_on_block_filter": [
          "minecraft:basalt",
          "minecraft:blackstone",
          "minecraft:magma",
          "tweaks:ruby_ore"
        ],
        "minecraft:difficulty_filter": {
          "min": "easy",
          "max": "hard"
        },

        "minecraft:weight": {
          "default": 10
        },

        "minecraft:herd": {
          "min_size": 1,
          "max_size": 1
        },

        "minecraft:biome_filter": {
          "test": "has_biome_tag", 
          "operator": "==", 
          "value": "basalt_deltas" 
        }
      },
      {
        "minecraft:spawns_underground": {},
        "minecraft:spawns_lava": {},
        "minecraft:difficulty_filter": {
          "min": "easy",
          "max": "hard"
        },

        "minecraft:weight": {
          "default": 1
        },

        "minecraft:herd": {
          "min_size": 1,
          "max_size": 1
        },

        "minecraft:biome_filter": {
          "test": "has_biome_tag", 
          "operator": "==", 
          "value": "basalt_deltas" 
        }
      }
    ]
  }
}