{
  "format_version": "1.8.0",
  "minecraft:spawn_rules": {
    "description": {
      "identifier": "tweaks:chorus_snail",
      "population_control": "animal"
    },
    "conditions": [
      {
        "minecraft:spawns_on_surface": {},
        "minecraft:spawns_on_block_filter": [
          "tweaks:chorus_morass",
          "tweaks:chorus_morass_carpet",
          "tweaks:chorus_sod"
        ],
        "minecraft:weight": {
          "default": 15
        },
        "minecraft:difficulty_filter": {
          "min": "peaceful",
          "max": "hard"
        },
        "minecraft:density_limit": {
          "surface": 5
        },
        "minecraft:height_filter": {
          "min": 50,
          "max": 256
        },
        "minecraft:herd": {
          "min_size": 1,
          "max_size": 3
        },
        "minecraft:biome_filter": [
          {
            "test": "has_biome_tag", "operator": "==", "value": "the_end"
          }
        ]
      }
    ]
  }
}