{
  "format_version": "1.8.0",
  "minecraft:spawn_rules": {
    "description": {
      "identifier": "tweaks:ghoul",
      "population_control": "monster"
    },
    "conditions": [
      {
        "minecraft:spawns_underground": {},
        "minecraft:spawns_on_block_filter": [
          "minecraft:sculk",
          "minecraft:sculk_vein",
          "minecraft:sculk_catalyst",
          "tweaks:fossilised_sculk"
        ],
        "minecraft:weight": {
          "default": 2000
        },
        "minecraft:brightness_filter": {
          "min": 0,
          "max": 15,
          "adjust_for_weather": false
        },
        "minecraft:height_filter": {
          "min": -64,
          "max": 32
        },
        "minecraft:difficulty_filter": {
          "min": "easy",
          "max": "hard"
        },
        "minecraft:density_limit": {
          "underground": 5
        },
        "minecraft:herd": {
          "min_size": 1,
          "max_size": 2
        },
        "minecraft:biome_filter": {
          "all_of": [
            {
              "test": "has_biome_tag",
              "operator": "==",
              "value": "deep_dark"
            }
          ]
        }
      }
    ]
  }
}