{
  "format_version": "1.8.0",
  "minecraft:spawn_rules": {
    "description": {
      "identifier": "tweaks:roxen",
      "population_control": "monster"
    },
    "conditions": [
      {
        "minecraft:spawns_underground": {},
        "minecraft:spawns_on_block_prevented_filter": [
          "minecraft:stonebrick",
          "minecraft:planks",
          "minecraft:cobblestone",
          "tweaks:mossy_cobbled_deepslate",
          "minecraft:mob_spawner",
          "minecraft:cobbled_deepslate",
          "minecraft:mossy_cobblestone",
          "minecraft:monster_egg",
          "minecraft:amethyst_block",
          "minecraft:budding_amethyst",
          "minecraft:calcite",
          "minecraft:smooth_basalt"
        ],
        "minecraft:weight": {
          "default": 35
        },
        "minecraft:brightness_filter": {
          "min": 0,
          "max": 7,
          "adjust_for_weather": false
        },
        "minecraft:height_filter": {
          "min": -64,
          "max": 40
        },
        "minecraft:difficulty_filter": {
          "min": "easy",
          "max": "hard"
        },
        "minecraft:density_limit": {
          "underground": 5
        },
        "minecraft:herd": {
          "min_size": 2,
          "max_size": 4
        },
        "minecraft:biome_filter": {
          "all_of": [
            {
              "test": "has_biome_tag",
              "operator": "==",
              "value": "overworld"
            },
            {
              "test": "has_biome_tag",
              "operator": "!=",
              "value": "deep_dark"
            }
          ]
        }
      }
    ]
  }
}