{
  "format_version": "1.8.0",
  "minecraft:spawn_rules": {
    "description": {
      "identifier": "tweaks:shroomlight_bug",
      "population_control": "monster"
    },
    "conditions": [
      {
        "minecraft:spawns_underground": {},

        "minecraft:spawns_on_block_filter": [
          "minecraft:warped_nylium",
          "minecraft:netherrack",
          "minecraft:shroomlight"
        ],
        "minecraft:difficulty_filter": {
          "min": "peaceful",
          "max": "hard"
        },

        "minecraft:weight": {
          "default": 40
        },

        "minecraft:herd": {
          "min_size": 1,
          "max_size": 2
        },

        "minecraft:biome_filter": {
          "test": "has_biome_tag",
          "operator": "==",
          "value": "warped_forest"
        }
      },
      {
        "minecraft:spawns_underground": {},

        "minecraft:spawns_on_block_filter": [
          "minecraft:crimson_nylium",
          "minecraft:netherrack",
          "minecraft:shroomlight",
          "minecraft:nether_gold_ore"
        ],
        "minecraft:difficulty_filter": {
          "min": "peaceful",
          "max": "hard"
        },

        "minecraft:weight": {
          "default": 
        },

        "minecraft:herd": {
          "min_size": 1,
          "max_size": 3
        },

        "minecraft:biome_filter": {
          "test": "has_biome_tag",
          "operator": "==",
          "value": "crimson_forest"
        }
      }
    ]
  }
}