{
  "format_version": "1.8.0",
  "minecraft:spawn_rules": {
    "description": {
      "identifier": "tweaks:soul_scuttle",
      "population_control": "monster"
    },
    "conditions": [
      {
        "minecraft:spawns_underground": {},

        "minecraft:spawns_on_block_filter": [
          "minecraft:soul_sand",
          "minecraft:soul_soil",
          "minecraft:basalt",
          "tweaks:soul_iron_ore"
        ],
        "minecraft:difficulty_filter": {
          "min": "easy",
          "max": "hard"
        },

        "minecraft:weight": {
          "default": 30
        },

        "minecraft:herd": {
          "min_size": 1,
          "max_size": 2
        },

        "minecraft:biome_filter": {
          "test": "has_biome_tag",
          "operator": "==",
          "value": "soulsand_valley"
        }
      }
    ]
  }
}