{
  "format_version": "1.8.0",
  "minecraft:spawn_rules": {
    "description": {
      "identifier": "minecraft:tadpole",
      "population_control": "water_animal"
    },
    "conditions": [
      {
        "minecraft:spawns_on_surface": {},
        "minecraft:disallow_spawns_in_bubble": {},
        "minecraft:spawns_underwater": {},

        "minecraft:weight": {
          "default": 75
        },
        "minecraft:density_limit": {
          "surface":4
        },
        "minecraft:distance_filter": {
          "min": 12,
          "max": 32
        },
        "minecraft:herd": {
          "min_size":1,
          "max_size":3
        },
        
        "minecraft:biome_filter": { 
          "any_of": [
            { "test": "has_biome_tag", "operator": "==", "value": "swamp" },
            { "test": "has_biome_tag", "operator": "==", "value": "mangrove_swamp" }
          ]
        }

      }
    ]
  }
}