{
	"format_version": "1.8.0",
	"minecraft:spawn_rules": {
		"description": {
			"identifier": "tweaks:wallower",
			"population_control": "animal"
		},
		"conditions": [
			{
				"minecraft:spawns_on_surface": {
				},
				"minecraft:weight": {
					"default": 25
				},
				"minecraft:density_limit": {
					"surface": 4
				},
				"minecraft:herd": {
					"min_size": 1,
					"max_size": 3
				},
				"minecraft:difficulty_filter": {
					"min": "peaceful",
					"max": "hard"
				},
				"minecraft:brightness_filter": {
					"min": 7,
					"max": 15,
					"adjust_for_weather": false
				},
				"minecraft:biome_filter": {
					"any_of": [
						{"test": "has_biome_tag", "operator": "==", "value": "swamp"},
						{"test": "has_biome_tag", "operator": "==", "value": "mangrove_swamp"}
					]
				}
			}
		]
	}
}