{
  "format_version": "1.8.0",
  "minecraft:spawn_rules": {
    "description": {
      "identifier": "tweaks:wart_crusher",
      "population_control": "monster"
    },
    "conditions": [
      {
        "minecraft:spawns_underground": {},

        "minecraft:spawns_on_block_filter": [
          "minecraft:crimson_nylium",
          "minecraft:netherrack",
          "minecraft:nether_gold_ore"
        ],
        "minecraft:difficulty_filter": {
          "min": "easy",
          "max": "hard"
        },

        "minecraft:weight": {
          "default": 42
        },

        "minecraft:herd": {
          "min_size": 1,
          "max_size": 3
        },

        "minecraft:biome_filter": {
          "test": "has_biome_tag", 
          "operator": "==", 
          "value": "crimson_forest" 
        }
      }
    ]
  }
}