{
  "format_version": "1.8.0",
  "minecraft:spawn_rules": {
    "description": {
      "identifier": "minecraft:zombie_horse",
      "population_control": "animal"
    },
    "conditions": [
      {
        "minecraft:spawns_on_surface": {},
        "minecraft:brightness_filter": {
          "min": 0,
          "max": 7,
          "adjust_for_weather": false
        },
        "minecraft:weight": {
          "default": 20
        },
        "minecraft:difficulty_filter": {
          "min": "peaceful",
          "max": "hard"
        },
        "minecraft:herd": {
          "min_size":1,
          "max_size":2
        },
    
        "minecraft:biome_filter": {
          "test": "has_biome_tag", "operator":"==", "value": "plains"
        }
      },
      {
        "minecraft:spawns_on_surface": {},
        "minecraft:brightness_filter": {
          "min": 0,
          "max": 7,
          "adjust_for_weather": false
        },
        "minecraft:weight": {
          "default": 36
        },
        "minecraft:difficulty_filter": {
          "min": "peaceful",
          "max": "hard"
        },
        "minecraft:herd": {
          "min_size":1,
          "max_size":3
        },
    
        "minecraft:biome_filter": {
          "test": "has_biome_tag", "operator":"==", "value": "savanna"
        }
      }
    ]
  }
}