{
	"format_version": "1.8.0",
	"animations": {
		"animation.blastling_fire.move": {
			"animation_length": 1.24,
			"loop": true,
			"bones": {
				"head1": {
					"position": {
						"0.0399": [0, 0, 0],
						"0.04": [0, -9999, 0]
					}
				},
				"head2": {
					"position": {
						"0.0399": [0, -9999, 0],
						"0.04": [0, 0, 0],
						"0.0799": [0, 0, 0],
						"0.08": [0, -9999, 0]
					}
				},
				"head3": {
					"position": {
						"0.0799": [0, -9999, 0],
						"0.08": [0, 0, 0],
						"0.1199": [0, 0, 0],
						"0.12": [0, -9999, 0]
					}
				},
				"head4": {
					"position": {
						"0.1199": [0, -9999, 0],
						"0.12": [0, 0, 0],
						"0.1599": [0, 0, 0],
						"0.16": [0, -9999, 0]
					}
				},
				"head5": {
					"position": {
						"0.1599": [0, -9999, 0],
						"0.16": [0, 0, 0],
						"0.1999": [0, 0, 0],
						"0.2": [0, -9999, 0]
					}
				},
				"head6": {
					"position": {
						"0.1999": [0, -9999, 0],
						"0.2": [0, 0, 0],
						"0.2399": [0, 0, 0],
						"0.24": [0, -9999, 0]
					}
				},
				"head7": {
					"position": {
						"0.2399": [0, -9999, 0],
						"0.24": [0, 0, 0],
						"0.2799": [0, 0, 0],
						"0.28": [0, -9999, 0]
					}
				},
				"head8": {
					"position": {
						"0.2799": [0, -9999, 0],
						"0.28": [0, 0, 0],
						"0.3199": [0, 0, 0],
						"0.32": [0, -9999, 0]
					}
				},
				"head9": {
					"position": {
						"0.3199": [0, -9999, 0],
						"0.32": [0, 0, 0],
						"0.3599": [0, 0, 0],
						"0.36": [0, -9999, 0]
					}
				},
				"head10": {
					"position": {
						"0.3599": [0, -9999, 0],
						"0.36": [0, 0, 0],
						"0.3999": [0, 0, 0],
						"0.4": [0, -9999, 0]
					}
				},
				"head11": {
					"position": {
						"0.3999": [0, -9999, 0],
						"0.4": [0, 0, 0],
						"0.4399": [0, 0, 0],
						"0.44": [0, -9999, 0]
					}
				},
				"head12": {
					"position": {
						"0.4399": [0, -9999, 0],
						"0.44": [0, 0, 0],
						"0.4799": [0, 0, 0],
						"0.48": [0, -9999, 0]
					}
				},
				"head13": {
					"position": {
						"0.4799": [0, -9999, 0],
						"0.48": [0, 0, 0],
						"0.5199": [0, 0, 0],
						"0.52": [0, -9999, 0]
					}
				},
				"head14": {
					"position": {
						"0.5199": [0, -9999, 0],
						"0.52": [0, 0, 0],
						"0.5599": [0, 0, 0],
						"0.56": [0, -9999, 0]
					}
				},
				"head15": {
					"position": {
						"0.5599": [0, -9999, 0],
						"0.56": [0, 0, 0],
						"0.5999": [0, 0, 0],
						"0.6": [0, -9999, 0]
					}
				},
				"head16": {
					"position": {
						"0.5999": [0, -9999, 0],
						"0.6": [0, 0, 0],
						"0.6399": [0, 0, 0],
						"0.64": [0, -9999, 0]
					}
				},
				"head17": {
					"position": {
						"0.6399": [0, -9999, 0],
						"0.64": [0, 0, 0],
						"0.6799": [0, 0, 0],
						"0.68": [0, -9999, 0]
					}
				},
				"head18": {
					"position": {
						"0.6799": [0, -9999, 0],
						"0.68": [0, 0, 0],
						"0.7199": [0, 0, 0],
						"0.72": [0, -9999, 0]
					}
				},
				"head19": {
					"position": {
						"0.7199": [0, -9999, 0],
						"0.72": [0, 0, 0],
						"0.7599": [0, 0, 0],
						"0.76": [0, -9999, 0]
					}
				},
				"head20": {
					"position": {
						"0.7599": [0, -9999, 0],
						"0.76": [0, 0, 0],
						"0.7999": [0, 0, 0],
						"0.8": [0, -9999, 0]
					}
				},
				"head21": {
					"position": {
						"0.7999": [0, -9999, 0],
						"0.8": [0, 0, 0],
						"0.8399": [0, 0, 0],
						"0.84": [0, -9999, 0]
					}
				},
				"head22": {
					"position": {
						"0.8399": [0, -9999, 0],
						"0.84": [0, 0, 0],
						"0.8799": [0, 0, 0],
						"0.88": [0, -9999, 0]
					}
				},
				"head23": {
					"position": {
						"0.8799": [0, -9999, 0],
						"0.88": [0, 0, 0],
						"0.9199": [0, 0, 0],
						"0.92": [0, -9999, 0]
					}
				},
				"head24": {
					"position": {
						"0.9199": [0, -9999, 0],
						"0.92": [0, 0, 0],
						"0.9599": [0, 0, 0],
						"0.96": [0, -9999, 0]
					}
				},
				"head25": {
					"position": {
						"0.9599": [0, -9999, 0],
						"0.96": [0, 0, 0],
						"0.9999": [0, 0, 0],
						"1.0": [0, -9999, 0]
					}
				},
				"head26": {
					"position": {
						"0.9999": [0, -9999, 0],
						"1.0": [0, 0, 0],
						"1.0399": [0, 0, 0],
						"1.04": [0, -9999, 0]
					}
				},
				"head27": {
					"position": {
						"1.0399": [0, -9999, 0],
						"1.04": [0, 0, 0],
						"1.0799": [0, 0, 0],
						"1.08": [0, -9999, 0]
					}
				},
				"head28": {
					"position": {
						"1.0799": [0, -9999, 0],
						"1.08": [0, 0, 0],
						"1.1199": [0, 0, 0],
						"1.12": [0, -9999, 0]
					}
				},
				"head29": {
					"position": {
						"1.1199": [0, -9999, 0],
						"1.12": [0, 0, 0],
						"1.1599": [0, 0, 0],
						"1.16": [0, -9999, 0]
					}
				},
				"head30": {
					"position": {
						"1.1599": [0, -9999, 0],
						"1.16": [0, 0, 0],
						"1.1999": [0, 0, 0],
						"1.2": [0, -9999, 0]
					}
				},
				"head31": {
					"position": {
						"1.1999": [0, -9999, 0],
						"1.2": [0, 0, 0],
						"1.2399": [0, 0, 0],
						"1.24": [0, -9999, 0]
					}
				},
				"head32": {
					"position": {
						"1.2399": [0, -9999, 0],
						"1.24": [0, 0, 0]
					}
				}
			}
		}
	}
}