{
	"format_version": "1.8.0",
	"animations": {
		"animation.blastling.base": {
			"loop": true,
			"bones": {
				"rightLeg": {
					"rotation": [0, 0, 1.5]
				},
				"leftLeg": {
					"rotation": [-2.5, 0, -2.5]
				},
				"upperBody": {
					"rotation": [17.5, -2.5, 1]
				},
				"rightArm": {
					"rotation": [-20, 2.5, -1.5]
				},
				"leftArm": {
					"rotation": [-22.5, 3, -0.5]
				},
				"head": {
					"rotation": [-13, 0, 0]
				}
			}
		},
		"animation.blastling.idle": {
			"loop": true,
			"animation_length": 3.36,
			"bones": {
				"upperBody": {
					"rotation": {
						"0.0": [-5, 10, 0],
						"0.84": [-2.5, 10, 0],
						"1.2": [-4.64, 10, 0],
						"1.4": [-5.83, 6, -0.25],
						"1.68": [-7.5, 6, -0.25],
						"2.56": [-5, 6, -0.25],
						"2.8": [-5.71, 6, -0.25],
						"3.16": [-5.25, 10, 0],
						"3.36": [-5, 10, 0]
					}
				},
				"rightArm": {
					"rotation": {
						"0.2": [8.5, -9, 3.5],
						"1.16": [6.5, -11, 3],
						"1.92": [11.5, -6.5, 3.5],
						"2.8": [8.5, -5.5, 3.5],
						"3.36": [8.5, -9, 3.5]
					}
				},
				"leftArm": {
					"rotation": {
						"0.0": [7, -7, -4],
						"0.16": [7.5, -5, -4],
						"1.04": [5, -4, -4],
						"1.84": [9, 0, -4.5],
						"2.72": [6.5, -1.5, -5],
						"3.36": [7, -7, -4]
					}
				},
				"head": {
					"rotation": {
						"0.0": [2.5, 12.5, -2.5],
						"0.84": [0, 12.5, -2.5],
						"1.04": [0.6, 12.5, -2.5],
						"1.4": [4.17, 10, -2.5],
						"1.68": [5, 10, -2.5],
						"2.56": [2.5, 10, -2.5],
						"2.76": [2.5, 10, -2.5],
						"3.16": [2.5, 12.5, -2.5]
					}
				},
				"r_eye": {
					"scale": {
						"1.16": [1, 1, 1],
						"1.24": [1, 0, 1],
						"1.32": [1, 1, 1],
						"2.84": [1, 1, 1],
						"2.92": [1, 0, 1],
						"3.0": [1, 1, 1]
					}
				},
				"r_pupil": {
					"position": {
						"1.16": [-0.85, 0, 0],
						"1.32": [0.85, 0, 0],
						"2.84": [0.85, 0, 0],
						"3.0": [-0.85, 0, 0]
					}
				},
				"l_eye": {
					"scale": {
						"1.16": [1, 1, 1],
						"1.24": [1, 0, 1],
						"1.32": [1, 1, 1],
						"2.84": [1, 1, 1],
						"2.92": [1, 0, 1],
						"3.0": [1, 1, 1]
					}
				},
				"l_pupil": {
					"position": {
						"1.16": [-0.85, 0, 0],
						"1.32": [0.85, 0, 0],
						"2.84": [0.85, 0, 0],
						"3.0": [-0.85, 0, 0]
					}
				},
				"shoot": {
					"scale": 0
				},
				"shoot2": {
					"scale": 0
				}
			}
		},
		"animation.blastling.pre_attack": {
			"loop": "hold_on_last_frame",
			"animation_length": 1.04,
			"bones": {
				"upperBody": {
					"rotation": {
						"0.0": [0, 0, 0],
						"0.16": [6.5, 0, 0],
						"0.32": [-19.75, 0, 0],
						"0.52": [-31, 0, 0],
						"0.68": [-28.5, 0, 0],
						"0.92": [-31, 2.5, 0],
						"1.04": [-31, 0, 0]
					},
					"position": [0, 0, 0]
				},
				"leftArm": {
					"rotation": {
						"0.0": [0, 0, 0],
						"0.12": [-2.5, 0, 0],
						"0.32": [-66, 0, 0],
						"0.56": [-35, 0, 0],
						"0.68": [-45, 0, 0],
						"0.8": [-37.5, -1, 0],
						"0.92": [-45, -1, -1],
						"1.0": [-40, 0, 0],
						"1.04": [-41, 0, 0]
					},
					"position": [0, 0, 0]
				},
				"rightArm": {
					"rotation": {
						"0.0": [0, 0, 0],
						"0.08": [-2.5, 0, 0],
						"0.4": [-66.5, 0, 0],
						"0.68": [-44, 0, 0],
						"0.8": [-47.5, -1, 0],
						"0.92": [-40, -1, 0],
						"1.0": [-45, 0, 1],
						"1.04": [-43.5, 0, 1.5]
					}
				},
				"head": {
					"rotation": {
						"0.0": [0, 0, 0],
						"0.12": [-2.5, 0, 0],
						"0.24": [12.5, 0, 0],
						"0.36": [-5, 0, 0],
						"0.44": [-5, 0, 0],
						"0.56": [7, 0, 0],
						"0.64": [12.5, 0, 0],
						"1.04": [12.5, 0, 0]
					}
				},
				"shoot": {
					"scale": 0
				},
				"shoot2": {
					"scale": 0
				}
			},
			"sound_effects": {
				"0.0": {
					"effect": "load"
				}
			}
		},
		"animation.blastling.pre_loop": {
			"loop": true,
			"animation_length": 0.52,
			"bones": {
				"upperBody": {
					"rotation": {
						"0.0": [-28.5, 0, 0],
						"0.24": [-31, 2.5, 0],
						"0.36": [-31, 0, 0],
						"0.52": [-28.5, 0, 0]
					}
				},
				"leftArm": {
					"rotation": {
						"0.0": [-45, 0, 0],
						"0.12": [-37.5, -1, 0],
						"0.24": [-45, -1, -1],
						"0.36": [-40, 0, 0],
						"0.52": [-45, 0, 0]
					}
				},
				"rightArm": {
					"rotation": {
						"0.0": [-44, 0, 0],
						"0.12": [-47.5, -1, 0],
						"0.24": [-40, -1, 0],
						"0.36": [-45, 0, 1],
						"0.52": [-44, 0, 0]
					}
				},
				"head": {
					"rotation": {
						"0.0": [12.5, 0, 0],
						"0.36": [12.5, 0, 0],
						"0.52": [12.5, 0, 0]
					}
				},
				"shoot": {
					"scale": 0
				},
				"shoot2": {
					"scale": 0
				}
			}
		},
		"animation.blastling.walk": {
			"loop": true,
			"animation_length": 0.92,
			"bones": {
				"upperBody": {
					"rotation": {
						"0.0": [0, 2.5, 0],
						"0.36": [0, 5, -3],
						"0.72": [0, 5, 0.5],
						"0.92": [0, 2.5, 0]
					},
					"position": {
						"0.0": [0, 0.5, 0],
						"0.04": [0, 0, 0],
						"0.12": [0, -0.25, 0],
						"0.32": [0, 0.22, 0],
						"0.36": [0, 0.25, 0],
						"0.56": [0, -0.25, 0],
						"0.84": [0, 0.75, 0],
						"0.92": [0, 0.5, 0]
					}
				},
				"rightLeg": {
					"rotation": {
						"0.0": [-1.5, 0, -1.5],
						"0.08": [-3.5, 0, -1.5],
						"0.6": [14, 0, -1.5],
						"0.64": [14, 0, -1.5],
						"0.92": [-1.5, 0, -1.5]
					},
					"position": {
						"0.0": [0, 1.5, -0.25],
						"0.08": [0, 0.75, -0.25],
						"0.12": [0, 0, -0.15],
						"0.48": [0, 0.25, -0.1],
						"0.64": [0, 1, -0.075],
						"0.92": [0, 1.5, -0.25]
					}
				},
				"leftLeg": {
					"rotation": {
						"0.0": [12.5, 0, 2.5],
						"0.08": [15, 0, 2.5],
						"0.48": [-4, 0, 2.5],
						"0.92": [12.5, 0, 2.5]
					},
					"position": {
						"0.0": [0, 0, -0.2],
						"0.08": [0, 0.5, -0.3],
						"0.4": [0, 1.25, -0.25],
						"0.48": [0, 0.25, -0.3],
						"0.92": [0, 0, -0.2]
					}
				},
				"rightArm": {
					"rotation": {
						"0.0": [10.5, -2.5, 1.5],
						"0.36": [-0.14, -4.5, 3.5],
						"0.44": [-2.5, -4.5, 3.5],
						"0.84": [9.32, -3.5, 1.5],
						"0.92": [10.5, -2.5, 1.5]
					}
				},
				"leftArm": {
					"rotation": {
						"0.0": [-1, -3, -0.25],
						"0.04": [-1.5, -3.5, 0.2],
						"0.08": [-3, -3.5, 0.5],
						"0.36": [6.45, -5.25, 3.5],
						"0.48": [10.5, -5, 2],
						"0.72": [4.23, -5.5, 0],
						"0.92": [-1, -3, -0.25]
					}
				},
				"head": {
					"rotation": {
						"0.0": [-3, 1, -1],
						"0.08": [-5.5, 1, 0],
						"0.36": [-2.5, -3.5, 3.5],
						"0.56": [-6.5, -3, 1.5],
						"0.84": [-3, 0.5, 0],
						"0.92": [-3, 1, -1]
					}
				},
				"shoot": {
					"scale": 0
				},
				"shoot2": {
					"scale": 0
				}
			}
		},
		"animation.blastling.shot": {
			"loop": "hold_on_last_frame",
			"animation_length": 0.44,
			"bones": {
				"upperBody": {
					"rotation": {
						"0.0": [-31, 0, 0],
						"0.04": [-43.5, -10, 7.5],
						"0.08": [-41, -12.5, 9],
						"0.12": [-38.5, -12.5, 6.5],
						"0.16": [-41, -2.5, 1],
						"0.24": [-46, 10, -6],
						"0.36": [-31, 7.5, 0],
						"0.44": [-31, 0, 0]
					},
					"position": {
						"0.0": [0, 0, 0],
						"0.04": [0, 0, 1],
						"0.2": [0, 0, 1],
						"0.44": [0, 0, 0]
					}
				},
				"rightArm": {
					"rotation": {
						"0.0": [-43.5, 0, 1.5],
						"0.04": [-33.5, 12.5, -0.5],
						"0.08": [-35, 15, -1.5],
						"0.12": [-39, 14, 0],
						"0.16": [-59, 2, 1.5],
						"0.2": [-63.5, -3, 4],
						"0.24": [-63, -12, 5],
						"0.44": [-44, 0, 0]
					},
					"position": {
						"0.12": [0, 0, 0],
						"0.16": [0, 0, 2.75],
						"0.36": [0, 0, 0]
					}
				},
				"leftArm": {
					"rotation": {
						"0.0": [-41, 0, 0],
						"0.04": [-57.5, 10, -5.5],
						"0.08": [-65, 12.5, -6.5],
						"0.16": [-47.5, 2.5, 1],
						"0.24": [-22.5, -10.5, 1.5],
						"0.32": [-30.1, -7, 0],
						"0.44": [-41.5, 0, 0]
					},
					"position": {
						"0.0": [0, 0, 0],
						"0.04": [0, 0.25, 3.5],
						"0.08": [0, 0.25, 3.5],
						"0.24": [0, 0, 0]
					}
				},
				"head": {
					"rotation": {
						"0.0": [12.5, 0, 0],
						"0.08": [0, 13, -2],
						"0.12": [-2.5, 10.5, -1],
						"0.2": [15.5, 6, 2],
						"0.28": [3, -9, 0.75],
						"0.4": [12.5, -2.5, 0],
						"0.44": [12.5, 0, 0]
					}
				},
				"shoot": {
					"position": [0, 0, 1],
					"scale": {
						"0.0": [0, 0, 0],
						"0.12": {
							"pre": [0, 0, 0],
							"post": [0, 0, 0]
						},
						"0.16": {
							"pre": [0, 0, 0],
							"post": [1, 1, 1]
						},
						"0.28": {
							"pre": [1, 1, 1],
							"post": [1, 1, 1]
						},
						"0.36": {
							"pre": [1, 1, 1],
							"post": [0, 0, 0]
						}
					}
				},
				"shoot2": {
					"position": [0, 0, 1],
					"scale": {
						"0.0": [0, 0, 0],
						"0.04": {
							"pre": [0, 0, 0],
							"post": [1, 1, 1]
						},
						"0.16": {
							"pre": [1, 1, 1],
							"post": [1, 1, 1]
						},
						"0.24": {
							"pre": [1, 1, 1],
							"post": [0, 0, 0]
						}
					}
				}
			}
		},
		"animation.blastling.particle": {
			"loop": true,
			"particle_effects": {
				"0.0": [
					{
						"effect": "fire",
						"locator": "locator"
					},
					{
						"effect": "trail",
						"locator": "locator"
					}
				]
			}
		},
		"animation.blastling.attack": {
			"loop": "hold_on_last_frame",
			"animation_length": 1.48,
			"bones": {
				"upperBody": {
					"rotation": {
						"0.0": [0, 0, 0],
						"0.16": [6.5, 0, 0],
						"0.32": [-19.75, 0, 0],
						"0.52": [-31, 0, 0],
						"0.68": [-28.5, 0, 0],
						"0.92": [-31, 2.5, 0],
						"1.04": [-31, 0, 0],
						"1.08": [-43.5, -10, 7.5],
						"1.12": [-41, -12.5, 9],
						"1.16": [-38.5, -12.5, 6.5],
						"1.2": [-41, -2.5, 1],
						"1.28": [-46, 10, -6],
						"1.4": [-31, 7.5, 0],
						"1.48": [-31, 0, 0]
					},
					"position": {
						"1.04": [0, 0, 0],
						"1.08": [0, 0, 1],
						"1.24": [0, 0, 1],
						"1.48": [0, 0, 0]
					}
				},
				"leftArm": {
					"rotation": {
						"0.0": [0, 0, 0],
						"0.12": [-2.5, 0, 0],
						"0.32": [-66, 0, 0],
						"0.56": [-35, 0, 0],
						"0.68": [-45, 0, 0],
						"0.8": [-37.5, -1, 0],
						"0.92": [-45, -1, -1],
						"1.0": [-40, 0, 0],
						"1.04": [-41, 0, 0],
						"1.08": [-57.5, 10, -5.5],
						"1.12": [-65, 12.5, -6.5],
						"1.2": [-47.5, 2.5, 1],
						"1.28": [-22.5, -10.5, 1.5],
						"1.36": [-30.1, -7, 0],
						"1.48": [-41.5, 0, 0]
					},
					"position": {
						"1.04": [0, 0, 0],
						"1.08": [0, 0.25, 3.5],
						"1.12": [0, 0.25, 3.5],
						"1.28": [0, 0, 0]
					}
				},
				"rightArm": {
					"rotation": {
						"0.0": [0, 0, 0],
						"0.08": [-2.5, 0, 0],
						"0.4": [-66.5, 0, 0],
						"0.68": [-44, 0, 0],
						"0.8": [-47.5, -1, 0],
						"0.92": [-40, -1, 0],
						"1.0": [-45, 0, 1],
						"1.04": [-43.5, 0, 1.5],
						"1.08": [-33.5, 12.5, -0.5],
						"1.12": [-35, 15, -1.5],
						"1.16": [-39, 14, 0],
						"1.2": [-59, 2, 1.5],
						"1.24": [-63.5, -3, 4],
						"1.28": [-63, -12, 5],
						"1.48": [-44, 0, 0]
					},
					"position": {
						"1.16": [0, 0, 0],
						"1.2": [0, 0, 2.75],
						"1.4": [0, 0, 0]
					}
				},
				"head": {
					"rotation": {
						"0.0": [0, 0, 0],
						"0.12": [-2.5, 0, 0],
						"0.24": [12.5, 0, 0],
						"0.36": [-5, 0, 0],
						"0.44": [-5, 0, 0],
						"0.56": [7, 0, 0],
						"0.64": [12.5, 0, 0],
						"1.04": [12.5, 0, 0],
						"1.12": [0, 13, -2],
						"1.16": [-2.5, 10.5, -1],
						"1.24": [15.5, 6, 2],
						"1.32": [3, -9, 0.75],
						"1.44": [12.5, -2.5, 0],
						"1.48": [12.5, 0, 0]
					}
				}
			}
		}
	}
}