{
	"format_version": "1.8.0",
	"animations": {
		"animation.guardian_vex.bob": {
			"loop": true,
			"bones": {
				"body": {
					"scale": 0.5
				}
			}
		},
		"animation.guardian_vex.idle": {
			"loop": true,
			"animation_length": 1.2,
			"bones": {
				"body": {
					"rotation": {
						"0.0": [65, 0, 0],
						"0.32": [65.18803, 3.1622, 6.80423],
						"0.72": [65.18952, -2.75365, -5.93137],
						"0.96": [65, 0, 0]
					},
					"position": {
						"0.0": [0, 7, 0],
						"0.16": [0, 6, 0],
						"0.32": [0, 7, 0],
						"0.48": [0, 6, 0],
						"0.72": [0, 7, 0],
						"0.96": [0, 6, 0],
						"1.2": [0, 7, 0]
					}
				},
				"wings": {
					"rotation": {
						"0.0": [0, 57.5, 0],
						"0.12": [0, 40, 0],
						"0.24": [0, 57.5, 0],
						"0.36": [0, 40, 0],
						"0.48": [0, 57.5, 0],
						"0.6": [0, 40, 0],
						"0.72": [0, 57.5, 0],
						"0.84": [0, 40, 0],
						"0.96": [0, 57.5, 0],
						"1.08": [0, 40, 0],
						"1.2": [0, 57.5, 0]
					}
				},
				"wings2": {
					"rotation": {
						"0.0": [0, 60, 0],
						"0.12": [0, 40, 0],
						"0.24": [0, 60, 0],
						"0.36": [0, 40, 0],
						"0.48": [0, 60, 0],
						"0.6": [0, 40, 0],
						"0.72": [0, 60, 0],
						"0.84": [0, 40, 0],
						"0.96": [0, 60, 0],
						"1.08": [0, 40, 0],
						"1.2": [0, 60, 0]
					}
				},
				"head": {
					"rotation": [-47.5, 0, 0]
				},
				"arm1": {
					"rotation": [-87.58171, 31.1776, -10.28689],
					"position": [0, 0, -2]
				},
				"arm2": {
					"rotation": [-80.2484, -39.58992, -6.25038],
					"position": [0, 0, -2]
				},
				"wings4": {
					"rotation": {
						"0.0": [0, -57.5, 0],
						"0.12": [0, -40, 0],
						"0.24": [0, -57.5, 0],
						"0.36": [0, -40, 0],
						"0.48": [0, -57.5, 0],
						"0.6": [0, -40, 0],
						"0.72": [0, -57.5, 0],
						"0.84": [0, -40, 0],
						"0.96": [0, -57.5, 0],
						"1.08": [0, -40, 0],
						"1.2": [0, -57.5, 0]
					}
				},
				"wings5": {
					"rotation": {
						"0.0": [0, -60, 0],
						"0.12": [0, -40, 0],
						"0.24": [0, -60, 0],
						"0.36": [0, -40, 0],
						"0.48": [0, -60, 0],
						"0.6": [0, -40, 0],
						"0.72": [0, -60, 0],
						"0.84": [0, -40, 0],
						"0.96": [0, -60, 0],
						"1.08": [0, -40, 0],
						"1.2": [0, -60, 0]
					}
				},
				"mace": {
					"rotation": {
						"0.0": [68.77363, 163.34787, -135.00202],
						"0.24": [71.84437, 164.76035, -137.18282],
						"0.4": [66.34885, 157.56064, -120.30813],
						"0.72": [70.84237, 171.11474, -149.13794],
						"0.96": [72.6876, 176.2405, -160.19301],
						"1.2": [68.77363, 163.34787, -135.00202]
					},
					"position": [0, -2, -1],
					"scale": 1.5
				},
				"leg2": {
					"rotation": [15, 0, 0]
				},
				"rightItem": {
					"rotation": [-5, 0, 0]
				}
			}
		},
		"animation.guardian_vex.idle2": {
			"loop": true,
			"animation_length": 0.96,
			"bones": {
				"body": {
					"rotation": {
						"0.0": [65, 0, 0],
						"0.32": [65.18803, 3.1622, 6.80423],
						"0.72": [65.18952, -2.75365, -5.93137],
						"0.96": [65, 0, 0]
					},
					"position": {
						"0.0": [0, 6, 0],
						"0.32": [0, 7, 0],
						"0.52": [0, 6, 0],
						"0.72": [0, 7, 0],
						"0.96": [0, 6, 0]
					}
				},
				"wings": {
					"rotation": {
						"0.0": [0, 57.5, 0],
						"0.12": [0, 40, 0],
						"0.24": [0, 57.5, 0],
						"0.36": [0, 40, 0],
						"0.48": [0, 57.5, 0],
						"0.6": [0, 40, 0],
						"0.72": [0, 57.5, 0],
						"0.84": [0, 40, 0],
						"0.96": [0, 57.5, 0]
					}
				},
				"wings2": {
					"rotation": {
						"0.0": [0, 60, 0],
						"0.12": [0, 40, 0],
						"0.24": [0, 60, 0],
						"0.36": [0, 40, 0],
						"0.48": [0, 60, 0],
						"0.6": [0, 40, 0],
						"0.72": [0, 60, 0],
						"0.84": [0, 40, 0],
						"0.96": [0, 60, 0]
					}
				},
				"head": {
					"rotation": [-47.5, 0, 0]
				},
				"arm1": {
					"rotation": {
						"0.0": [-87.81596, 18.68757, -10.83928],
						"0.36": [-87.34983, 38.6703, -9.88272],
						"0.76": [-87.84414, 15.69403, -10.95441],
						"0.96": [-87.81596, 18.68757, -10.83928]
					},
					"position": [0, 0, -2]
				},
				"arm2": {
					"rotation": {
						"0.0": [-78.97294, -46.96776, -8.10693],
						"0.36": [-81.35612, -29.7174, -4.30963],
						"0.76": [-82.34331, -41.88437, -6.83491],
						"0.96": [-78.97294, -46.96776, -8.10693]
					},
					"position": [0, 0, -2]
				},
				"wings4": {
					"rotation": {
						"0.0": [0, -57.5, 0],
						"0.12": [0, -40, 0],
						"0.24": [0, -57.5, 0],
						"0.36": [0, -40, 0],
						"0.48": [0, -57.5, 0],
						"0.6": [0, -40, 0],
						"0.72": [0, -57.5, 0],
						"0.84": [0, -40, 0],
						"0.96": [0, -57.5, 0]
					}
				},
				"wings5": {
					"rotation": {
						"0.0": [0, -60, 0],
						"0.12": [0, -40, 0],
						"0.24": [0, -60, 0],
						"0.36": [0, -40, 0],
						"0.48": [0, -60, 0],
						"0.6": [0, -40, 0],
						"0.72": [0, -60, 0],
						"0.84": [0, -40, 0],
						"0.96": [0, -60, 0]
					}
				},
				"mace": {
					"rotation": {
						"0.0": [73.90218, 172.76386, -140.29],
						"0.16": [72.85425, 178.7798, -138.4312],
						"0.4": [79.07375, 191.72471, -125.5839],
						"0.64": [77.47843, 161.19716, -158.18933],
						"0.8": [79.8295, 167.45553, -164.15008],
						"0.96": [73.90218, 172.76386, -140.29]
					},
					"position": [0, -2, -1],
					"scale": 1.5
				},
				"leg2": {
					"rotation": [15, 0, 0]
				},
				"rightItem": {
					"rotation": [-5, 0, 0]
				}
			}
		},
		"animation.guardian_vex.attack": {
			"animation_length": 1.2,
			"bones": {
				"body": {
					"rotation": {
						"0.0": [65, 0, 0],
						"0.16": [32.31743, 21.76379, 5.82634],
						"0.32": [16.69895, 17.85509, 1.03777],
						"0.4": [9.77719, 24.33106, 2.09749],
						"0.56": [111.94048, -0.73922, -1.12892],
						"0.8": [65, 0, 0]
					},
					"position": {
						"0.0": [0, 7, 0],
						"0.16": [0, 8, 2],
						"0.4": [0, 9, 3],
						"0.48": [0, 6, -2],
						"0.56": [0, 4.2, -4.2],
						"0.68": [0, 4, 0],
						"0.8": [0, 7, 0]
					}
				},
				"wings": {
					"rotation": {
						"0.0": [0, 57.5, 0],
						"0.12": [0, 40, 0],
						"0.24": [0, 57.5, 0],
						"0.36": [0, 40, 0],
						"0.48": [0, 57.5, 0],
						"0.6": [0, 40, 0],
						"0.72": [0, 57.5, 0],
						"0.84": [0, 40, 0],
						"0.96": [0, 57.5, 0],
						"1.08": [0, 40, 0],
						"1.2": [0, 57.5, 0]
					}
				},
				"wings4": {
					"rotation": {
						"0.0": [0, -57.5, 0],
						"0.12": [0, -40, 0],
						"0.24": [0, -57.5, 0],
						"0.36": [0, -40, 0],
						"0.48": [0, -57.5, 0],
						"0.6": [0, -40, 0],
						"0.72": [0, -57.5, 0],
						"0.84": [0, -40, 0],
						"0.96": [0, -57.5, 0],
						"1.08": [0, -40, 0],
						"1.2": [0, -57.5, 0]
					}
				},
				"wings5": {
					"rotation": {
						"0.0": [0, -60, 0],
						"0.12": [0, -40, 0],
						"0.24": [0, -60, 0],
						"0.36": [0, -40, 0],
						"0.48": [0, -60, 0],
						"0.6": [0, -40, 0],
						"0.72": [0, -60, 0],
						"0.84": [0, -40, 0],
						"0.96": [0, -60, 0],
						"1.08": [0, -40, 0],
						"1.2": [0, -60, 0]
					}
				},
				"wings2": {
					"rotation": {
						"0.0": [0, 60, 0],
						"0.12": [0, 40, 0],
						"0.24": [0, 60, 0],
						"0.36": [0, 40, 0],
						"0.48": [0, 60, 0],
						"0.6": [0, 40, 0],
						"0.72": [0, 60, 0],
						"0.84": [0, 40, 0],
						"0.96": [0, 60, 0],
						"1.08": [0, 40, 0],
						"1.2": [0, 60, 0]
					}
				},
				"head": {
					"rotation": {
						"0.0": [-47.5, 0, 0],
						"0.2": [-45.01486, -12.74785, 11.70666],
						"0.36": [-41.34198, -13.31791, 11.45696],
						"0.6": [-25, 0, 0],
						"0.8": [-47.5, 0, 0]
					}
				},
				"arm1": {
					"rotation": {
						"0.0": [-87.58171, 31.1776, -10.28689],
						"0.08": [-65.08, 31.18, -10.29],
						"0.2": [-125.08171, 31.1776, -10.28689],
						"0.36": [-162.07887, 38.37939, -35.95672],
						"0.56": [-89.67411, 32.49858, -18.9799],
						"0.8": [-87.58171, 31.1776, -10.28689]
					},
					"position": {
						"0.0": [0, 0, -2],
						"0.2": [0, 0, -2],
						"0.36": [-3, 0, -2],
						"0.56": [0, 0, -2]
					}
				},
				"arm2": {
					"rotation": {
						"0.0": [-80.2484, -39.58992, -6.25038],
						"0.08": [-60.2484, -39.58992, -6.25038],
						"0.2": [-117.7484, -39.58992, -6.25038],
						"0.36": [-172.56138, -36.13755, -14.69011],
						"0.6": [-95.58381, -44.81422, 16.39081],
						"0.8": [-80.2484, -39.58992, -6.25038]
					},
					"position": [0, 0, -2]
				},
				"rightItem": {
					"rotation": [-5, 0, 0]
				},
				"mace": {
					"rotation": {
						"0.0": [68.77363, 163.34787, -135.00202],
						"0.2": [69.9, 182.37, -142.22],
						"0.32": [146.57494, 193.77802, -146.55621],
						"0.4": [149.07494, 193.77802, -146.55621],
						"0.56": [49.74687, 186.25153, -137.2314],
						"0.64": [18.48541, 176.9819, -140.10218],
						"0.8": [68.77363, 163.34787, -135.00202]
					},
					"position": [0, -2, -1],
					"scale": 1.5
				},
				"leg2": {
					"rotation": [15, 0, 0]
				}
			}
		},
		"animation.guardian_vex.move": {
			"loop": true,
			"animation_length": 0.24,
			"bones": {
				"body": {
					"rotation": [70, 0, 0],
					"position": [0, 7, -1]
				},
				"wings": {
					"rotation": {
						"0.0": [0, 57.5, 0],
						"0.12": [0, 40, 0],
						"0.24": [0, 57.5, 0]
					}
				},
				"wings4": {
					"rotation": {
						"0.0": [0, -57.5, 0],
						"0.12": [0, -40, 0],
						"0.24": [0, -57.5, 0]
					}
				},
				"wings5": {
					"rotation": {
						"0.0": [0, -60, 0],
						"0.12": [0, -40, 0],
						"0.24": [0, -60, 0]
					}
				},
				"wings2": {
					"rotation": {
						"0.0": [0, 60, 0],
						"0.12": [0, 40, 0],
						"0.24": [0, 60, 0]
					}
				},
				"head": {
					"rotation": [-47.5, 0, 0]
				},
				"arm1": {
					"rotation": [-77.58171, 31.1776, -10.28689],
					"position": [0, 0, -2]
				},
				"arm2": {
					"rotation": [-70.2484, -39.58992, -6.25038],
					"position": [0, 0, -2]
				},
				"rightItem": {
					"rotation": [-5, 0, 0]
				},
				"mace": {
					"rotation": [60.41653, 172.48977, -140.47811],
					"position": [0, -2, -1],
					"scale": 1.5
				},
				"leg2": {
					"rotation": [15, 0, 0]
				}
			}
		},
		"animation.guardian_vex.particle": {
			"loop": true,
			"particle_effects": {
				"0.0": {
					"effect": "glint",
					"locator": "locator"
				}
			}
		}
	}
}