{
  "resource_pack_name" : "NewOresAddon",
  "texture_name" : "atlas.items",
  "texture_data" : {
    "ruby" : {
      "textures" : "textures\/items\/ruby"
    },
    "bismuth_bench" : {
      "textures" : "textures\/blocks\/bismuth_bench"
    },
    "pearl_block" : {
      "textures" : "textures\/blocks\/pearl_block"
    },
    "ruby_block" : {
      "textures" : "textures\/blocks\/ruby_block"
    },
    "pearl_ore" : {
      "textures" : "textures\/blocks\/pearl_ore"
    },
    "soul_iron_ore" : {
      "textures" : "textures\/blocks\/soul_iron_ore"
    },
    "soul_glass" : {
      "textures" : "textures\/blocks\/soul_glass"
    },
    "bismuth_block" : {
      "textures" : "textures\/blocks\/bismuth_block"
    },
    "bismuth_ore" : {
      "textures" : "textures\/blocks\/bismuth_ore"
    },
    "endermite_nest" : {
      "textures" : "textures\/blocks\/endermite_nest"
    },
    "raw_pearl_block" : {
      "textures" : "textures\/blocks\/raw_pearl_block"
    },
    "ruby_ore_side" : {
      "textures" : "textures\/blocks\/ruby_ore_side"
    },
    "ruby_ore" : {
      "textures" : "textures\/blocks\/ruby_ore_up"
    },
    "ruby_cutlass" : {
      "textures" : "textures\/items\/ruby_cutlass"
    },
    "ruby_carrot" : {
      "textures" : "textures\/items\/ruby_carrot"
    },
    "ruby_bracelets" : {
      "textures" : "textures\/items\/ruby_bracelets"
    },
    "potion_of_rage" : {
      "textures" : "textures\/items\/potion_of_rage"
    },
    "potion_of_haste" : {
      "textures" : "textures\/items\/potion_of_haste"
    },
    "potion_of_fatal_poison" : {
      "textures" : "textures\/items\/potion_of_fatal_poison"
    },
    "potion_of_health_boost" : {
      "textures" : "textures\/items\/potion_of_health_boost"
    },
    "potion_of_resistance" : {
      "textures" : "textures\/items\/potion_of_resistance"
    },
    "copper_nugget" : {
      "textures" : "textures\/items\/copper_nugget"
    },
    "bismuth_chip" : {
      "textures" : "textures\/items\/bismuth_chip"
    },
    "trident_piece" : {
      "textures" : "textures\/items\/trident_piece"
    },
    "soul_lamp" : {
      "textures" : "textures\/blocks\/soul_lamp"
    },
    "soul_jack_o_lantern" : {
      "textures" : "textures\/blocks\/soul_jack_o_lantern"
    },
    "soul_lamp_item" : {
      "textures" : "textures\/items\/soul_lamp"
    },
    "charcoal_block" : {
      "textures" : "textures\/blocks\/charcoal_block"
    },
    "soul_scuttle_spawn_egg" : {
      "textures" : "textures\/items\/soul_scuttle_spawn_egg"
    },
    "bismuth_upgrade_benching_template" : {
      "textures" : "textures\/items\/bismuth_upgrade_benching_template"
    },
    "bismuth_shard" : {
      "textures" : "textures\/items\/bismuth_shard"
    },
    "everlasting_offcut" : {
      "textures" : "textures\/items\/everlasting_offcut"
    },
    "tomato_plant_stage_1" : {
      "textures" : "textures\/blocks\/tomato_plant_stage_1"
    },
    "tomato" : {
      "textures" : "textures\/items\/tomato"
    },
    "sculk_jaw" : {
      "textures" : "textures\/blocks\/sculk_jaw"
    },
    "fossilised_sculk" : {
      "textures" : "textures\/blocks\/fossilised_sculk"
    },
    "salad" : {
      "textures" : "textures\/items\/salad"
    },
    "raw_haddock" : {
      "textures" : "textures\/items\/raw_haddock"
    },
    "raw_camel" : {
      "textures" : "textures\/items\/raw_camel"
    },
    "crimson_boat" : {
      "textures" : "textures\/items\/crimson_boat"
    },
    "palm_boat" : {
      "textures" : "textures\/items\/palm_boat"
    },
    "icebolt_staff" : {
      "textures" : "textures\/items\/icebolt_staff"
    },
    "palm_planks" : {
      "textures" : "textures\/blocks\/palm_planks"
    },
    "palm_sapling" : {
      "textures" : "textures\/blocks\/palm_sapling"
    },
    "palm_log" : {
      "textures" : "textures\/blocks\/palm_log"
    },
    "palm_log_side" : {
      "textures" : "textures\/blocks\/palm_log_side"
    },
    "stripped_palm_log" : {
      "textures" : "textures\/blocks\/stripped_palm_log"
    },
    "palm_trapdoor" : {
      "textures" : "textures\/blocks\/palm_trapdoor"
    },
    "palm_door_top" : {
      "textures" : "textures\/blocks\/palm_door_top"
    },
    "palm_door_bottom" : {
      "textures" : "textures\/blocks\/palm_door_bottom"
    },
    "stripped_palm_log_side" : {
      "textures" : "textures\/blocks\/stripped_palm_log_side"
    },
    "palm_leaves" : {
      "textures" : "textures\/blocks\/palm_leaves"
    },
    "warped_boat" : {
      "textures" : "textures\/items\/warped_boat"
    },
    "tempest_lamp" : {
      "textures" : "textures\/blocks\/tempest_lamp"
    },
    "mithril_block" : {
      "textures" : "textures\/blocks\/mithril_block"
    },
    "raw_mithril_block" : {
      "textures" : "textures\/blocks\/raw_mithril_block"
    },
    "gale_tome" : {
      "textures" : "textures\/items\/gale_tome"
    },
    "mithril_ingot" : {
      "textures" : "textures\/items\/mithril_ingot"
    },
    "mithril_ore" : {
      "textures" : "textures\/blocks\/mithril_ore"
    },
    "deepslate_mithril_ore" : {
      "textures" : "textures\/blocks\/deepslate_mithril_ore"
    },
    "marinestone" : {
      "textures" : "textures\/blocks\/marinestone"
    },
    "mithril_boots" : {
      "textures" : "textures\/items\/mithril_boots"
    },
    "mithril_reaper" : {
      "textures" : "textures\/items\/mithril_reaper"
    },
    "mithril_magnet" : {
      "textures" : "textures\/items\/mithril_magnet"
    },
    "checkered_bamboo" : {
      "textures" : "textures\/blocks\/checkered_bamboo"
    },
    "tiled_bamboo" : {
      "textures" : "textures\/blocks\/tiled_bamboo"
    },
    "crossed_bamboo_block" : {
      "textures" : "textures\/blocks\/checkered_bamboo_block"
    },
    "mithril_chestplate" : {
      "textures" : "textures\/items\/mithril_chestplate"
    },
    "mithril_helmet" : {
      "textures" : "textures\/items\/mithril_helmet"
    },
    "mithril_leggings" : {
      "textures" : "textures\/items\/mithril_leggings"
    },
    "raw_mithril" : {
      "textures" : "textures\/items\/raw_mithril"
    },
    "cooked_camel" : {
      "textures" : "textures\/items\/cooked_camel"
    },
    "camel_pelt" : {
      "textures" : "textures\/items\/camel_pelt"
    },
    "polished_dripstone" : {
      "textures" : "textures\/blocks\/polished_dripstone"
    },
    "cracked_dripstone_bricks" : {
      "textures" : "textures\/blocks\/cracked_dripstone_bricks"
    },
    "chiseled_dripstone_bricks" : {
      "textures" : "textures\/blocks\/chiseled_dripstone_bricks"
    },
    "dripstone_bricks" : {
      "textures" : "textures\/blocks\/dripstone_bricks"
    },
    "topaz_lamp_up" : {
      "textures" : "textures\/blocks\/topaz_lamp_up"
    },
    "mossy_dripstone_bricks" : {
      "textures" : "textures\/blocks\/mossy_dripstone_bricks"
    },
    "immutable_slush" : {
      "textures" : "textures\/blocks\/immutable_slush"
    },
    "permafrost" : {
      "textures" : "textures\/blocks\/permafrost"
    },
    "wind_essence" : {
      "textures" : "textures\/items\/wind_essence"
    },
    "haddock_bucket" : {
      "textures" : "textures\/items\/haddock_bucket"
    },
    "rabid_fang" : {
      "textures" : "textures\/items\/rabid_fang"
    },
    "haddock_spawn_egg" : {
      "textures" : "textures\/items\/haddock_spawn_egg"
    },
    "wart_crusher_spawn_egg" : {
      "textures" : "textures\/items\/wart_crusher_spawn_egg"
    },
    "frost_bite_spawn_egg" : {
      "textures" : "textures\/items\/frost_bite_spawn_egg"
    },
    "topaz_critter_spawn_egg" : {
      "textures" : "textures\/items\/topaz_critter_spawn_egg"
    },
    "volatile_shroom_item" : {
      "textures" : "textures\/items\/volatile_shroom"
    },
    "wet_mud_bricks" : {
      "textures" : "textures\/blocks\/wet_mud_bricks"
    },
    "whispering_crystal" : {
      "textures" : "textures\/blocks\/whispering_crystal"
    },
    "chiseled_topaz_bricks" : {
      "textures" : "textures\/blocks\/chiseled_topaz_bricks"
    },
    "rotten_flesh_block" : {
      "textures" : "textures\/blocks\/rotten_flesh_block"
    },
    "ice_shaving" : {
      "textures" : "textures\/items\/ice_shaving"
    },
    "broken_tusk" : {
      "textures" : "textures\/items\/broken_tusk"
    },
    "olivager" : {
      "textures" : "textures\/items\/olivager"
    },
    "mossy_cobbled_deepslate" : {
      "textures" : "textures\/blocks\/mossy_cobbled_deepslate"
    },
    "mossy_deepslate_bricks" : {
      "textures" : "textures\/blocks\/mossy_deepslate_bricks"
    },
    "hardened_honeycomb" : {
      "textures" : "textures\/blocks\/hardened_honeycomb"
    },
    "sunken_flesh_block" : {
      "textures" : "textures\/blocks\/sunken_flesh_block"
    },
    "smouldering_flesh_block" : {
      "textures" : "textures\/blocks\/smouldering_flesh_block"
    },
    "marine_rubble" : {
      "textures" : "textures\/blocks\/marine_rubble"
    },
    "aquatic_illuminator" : {
      "textures" : "textures\/blocks\/aquatic_illuminator"
    },
    "lepidolite_pearl_ore" : {
      "textures" : "textures\/blocks\/lepidolite_pearl_ore"
    },
    "chiseled_end_stone_bricks" : {
      "textures" : "textures\/blocks\/chiseled_end_stone_bricks"
    },
    "ghoul_spawn_egg" : {
      "textures" : "textures\/items\/ghoul_spawn_egg"
    },
    "ravenous_rabbit_spawn_egg" : {
      "textures" : "textures\/items\/ravenous_rabbit_spawn_egg"
    },
    "wombat_spawn_egg" : {
      "textures" : "textures\/items\/wombat_spawn_egg"
    },
    "snare_spawn_egg" : {
      "textures" : "textures\/items\/snare_spawn_egg"
    },
    "illusioner_spawn_egg" : {
      "textures" : "textures\/items\/illusioner_spawn_egg"
    },
    "basalt_giant_spawn_egg" : {
      "textures" : "textures\/items\/basalt_giant_spawn_egg"
    },
    "amethyst_shatterer" : {
      "textures" : "textures\/items\/amethyst_shatterer"
    },
    "cooked_haddock" : {
      "textures" : "textures\/items\/cooked_haddock"
    },
    "tomato_seeds" : {
      "textures" : "textures\/items\/tomato_seeds"
    },
    "tomato_plant_stage_2" : {
      "textures" : "textures\/blocks\/tomato_plant_stage_2"
    },
    "tomato_plant_stage_3" : {
      "textures" : "textures\/blocks\/tomato_plant_stage_3"
    },
    "petunia" : {
      "textures" : "textures\/blocks\/petunia"
    },
    "bismuth_sword" : {
      "textures" : "textures\/items\/bismuth_sword"
    },
    "bismuth_axe" : {
      "textures" : "textures\/items\/bismuth_axe"
    },
    "bismuth_pickaxe" : {
      "textures" : "textures\/items\/bismuth_pickaxe"
    },
    "bismuth_shovel" : {
      "textures" : "textures\/items\/bismuth_shovel"
    },
    "bismuth_hoe" : {
      "textures" : "textures\/items\/bismuth_hoe"
    },
    "bismuth_helmet" : {
      "textures" : "textures\/items\/bismuth_helmet"
    },
    "bismuth_boots" : {
      "textures" : "textures\/items\/bismuth_boots"
    },
    "bismuth_leggings" : {
      "textures" : "textures\/items\/bismuth_leggings"
    },
    "bismuth_chestplate" : {
      "textures" : "textures\/items\/bismuth_chestplate"
    },
    "pearl_golem_spawn_egg" : {
      "textures" : "textures\/items\/pearl_golem_spawn_egg"
    },
    "chorus_snail_spawn_egg" : {
      "textures" : "textures\/items\/chorus_snail_spawn_egg"
    },
    "chorus_fruit_on_a_stick" : {
      "textures" : "textures\/items\/chorus_fruit_on_a_stick"
    },
    "end_goop_stew" : {
      "textures" : "textures\/items\/end_goop_stew"
    },
    "topaz_sliver" : {
      "textures" : "textures\/items\/topaz_sliver"
    },
    "topaz_crystals" : {
      "textures" : "textures\/blocks\/topaz_crystals"
    },
    "topaz_block" : {
      "textures" : "textures\/blocks\/topaz_block"
    },
    "chorungus_stem" : {
      "textures" : "textures\/blocks\/chorungus_stem"
    },
    "chorungus_block" : {
      "textures" : "textures\/blocks\/chorungus_block"
    },
    "sanguine_sprouts" : {
      "textures" : "textures\/blocks\/sanguine_sprouts"
    },
    "sanguine_sprouts_item" : {
      "textures" : "textures\/items\/sanguine_sprouts_item"
    },
    "cracked_mud_bricks" : {
      "textures" : "textures\/blocks\/cracked_mud_bricks"
    },
    "chiseled_mud_bricks" : {
      "textures" : "textures\/blocks\/chiseled_mud_bricks"
    },
    "twisting_nebula" : {
      "textures" : "textures\/blocks\/twisting_nebula"
    },
    "topaz_bricks" : {
      "textures" : "textures\/blocks\/topaz_bricks"
    },
    "forbidden_amulet" : {
      "textures" : "textures\/items\/forbidden_amulet"
    },
    "bone_shard" : {
      "textures" : "textures\/items\/bone_shard"
    },
    "wither_bone_shard" : {
      "textures" : "textures\/items\/wither_bone_shard"
    },
    "chilled_bone_shard" : {
      "textures" : "textures\/items\/chilled_bone_shard"
    },
    "tunneler" : {
      "textures" : "textures\/items\/tunneler"
    },
    "chorungus" : {
      "textures" : "textures\/blocks\/chorungus"
    },
    "polished_calcite" : {
      "textures" : "textures\/blocks\/polished_calcite"
    },
    "disc_fragment_blocks" : {
      "textures" : "textures\/items\/disc_fragment_blocks"
    },
    "spectral_orb" : {
      "textures" : "textures\/items\/spectral_orb"
    },
    "ghostly_remains" : {
      "textures" : "textures\/items\/ghostly_remains"
    },
    "disc_fragment_chirp" : {
      "textures" : "textures\/items\/disc_fragment_chirp"
    },
    "disc_fragment_mellohi" : {
      "textures" : "textures\/items\/disc_fragment_mellohi"
    },
    "disc_fragment_relic" : {
      "textures" : "textures\/items\/disc_fragment_relic"
    },
    "disc_fragment_11" : {
      "textures" : "textures\/items\/disc_fragment_11"
    },
    "disc_fragment_pigstep" : {
      "textures" : "textures\/items\/disc_fragment_pigstep"
    },
    "disc_fragment_otherside" : {
      "textures" : "textures\/items\/disc_fragment_otherside"
    },
    "barrel_cactus" : {
      "textures" : "textures\/blocks\/barrel_cactus"
    },
    "whitecap_mushroom" : {
      "textures" : "textures\/blocks\/whitecap_mushroom"
    },
    "disc_fragment_wait" : {
      "textures" : "textures\/items\/disc_fragment_wait"
    },
    "disc_fragment_cat" : {
      "textures" : "textures\/items\/disc_fragment_cat"
    },
    "copper_horn" : {
      "textures" : "textures\/items\/copper_horn"
    },
    "echo_horn" : {
      "textures" : "textures\/items\/echo_horn"
    },
    "glitter_horn" : {
      "textures" : "textures\/items\/glitter_horn"
    },
    "disc_fragment_far" : {
      "textures" : "textures\/items\/disc_fragment_far"
    },
    "disc_fragment_strad" : {
      "textures" : "textures\/items\/disc_fragment_strad"
    },
    "disc_fragment_13" : {
      "textures" : "textures\/items\/disc_fragment_13"
    },
    "disc_fragment_ward" : {
      "textures" : "textures\/items\/disc_fragment_ward"
    },
    "disc_fragment_mall" : {
      "textures" : "textures\/items\/disc_fragment_mall"
    },
    "disc_fragment_stal" : {
      "textures" : "textures\/items\/disc_fragment_stal"
    },
    "polished_tuff" : {
      "textures" : "textures\/blocks\/polished_tuff"
    },
    "skeletal_swimmer_bucket" : {
      "textures" : "textures\/items\/skeletal_swimmer_bucket"
    },
    "skeletal_swimmer_spawn_egg" : {
      "textures" : "textures\/items\/skeletal_swimmer_spawn_egg"
    },
    "shroomlight_bug_spawn_egg" : {
      "textures" : "textures\/items\/shroomlight_bug_spawn_egg"
    },
    "potion_of_blindness" : {
      "textures" : "textures\/items\/potion_of_blindness"
    },
    "melted_shroomlight_bottle" : {
      "textures" : "textures\/items\/melted_shroomlight_bottle"
    },
    "topaz_burgeon" : {
      "textures" : "textures\/blocks\/topaz_burgeon"
    },
    "topaz_lamp" : {
      "textures" : "textures\/blocks\/topaz_lamp"
    },
    "marble" : {
      "textures" : "textures\/blocks\/marble"
    },
    "carnelian" : {
      "textures" : "textures\/blocks\/carnelian"
    },
    "small_topaz_growth" : {
      "textures" : "textures\/blocks\/small_topaz_growth"
    },
    "medium_topaz_growth" : {
      "textures" : "textures\/blocks\/medium_topaz_growth"
    },
    "large_topaz_growth" : {
      "textures" : "textures\/blocks\/large_topaz_growth"
    },
    "chorus_weeds" : {
      "textures" : "textures\/blocks\/chorus_weeds"
    },
    "trapper_plant" : {
      "textures" : "textures\/blocks\/trapper_plant_stage_3"
    },
    "trapper_plant_stage_3" : {
      "textures" : "textures\/blocks\/trapper_plant_stage_3"
    },
    "trapper_plant_stage_2" : {
      "textures" : "textures\/blocks\/trapper_plant_stage_2"
    },
    "trapper_plant_stage_1" : {
      "textures" : "textures\/blocks\/trapper_plant_stage_1"
    },
    "smooth_purpur" : {
      "textures" : "textures\/blocks\/smooth_purpur"
    },
    "chiseled_purpur" : {
      "textures" : "textures\/blocks\/chiseled_purpur"
    },
    "trapper_germ" : {
      "textures" : "textures\/items\/trapper_germ"
    },
    "chorus_shoots" : {
      "textures" : "textures\/blocks\/chorus_shoots"
    },
    "chorus_sod_up" : {
      "textures" : "textures\/blocks\/chorus_sod_up"
    },
    "chilled_bone_block" : {
      "textures" : "textures\/blocks\/chilled_bone_block"
    },
    "chilled_bone_block_side" : {
      "textures" : "textures\/blocks\/chilled_bone_block_side"
    },
    "wither_bone_block" : {
      "textures" : "textures\/blocks\/wither_bone_block"
    },
    "wither_bone" : {
      "textures" : "textures\/items\/wither_bone"
    },
    "chilled_bone" : {
      "textures" : "textures\/items\/chilled_bone"
    },
    "wither_bone_meal" : {
      "textures" : "textures\/items\/wither_bone_meal"
    },
    "chilled_bone_meal" : {
      "textures" : "textures\/items\/chilled_bone_meal"
    },
    "crystalized_honey" : {
      "textures" : "textures\/items\/crystalized_honey"
    },
    "caustic_eye" : {
      "textures" : "textures\/items\/caustic_eye"
    },
    "frozen_chevon" : {
      "textures" : "textures\/items\/frozen_chevon"
    },
    "smouldering_flesh" : {
      "textures" : "textures\/items\/smouldering_flesh"
    },
    "sunken_flesh" : {
      "textures" : "textures\/items\/sunken_flesh"
    },
    "silverfish_scale" : {
      "textures" : "textures\/items\/silverfish_scale"
    },
    "raw_hoglin" : {
      "textures" : "textures\/items\/raw_hoglin"
    },
    "copper_chain" : {
      "textures" : "textures\/blocks\/copper_chain"
    },
    "copper_lantern" : {
      "textures" : "textures\/blocks\/copper_lantern"
    },
    "copper_chain_item" : {
      "textures" : "textures\/items\/copper_chain_item"
    },
    "dragon_cherries" : {
      "textures" : "textures\/items\/dragon_cherries"
    },
    "rusted_horn" : {
      "textures" : "textures\/items\/rusted_horn"
    },
    "raw_roxen" : {
      "textures" : "textures\/items\/raw_roxen"
    },
    "pulsating_gland" : {
      "textures" : "textures\/items\/pulsating_gland"
    },
    "uranium_ore" : {
      "textures" : "textures\/blocks\/uranium_ore"
    },
    "uranium_powder" : {
      "textures" : "textures\/items\/uranium_powder"
    },
    "uranium_block" : {
      "textures" : "textures\/blocks\/uranium_block"
    },
    "pulstone" : {
      "textures" : "textures\/blocks\/pulstone"
    },
    "pulse_sludge" : {
      "textures" : "textures\/items\/pulse_sludge"
    },
    "cooked_roxen" : {
      "textures" : "textures\/items\/cooked_roxen"
    },
    "copper_lantern_item" : {
      "textures" : "textures\/items\/copper_lantern_item"
    },
    "dragon_cherry_bush" : {
      "textures" : "textures\/blocks\/dragon_cherry_bush"
    },
    "dragon_cherry_bush_grown" : {
      "textures" : "textures\/blocks\/dragon_cherry_bush_grown"
    },
    "cooked_chevon" : {
      "textures" : "textures\/items\/cooked_chevon"
    },
    "stained_vessel_egg" : {
      "textures" : "textures\/items\/stained_vessel_spawn_egg"
    },
    "zombified_piglin_brute_egg" : {
      "textures" : "textures\/items\/zombified_piglin_brute_spawn_egg"
    },
    "roxen_spawn_egg" : {
      "textures" : "textures\/items\/roxen_spawn_egg"
    },
    "bluster_spawn_egg" : {
      "textures" : "textures\/items\/bluster_spawn_egg"
    },
    "pest_spawn_egg" : {
      "textures" : "textures\/items\/pest_spawn_egg"
    },
    "orx_spawn_egg" : {
      "textures" : "textures\/items\/orx_spawn_egg"
    },
    "noxious_immolator_spawn_egg" : {
      "textures" : "textures\/items\/noxious_immolator_spawn_egg"
    },
    "membrane_of_eternity" : {
      "textures" : "textures\/items\/membrane_of_eternity"
    },
    "knife_of_eternity" : {
      "textures" : "textures\/items\/knife_of_eternity"
    },
    "wallower_spawn_egg" : {
      "textures" : "textures\/items\/wallower_spawn_egg"
    },
    "cooked_hoglin" : {
      "textures" : "textures\/items\/cooked_hoglin"
    },
    "goat_milk" : {
      "textures" : "textures\/items\/goat_milk"
    },
    "nuclear_fury" : {
      "textures" : "textures\/items\/nuclear_fury"
    },
    "raw_frog_leg" : {
      "textures" : "textures\/items\/raw_frog_leg"
    },
    "cooked_frog_leg" : {
      "textures" : "textures\/items\/cooked_frog_leg"
    },
    "wither_bone_block_side" : {
      "textures" : "textures\/blocks\/wither_bone_block_side"
    },
    "wax_block" : {
      "textures" : "textures\/blocks\/wax_block"
    },
    "chorus_sod_side" : {
      "textures" : "textures\/blocks\/chorus_sod_side"
    },
    "cracked_end_stone_bricks" : {
      "textures" : "textures\/blocks\/cracked_end_stone_bricks"
    },
    "cracked_topaz_bricks" : {
      "textures" : "textures\/blocks\/cracked_topaz_bricks"
    },
    "antler_orchid" : {
      "textures" : "textures\/blocks\/antler_orchid"
    },
    "butterfly_rose" : {
      "textures" : "textures\/blocks\/butterfly_rose"
    },
    "chiseled_soul_sandstone" : {
      "textures" : "textures\/blocks\/chiseled_soul_sandstone"
    },
    "cut_soul_sandstone" : {
      "textures" : "textures\/blocks\/cut_soul_sandstone"
    },
    "soul_sandstone_up" : {
      "textures" : "textures\/blocks\/soul_sandstone_up"
    },
    "soul_sandstone_down" : {
      "textures" : "textures\/blocks\/soul_sandstone_down"
    },
    "soul_sandstone" : {
      "textures" : "textures\/blocks\/soul_sandstone"
    },
    "lepidolite" : {
      "textures" : "textures\/blocks\/lepidolite"
    },
    "polished_lepidolite" : {
      "textures" : "textures\/blocks\/polished_lepidolite"
    },
    "chorus_shell" : {
      "textures" : "textures\/items\/chorus_shell"
    },
    "vexing_chant" : {
      "textures" : "textures\/items\/vexing_chant"
    },
    "blastling_pearl" : {
      "textures" : "textures\/items\/blastling_pearl"
    },
    "blastling_spawn_egg" : {
      "textures" : "textures\/items\/blastling_spawn_egg"
    },
    "glider_spawn_egg" : {
      "textures" : "textures\/items\/glider_spawn_egg"
    },
    "waft_fruit" : {
      "textures" : "textures\/items\/waft_fruit"
    },
    "waft_fruit_plant" : {
      "textures" : "textures\/blocks\/waft_fruit_plant"
    },
    "endermite_scab" : {
      "textures" : "textures\/items\/endermite_scab"
    },
    "pearl_ingot" : {
      "textures" : "textures\/items\/pearl_ingot"
    },
    "pearl_shooter" : {
      "textures" : "textures\/items\/pearl_shard_shooter"
   },
    "pearl_shooter_icon" : {
      "textures" : "textures\/items\/pearl_shooter"
    },
    "pearl_nugget" : {
      "textures" : "textures\/items\/pearl_nugget"
    },
    "raw_pearl" : {
      "textures" : "textures\/items\/raw_pearl"
    },
    "infinipearl" : {
      "textures" : "textures\/items\/infinipearl"
    },
    "fractured_pearl" : {
      "textures" : "textures\/items\/fractured_pearl"
    }
  }
}