{
  "resource_pack_name" : "NewOresAddon",
  "texture_name" : "atlas.terrain",
  "padding": 8,
  "num_mip_levels": 4,
  "texture_data" : {
    "pearl_block" : {
      "textures" : "textures\/blocks\/pearl_block"
    },
    "ruby_block" : {
      "textures" : "textures\/blocks\/ruby_block"
    },
    "pearl_ore" : {
      "textures" : "textures\/blocks\/pearl_ore"
    },
    "chorungus" : {
      "textures" : "textures\/blocks\/chorungus"
    },
    "charcoal_block" : {
      "textures" : "textures\/blocks\/charcoal_block"
    },
    "chorungus_stem" : {
      "textures" : "textures\/blocks\/chorungus_stem"
    },
    "trapper_plant_stage_3" : {
      "textures" : "textures\/blocks\/trapper_plant_stage_3"
    },
    "trapper_plant_stage_2" : {
      "textures" : "textures\/blocks\/trapper_plant_stage_2"
    },
    "trapper_plant_stage_1" : {
      "textures" : "textures\/blocks\/trapper_plant_stage_1"
    },
    "smooth_purpur" : {
      "textures" : "textures\/blocks\/smooth_purpur"
    },
    "chiseled_purpur" : {
      "textures" : "textures\/blocks\/chiseled_purpur"
    },
    "chorungus_block" : {
      "textures" : "textures\/blocks\/chorungus_block"
    },
    "sanguine_sprouts" : {
      "textures" : "textures\/blocks\/sanguine_sprouts"
    },
    "polished_dripstone" : {
      "textures" : "textures\/blocks\/polished_dripstone"
    },
    "cracked_dripstone_bricks" : {
      "textures" : "textures\/blocks\/cracked_dripstone_bricks"
    },
    "chiseled_dripstone_bricks" : {
      "textures" : "textures\/blocks\/chiseled_dripstone_bricks"
    },
    "dripstone_bricks" : {
      "textures" : "textures\/blocks\/dripstone_bricks"
    },
    "soul_lamp" : {
      "textures" : "textures\/blocks\/soul_lamp"
    },
    "mossy_dripstone_bricks" : {
      "textures" : "textures\/blocks\/mossy_dripstone_bricks"
    },
    "soul_jack_o_lantern" : {
      "textures" : "textures\/blocks\/soul_jack_o_lantern"
    },
    "mossy_deepslate_bricks" : {
      "textures" : "textures\/blocks\/mossy_deepslate_bricks"
    },
    "permafrost" : {
      "textures" : "textures\/blocks\/permafrost"
    },
    "palm_planks" : {
      "textures" : "textures\/blocks\/palm_planks"
    },
    "palm_sapling" : {
      "textures" : "textures\/blocks\/palm_sapling"
    },
    "palm_log" : {
      "textures" : "textures\/blocks\/palm_log"
    },
    "palm_log_side" : {
      "textures" : "textures\/blocks\/palm_log_side"
    },
    "stripped_palm_log" : {
      "textures" : "textures\/blocks\/stripped_palm_log"
    },
    "stripped_palm_log_side" : {
      "textures" : "textures\/blocks\/stripped_palm_log_side"
    },
    "palm_leaves" : {
      "textures" : "textures\/blocks\/palm_leaves"
    },
    "whispering_crystal" : {
      "textures" : "textures\/blocks\/whispering_crystal"
    },
    "palm_trapdoor" : {
      "textures" : "textures\/blocks\/palm_trapdoor"
    },
    "hardened_honeycomb" : {
      "textures" : "textures\/blocks\/hardened_honeycomb"
    },
    "polished_calcite" : {
      "textures" : "textures\/blocks\/polished_calcite"
    },
    "polished_tuff" : {
      "textures" : "textures\/blocks\/polished_tuff"
    },
    "mossy_cobbled_deepslate" : {
      "textures" : "textures\/blocks\/mossy_cobbled_deepslate"
    },
    "uranium_ore" : {
      "textures" : "textures\/blocks\/uranium_ore"
    },
    "twisting_nebula" : {
      "textures" : "textures\/blocks\/twisting_nebula"
    },
    "uranium_block" : {
      "textures" : "textures\/blocks\/uranium_block"
    },
    "pulstone" : {
      "textures" : "textures\/blocks\/pulstone"
    },
    "topaz_crystals" : {
      "textures" : "textures\/blocks\/topaz_crystals"
    },
    "topaz_block" : {
      "textures" : "textures\/blocks\/topaz_block"
    },
    "topaz_bricks" : {
      "textures" : "textures\/blocks\/topaz_bricks"
    },
    "wet_mud_bricks" : {
      "textures" : "textures\/blocks\/wet_mud_bricks"
    },
    "chiseled_end_stone_bricks" : {
      "textures" : "textures\/blocks\/chiseled_end_stone_bricks"
    },
    "chiseled_topaz_bricks" : {
      "textures" : "textures\/blocks\/chiseled_topaz_bricks"
    },
    "rotten_flesh_block" : {
      "textures" : "textures\/blocks\/rotten_flesh_block"
    },
    "sunken_flesh_block" : {
      "textures" : "textures\/blocks\/sunken_flesh_block"
    },
    "smouldering_flesh_block" : {
      "textures" : "textures\/blocks\/smouldering_flesh_block"
    },
    "marine_rubble" : {
      "textures" : "textures\/blocks\/marine_rubble"
    },
    "marinestone" : {
      "textures" : "textures\/blocks\/marinestone"
    },
    "aquatic_illuminator" : {
      "textures" : "textures\/blocks\/aquatic_illuminator"
    },
    "lepidolite_pearl_ore" : {
      "textures" : "textures\/blocks\/lepidolite_pearl_ore"
    },
    "topaz_burgeon" : {
      "textures" : "textures\/blocks\/topaz_burgeon"
    },
    "topaz_lamp" : {
      "textures" : "textures\/blocks\/topaz_lamp"
    },
    "topaz_lamp_up" : {
      "textures" : "textures\/blocks\/topaz_lamp_up"
    },
    "marble" : {
      "textures" : "textures\/blocks\/marble"
    },
    "carnelian" : {
      "textures" : "textures\/blocks\/carnelian"
    },
    "small_topaz_growth" : {
      "textures" : "textures\/blocks\/small_topaz_growth"
    },
    "antler_orchid" : {
      "textures" : "textures\/blocks\/antler_orchid"
    },
    "lepidolite" : {
      "textures" : "textures\/blocks\/lepidolite"
    },
    "chorus_shoots" : {
      "textures" : "textures\/blocks\/chorus_shoots"
    },
    "polished_lepidolite" : {
      "textures" : "textures\/blocks\/polished_lepidolite"
    },
    "waft_fruit_plant" : {
      "textures" : "textures\/blocks\/waft_fruit_plant"
    },
    "butterfly_rose" : {
      "textures" : "textures\/blocks\/butterfly_rose"
    },
    "chiseled_soul_sandstone" : {
      "textures" : "textures\/blocks\/chiseled_soul_sandstone"
    },
    "cut_soul_sandstone" : {
      "textures" : "textures\/blocks\/cut_soul_sandstone"
    },
    "soul_sandstone_up" : {
      "textures" : "textures\/blocks\/soul_sandstone_up"
    },
    "soul_sandstone_down" : {
      "textures" : "textures\/blocks\/soul_sandstone_down"
    },
    "soul_sandstone" : {
      "textures" : "textures\/blocks\/soul_sandstone"
    },
    "chilled_bone_block" : {
      "textures" : "textures\/blocks\/chilled_bone_block"
    },
    "chilled_bone_block_side" : {
      "textures" : "textures\/blocks\/chilled_bone_block_side"
    },
    "wither_bone_block" : {
      "textures" : "textures\/blocks\/wither_bone_block"
    },
    "wither_bone_block_side" : {
      "textures" : "textures\/blocks\/wither_bone_block_side"
    },
    "wax_block" : {
      "textures" : "textures\/blocks\/wax_block"
    },
    "copper_chain" : {
      "textures" : "textures\/blocks\/copper_chain"
    },
    "copper_lantern" : {
      "textures" : "textures\/blocks\/copper_lantern"
    },
    "tempest_lamp" : {
      "textures" : "textures\/blocks\/tempest_lamp"
    },
    "mithril_block" : {
      "textures" : "textures\/blocks\/mithril_block"
    },
    "mithril_ore" : {
      "textures" : "textures\/blocks\/mithril_ore"
    },
    "checkered_bamboo" : {
      "textures" : "textures\/blocks\/checkered_bamboo"
    },
    "tiled_bamboo" : {
      "textures" : "textures\/blocks\/tiled_bamboo"
    },
    "crossed_bamboo_block" : {
      "textures" : "textures\/blocks\/crossed_bamboo_block"
    },
    "deepslate_mithril_ore" : {
      "textures" : "textures\/blocks\/deepslate_mithril_ore"
    },
    "raw_mithril_block" : {
      "textures" : "textures\/blocks\/raw_mithril_block"
    },
    "dragon_cherry_bush" : {
      "textures" : "textures\/blocks\/dragon_cherry_bush"
    },
    "dragon_cherry_bush_grown" : {
      "textures" : "textures\/blocks\/dragon_cherry_bush_grown"
    },
    "cracked_end_stone_bricks" : {
      "textures" : "textures\/blocks\/cracked_end_stone_bricks"
    },
    "cracked_mud_bricks" : {
      "textures" : "textures\/blocks\/cracked_mud_bricks"
    },
    "sculk_jaw" : {
      "textures" : "textures\/blocks\/sculk_jaw"
    },
    "volatile_shroom" : {
      "textures" : "textures\/blocks\/volatile_shroom"
    },
    "fossilised_sculk" : {
      "textures" : "textures\/blocks\/fossilised_sculk"
    },
    "tomato_plant_stage_1" : {
      "textures" : "textures\/blocks\/tomato_plant_stage_1"
    },
    "tomato_plant_stage_2" : {
      "textures" : "textures\/blocks\/tomato_plant_stage_2"
    },
    "barrel_cactus" : {
      "textures" : "textures\/blocks\/barrel_cactus"
    },
    "whitecap_mushroom" : {
      "textures" : "textures\/blocks\/whitecap_mushroom"
    },
    "tomato_plant_stage_3" : {
      "textures" : "textures\/blocks\/tomato_plant_stage_3"
    },
    "petunia" : {
      "textures" : "textures\/blocks\/petunia"
    },
    "soul_glass" : {
      "textures" : "textures\/blocks\/soul_glass"
    },
    "chiseled_mud_bricks" : {
      "textures" : "textures\/blocks\/chiseled_mud_bricks"
    },
    "cracked_topaz_bricks" : {
      "textures" : "textures\/blocks\/cracked_topaz_bricks"
    },
    "medium_topaz_growth" : {
      "textures" : "textures\/blocks\/medium_topaz_growth"
    },
    "chorus_weeds" : {
      "textures" : "textures\/blocks\/chorus_weeds"
    },
    "immutable_slush" : {
      "textures" : "textures\/blocks\/immutable_slush"
    },
    "chorus_sod_up" : {
      "textures" : "textures\/blocks\/chorus_sod_up"
    },
    "chorus_sod_side" : {
      "textures" : "textures\/blocks\/chorus_sod_side"
    },
    "large_topaz_growth" : {
      "textures" : "textures\/blocks\/large_topaz_growth"
    },
    "soul_iron_ore" : {
      "textures" : "textures\/blocks\/soul_iron_ore"
    },
    "bismuth_block" : {
      "textures" : "textures\/blocks\/bismuth_block"
    },
    "bismuth_bench" : {
      "textures" : "textures\/blocks\/bismuth_bench"
    },
    "bismuth_ore" : {
      "textures" : "textures\/blocks\/bismuth_ore"
    },
    "endermite_nest" : {
      "textures" : "textures\/blocks\/endermite_nest"
    },
    "raw_pearl_block" : {
      "textures" : "textures\/blocks\/raw_pearl_block"
    },
    "ruby_ore_side" : {
      "textures" : "textures\/blocks\/ruby_ore_side"
    },
    "ruby_ore" : {
      "textures" : "textures\/blocks\/ruby_ore_up"
    }
  }
}