{
  "pools": [
    {
      "rolls": {
        "min": 3,
        "max": 6
      },
      "entries": [
        {
          "type": "item",
          "name": "minecraft:diamond",
          "functions": [
            {
              "function": "set_count",
              "count": {
                "min": 1,
                "max": 3
              }
            }
          ],
          "weight": 5
        },
        {
          "type": "item",
          "name": "minecraft:iron_ingot",
          "functions": [
            {
              "function": "set_count",
              "count": {
                "min": 1,
                "max": 5
              }
            }
          ],
          "weight": 5
        },
        {
          "type": "item",
          "name": "minecraft:soul_sand",
          "functions": [
            {
              "function": "set_count",
              "count": {
                "min": 3,
                "max": 7
              }
            }
          ],
          "weight": 6
        },
        {
          "type": "item",
          "name": "minecraft:soul_soil",
          "functions": [
            {
              "function": "set_count",
              "count": {
                "min": 2,
                "max": 5
              }
            }
          ],
          "weight": 4
        },
        {
          "type": "item",
          "name": "minecraft:netherite_scrap",
          "functions": [
            {
              "function": "set_count",
              "count": {
                "min": 1,
                "max": 2
              }
            }
          ],
          "weight": 1
        },
        {
          "type": "item",
          "name": "tweaks:ruby",
          "functions": [
            {
              "function": "set_count",
              "count": {
                "min": 1,
                "max": 3
              }
            }
          ],
          "weight": 5
        },
        {
          "type": "item",
          "name": "minecraft:gold_ingot",
          "functions": [
            {
              "function": "set_count",
              "count": {
                "min": 1,
                "max": 3
              }
            }
          ],
          "weight": 15
        },
        {
          "type": "item",
          "name": "minecraft:gold_nugget",
          "functions": [
            {
              "function": "set_count",
              "count": {
                "min": 5,
                "max": 11
              }
            }
          ],
          "weight": 10
        },
        {
          "type": "item",
          "name": "minecraft:iron_nugget",
          "functions": [
            {
              "function": "set_count",
              "count": {
                "min": 5,
                "max": 11
              }
            }
          ],
          "weight": 10
        },
        {
          "type": "item",
          "name": "minecraft:arrow",
          "functions": [
            {
              "function": "set_count",
              "count": {
                "min": 9,
                "max": 24
              }
            }
          ],
          "weight": 10
        },
        {
          "type": "item",
          "name": "minecraft:golden_sword",
          "weight": 5
        },
        {
          "type": "item",
          "name": "minecraft:golden_chestplate",
          "weight": 5
        },
        {
          "type": "item",
          "name": "minecraft:flint_and_steel",
          "weight": 5
        },
        {
          "type": "item",
          "name": "minecraft:nether_wart",
          "functions": [
            {
              "function": "set_count",
              "count": {
                "min": 3,
                "max": 7
              }
            }
          ],
          "weight": 5
        },
        {
          "type": "item",
          "name": "minecraft:saddle",
          "weight": 10
        },
        {
          "type": "item",
          "name": "minecraft:horsearmorgold",
          "weight": 8
        },
        {
          "type": "item",
          "name": "minecraft:horsearmoriron",
          "weight": 5
        },
        {
          "type": "item",
          "name": "minecraft:horsearmordiamond",
          "weight": 3
        },
        {
          "type": "item",
          "name": "minecraft:obsidian",
          "functions": [
            {
              "function": "set_count",
              "count": {
                "min": 2,
                "max": 4
              }
            }
          ],
          "weight": 2
        }
      ]
    },
    {
      "rolls": 1,
      "entries": [
        {
          "type": "empty",
          "weight": 14
        },
        {
          "type": "item",
          "name": "minecraft:rib_armor_trim_smithing_template",
          "weight": 1
        }
      ]
    }
  ]
}