{
    "format_version": "1.16.100",
    "minecraft:item": {
        "description": {
            "identifier": "tweaks:bismuth_hoe",
            "category": "equipment"
        },
        "components": {
	     "tag:minecraft:is_hoe": {},
	     "tag:minecraft:is_digger": {},
            "minecraft:icon": {
                "texture": "bismuth_hoe"
            },
            "minecraft:display_name": {
  		   "value": "Bismuth Hoe"
            },
            "minecraft:creative_category": {
                "parent": "itemGroup.name.hoe"
            },
            "minecraft:hand_equipped": true,
            "minecraft:max_stack_size": 1,
            "minecraft:allow_off_hand": false,
            "minecraft:render_offsets": "tools",
            "minecraft:enchantable": {
                "value": 30,
                "slot": "hoe"
            },
            "minecraft:durability": {
                "max_durability": 4203,
                "damage_chance": {
                    "min": 60,
                    "max": 100
                }
            },
            "minecraft:repairable": {
                "repair_items": [
                    {
                        "items": [
                            "tweaks:bismuth_hoe"
                        ],
                        "repair_amount": "context.other->query.remaining_durability + 0.05 * context.other->query.max_durability"
                    },
                    {
                        "items": [
                            "tweaks:bismuth_shard"
                        ],
                        "repair_amount": 2081
                    }
                ]
            },
            "minecraft:weapon": {
                "on_hurt_entity": {
                    "event": "tweaks:damage_eventb",
                    "target": "self"
                }
            },
            "minecraft:mining_speed": 1,
            "minecraft:damage": 8,
            "minecraft:can_destroy_in_creative": true,
            "minecraft:digger": {
                "on_dig": {
                    "event": "tweaks:damage_event",
                    "target": "self"
                },
                "use_efficiency": true,
                "destroy_speeds": [
					{
						"block": "minecraft:nether_wart_block",
						"speed": 20,
						"on_dig": {
							"event": "tweaks:damage_event"
						}
					},
					{
						"block": "minecraft:hay_block",
						"speed": 20,
						"on_dig": {
							"event": "tweaks:damage_event"
						}
					},
					{
						"block": "minecraft:target",
						"speed": 20,
						"on_dig": {
							"event": "tweaks:damage_event"
						}
					},
					{
						"block": "minecraft:sponge",
						"speed": 20,
						"on_dig": {
							"event": "tweaks:damage_event"
						}
					},
					{
						"block": "minecraft:wet_sponge",
						"speed": 20,
						"on_dig": {
							"event": "tweaks:damage_event"
						}
					},
					{
						"block": "minecraft:moss_block",
						"speed": 20,
						"on_dig": {
							"event": "tweaks:damage_event"
						}
					},
					{
						"block": "minecraft:shroomlight",
						"speed": 20,
						"on_dig": {
							"event": "tweaks:damage_event"
						}
					},
					{
						"block": "minecraft:leaves",
						"speed": 20,
						"on_dig": {
							"event": "tweaks:damage_event"
						}
					},
					{
						"block": "tweaks:palm_leaves",
						"speed": 12,
						"on_dig": {
							"event": "tweaks:damage_event"
						}
					},
					{
						"block": "minecraft:leaves2",
						"speed": 20,
						"on_dig": {
							"event": "tweaks:damage_event"
						}
					},
					{
						"block": "minecraft:azalea_leaves_flowered",
						"speed": 20,
						"on_dig": {
							"event": "tweaks:damage_event"
						}
					},
					{
						"block": "minecraft:azalea_leaves",
						"speed": 20,
						"on_dig": {
							"event": "tweaks:damage_event"
						}
					},
					{
						"block": "minecraft:cherry_leaves",
						"speed": 20,
						"on_dig": {
							"event": "tweaks:damage_event"
						}
					},
					{
						"block": "minecraft:warped_wart_block",
						"speed": 20,
						"on_dig": {
							"event": "tweaks:damage_event"
						}
					},
					{
						"block": "minecraft:dried_kelp_block",
						"speed": 20,
						"on_dig": {
							"event": "tweaks:damage_event"
						}
					},
					{
						"block": "minecraft:sculk",
						"speed": 20,
						"on_dig": {
							"event": "tweaks:damage_event"
						}
					},
					{
						"block": "tweaks:chorus_morass",
						"speed": 20,
						"on_dig": {
							"event": "tweaks:damage_event"
						}
					},
					{
						"block": "tweaks:twisting_nebula",
						"speed": 12,
						"on_dig": {
							"event": "tweaks:damage_event"
						}
					},
					{
						"block": "tweaks:immutable_slush",
						"speed": 12,
						"on_dig": {
							"event": "tweaks:damage_event"
						}
					},
					{
						"block": "tweaks:fossilised_sculk",
						"speed": 12,
						"on_dig": {
							"event": "tweaks:damage_event"
						}
					},
					{
						"block": "tweaks:sculk_jaw",
						"speed": 12,
						"on_dig": {
							"event": "tweaks:damage_event"
						}
					},
					{
						"block": "minecraft:sculk_sensor",
						"speed": 20,
						"on_dig": {
							"event": "tweaks:damage_event"
						}
					},
					{
						"block": "minecraft:calibrated_sculk_sensor",
						"speed": 20,
						"on_dig": {
							"event": "tweaks:damage_event"
						}
					},
					{
						"block": "minecraft:sculk_catalyst",
						"speed": 20,
						"on_dig": {
							"event": "tweaks:damage_event"
						}
					},
					{
						"block": "minecraft:sculk_shrieker",
						"speed": 20,
						"on_dig": {
							"event": "tweaks:damage_event"
						}
					},
					{
						"block": "minecraft:sculk_vein",
						"speed": 20,
						"on_dig": {
							"event": "tweaks:damage_event"
						}
					},
					{
						"block": "minecraft:mangrove_leaves",
						"speed": 20,
						"on_dig": {
							"event": "tweaks:damage_event"
						}
					}
				]
          }
        },
        "events": {
            "tweaks:damage_event": {
                "damage": {
                    "type": "durability",
                    "amount": 1
                }
            },
            "tweaks:damage_eventb": {
                "damage": {
                    "type": "durability",
                    "amount": 2
                }
            },
            "on_tool_used": {
                "damage": {
                    "type": "durability",
                    "amount": 1
                }
            }	
        }
    }
}