{
    "format_version": "1.16.100",
    "minecraft:item": {
        "description": {
            "identifier": "tweaks:bismuth_shovel",
            "category": "equipment"   
        },
        "components": {
	     "tag:minecraft:is_shovel": {},
	     "tag:minecraft:is_digger": {},
            "minecraft:icon": {
                "texture": "bismuth_shovel"
            },
            "minecraft:creative_category": {
                "parent": "itemGroup.name.shovel"
            },
            "minecraft:display_name": {
  				"value": "Bismuth Shovel"
				},
            "minecraft:max_stack_size": 1,
            "minecraft:hand_equipped": true,
            "minecraft:allow_off_hand": false,
            "minecraft:render_offsets": "tools",
            "minecraft:enchantable": {
                "value": 30,
                "slot": "shovel"
            },
            "minecraft:durability": {
                "max_durability": 4203,
                "damage_chance": {
                    "min": 60,
                    "max": 100
                }
            },
            "minecraft:repairable": {
                "repair_items": [
                    {
                        "items": [
                            "tweaks:bismuth_shovel"
                        ],
                        "repair_amount": "context.other->query.remaining_durability + 0.05 * context.other->query.max_durability"
                    },
                    {
                        "items": [
                            "tweaks:bismuth_shard"
                        ],
                        "repair_amount": 2081
                    }
                ]
            },
            "minecraft:weapon": {
                "on_hurt_entity": {
                    "event": "tweaks:damage_eventb",
                    "target": "self"
                },
                "on_hit_block": {
                    "event": "tweaks:damage_event",
                    "target": "self"
                }
            },
            "minecraft:mining_speed": 1,
            "minecraft:damage": 7,
            "minecraft:can_destroy_in_creative": true,
            "minecraft:digger": {
                "on_dig": {
                    "event": "tweaks:damage_event",
                    "target": "self"
                },
                "use_efficiency": true,
                "destroy_speeds": [
					{
						"block": {
							"tags": "q.any_tag('dirt', 'sand', 'gravel', 'grass', 'snow')"
						},
						"speed": 20,
						"on_dig": {
							"event": "tweaks:damage_event"
						}
					},
					{
						"block": "minecraft:soul_sand",
						"speed": 20,
						"on_dig": {
							"event": "tweaks:damage_event"
						}
					},
					{
						"block": "tweaks:soul_iron_ore",
						"speed": 12,
						"on_dig": {
							"event": "tweaks:damage_event"
						}
					},
					{
						"block": "tweaks:wet_mud_bricks",
						"speed": 12,
						"on_dig": {
							"event": "tweaks:damage_event"
						}
					},
					{
						"block": "tweaks:immutable_slush",
						"speed": 12,
						"on_dig": {
							"event": "tweaks:damage_event"
						}
					},
					{
						"block": "minecraft:clay",
						"speed": 20,
						"on_dig": {
							"event": "tweaks:damage_event"
						}
					},
					{
						"block": "minecraft:suspicious_sand",
						"speed": 20,
						"on_dig": {
							"event": "tweaks:damage_event"
						}
					},
					{
						"block": "minecraft:suspicious_gravel",
						"speed": 20,
						"on_dig": {
							"event": "tweaks:damage_event"
						}
					},
					{
						"block": "minecraft:concrete_powder",
						"speed": 20,
						"on_dig": {
							"event": "tweaks:damage_event"
						}
					},
					{
						"block": "minecraft:soul_soil",
						"speed": 20,
						"on_dig": {
							"event": "tweaks:damage_event"
						}
					},
						  {
                        "block": "minecraft:dirt_with_roots",
                        "speed": 20,
                        "on_dig": {
                            "event": "tweaks:damage_event",
                            "target": "self"
                        }
                    },
						  {
                        "block": "minecraft:mycelium",
                        "speed": 20,
                        "on_dig": {
                            "event": "tweaks:damage_event",
                            "target": "self"
                        }
                    },
						  {
                        "block": "minecraft:podzol",
                        "speed": 20,
                        "on_dig": {
                            "event": "tweaks:damage_event",
                            "target": "self"
                        }
                    },
					{
                        "block": "minecraft:dirt",
                        "speed": 20,
                        "on_dig": {
                            "event": "tweaks:damage_event",
                            "target": "self"
                        }
                    },
					{
                        "block": "minecraft:farmland",
                        "speed": 20,
                        "on_dig": {
                            "event": "tweaks:damage_event",
                            "target": "self"
                        }
                    },
					{
                        "block": "minecraft:sand",
                        "speed": 20,
                        "on_dig": {
                            "event": "tweaks:damage_event",
                            "target": "self"
                        }
                    },
					{
                        "block": "minecraft:gravel",
                        "speed": 20,
                        "on_dig": {
                            "event": "tweaks:damage_event",
                            "target": "self"
                        }
                    },
					{
                        "block": "minecraft:grass",
                        "speed": 20,
                        "on_dig": {
                            "event": "tweaks:damage_event",
                            "target": "self"
                        }
                    },
					{
                        "block": "minecraft:grass_path",
                        "speed": 20,
                        "on_dig": {
                            "event": "tweaks:damage_event",
                            "target": "self"
                        }
                    },
					{
                        "block": "minecraft:muddy_mangrove_roots",
                        "speed": 20,
                        "on_dig": {
                            "event": "tweaks:damage_event",
                            "target": "self"
                        }
                    },
					{
                        "block": "minecraft:snow",
                        "speed": 20,
                        "on_dig": {
                            "event": "tweaks:damage_event",
                            "target": "self"
                        }
                    },
					{
                        "block": "minecraft:mud",
                        "speed": 20,
                        "on_dig": {
                            "event": "tweaks:damage_event",
                            "target": "self"
                        }
                    }
				]
            }
        },
        "events": {
            "tweaks:damage_event": {
                "damage": {
                    "type": "durability",
                    "amount": 1
                }
            },
            "tweaks:damage_eventb": {
                "damage": {
                    "type": "durability",
                    "amount": 2
                }
            },
            "on_tool_used": {
                "damage": {
                    "type": "durability",
                    "amount": 1
                }
            }	
        }
    }
}