{
	"format_version": "1.16.100",
	"minecraft:item": {
		"description": {
			"identifier": "tweaks:bismuth_upgrade_benching_template",
			"category": "items"
		},
		"components": {
			"minecraft:icon": {
				"texture": "bismuth_upgrade_benching_template"
			},
			"minecraft:display_name": {
				"value": "Benching Template\n§7Bismuth Upgrade\n§7\n§7Applies to:\n §9Netherite Equipment\n§7Ingredients:\n §9Bismuth Shard"
			},
			"minecraft:creative_category": {
				"parent": "itemGroup.name.smithing_templates"
			},
			"minecraft:max_stack_size": 64
		},
		"events": {}
	}
}