{
  "format_version": "1.16.100",
  "minecraft:item": {
        "description": {
      "category": "equipment",
      "identifier": "tweaks:bismuth_boots"
    },
    "components": {
		"tag:minecraft:is_armor": {},
      "minecraft:creative_category": {
        "parent": "itemGroup.name.boots"
     },
      "minecraft:display_name": {
  				"value": "Bismuth Boots"
		},
     "minecraft:icon": {
        "texture": "bismuth_boots"
     },
    "tag:minecraft:trimmable_armors": {},
    "minecraft:render_offsets": "boots",
      "minecraft:max_stack_size": 1,
      "minecraft:enchantable": {
        "value": 30,
        "slot": "armor_feet"
      },
      "minecraft:durability": {
        "max_durability": 820,
			"damage_chance": {
				"min": 60,
				"max": 100
			}
      },
      "minecraft:armor": {
        "protection": 4
      },
		"minecraft:knockback_resistance": {
			"protection": 0.25
		},
      "minecraft:wearable": {
        "slot": "slot.armor.feet",
	 "dispensable": true
      },
            "minecraft:repairable": {
                "repair_items": [
                    {
                        "items": [
                            "tweaks:bismuth_shard"
                        ],
                        "repair_amount": 376
                    },
                    {
                        "items": [
									"tweaks:bismuth_boots"
                        ],
                        "repair_amount": "context.other->query.remaining_durability + 0.05 * context.other->query.max_durability"
                    }
                ]
            }
    }
  }
}