{
	"format_version": "1.16.100",
	"minecraft:item": {
		"description": {
			"identifier": "tweaks:copper_horn_mumble_fire_memory",
			"category": "equipment"
		},
		"components": {
			"minecraft:use_duration": 1,
			"minecraft:max_stack_size": 1,
			"minecraft:hand_equipped": false,
			"minecraft:use_animation": "goat_horn",
			"minecraft:can_destroy_in_creative": true,
			"minecraft:cooldown": {
				"category": "goat_horn",
				"duration": 7
			},
			"minecraft:icon": {
				"texture": "copper_horn"
			},
			"minecraft:render_offsets": "tools",
			"minecraft:display_name": {
				"value": "Copper Horn\n§7Mumble Fire Memory"
			},
			"minecraft:on_use": {
				"on_use": {
					"event": "tweaks:copper_horn",
					"target": "self"
				}
			},
			"minecraft:creative_category": {
				"parent": "itemGroup.name.goatHorn"
			}
		},
		"events": {
			"tweaks:copper_horn": {
				"run_command": {
					"command": [
						"summon tweaks:vibration_from_horn_mumble_fire_memory ~ ~ ~",
						"damage @e[type=tweaks:vibration_from_horn_mumble_fire_memory] 1 contact",
						"kill @e[type=tweaks:vibration_from_horn_mumble_fire_memory]"
					],
					"target": "holder"
				}
			}
		}
	}
}