{
	"format_version": "1.16.100",
	"minecraft:item": {
		"description": {
			"identifier": "tweaks:echo_horn_darkness",
			"category": "equipment"
		},
		"components": {
			"minecraft:use_duration": 0,
			"minecraft:max_stack_size": 1,
			"minecraft:hand_equipped": false,
			"minecraft:can_destroy_in_creative": true,
			"minecraft:durability": {
				"max_durability": 300
			},
			"minecraft:repairable": {
				"repair_items": [
					{
						"items": [
							"minecraft:echo_shard"
						],
						"repair_amount": 30
					},
					{
						"items": [
							"minecraft:diamond"
						],
						"repair_amount": 5
					},
          {
						"items": [
							"tweaks:echo_horn_darkness"
						],
						"repair_amount": "context.other->query.remaining_durability + 0.05 * context.other->query.max_durability"
					}
				]
			},
			"minecraft:cooldown": {
				"category": "echo_horn",
				"duration": 30
			},
			"minecraft:icon": {
				"texture": "echo_horn"
			},
			"minecraft:render_offsets": "tools",
			"minecraft:display_name": {
				"value": "Echo Horn\n§7Darkness"
			},
			"minecraft:on_use": {
				"on_use": {
					"event": "tweaks:echo_horn",
					"target": "self"
				}
			},
			"minecraft:use_animation": "goat_horn",
			"minecraft:creative_category": {
				"parent": "itemGroup.name.goatHorn"
			}
		},
		"events": {
			"tweaks:echo_horn": {
				"run_command": {
					"command": [
						"summon tweaks:vibration_from_horn_darkness",
						"damage @e[type=warden,r=30] 25 magic",
						"kill @e[type=tweaks:ghoul,r=30]",
						"effect @e[type=warden,r=30] slowness 5 250 true",
						"effect @e[type=warden,r=30] haste 5 250",
						"fill ~-12 ~8 ~12 ~12 ~-8 ~-12 minecraft:air 0 replace minecraft:sculk_sensor 0",
						"damage @e[type=tweaks:vibration_from_horn_darkness] 1 contact",
						"kill @e[type=tweaks:vibration_from_horn_darkness]"
					],
					"target": "holder"
				},
				"damage": {
					"type": "magic",
					"amount": 30
				}
			}
		}
	}
}