{
  "minecraft:item" : {
    "events" : {
      "on_consume" : {
        "sequence" : [
          {
            "teleport" : {
              "target" : "holder",
              "max_range" : [
                20,
                20,
                20
              ]
            }
          }
        ]
      }
    },
    "components" : {
      "minecraft:use_duration" : 2,
      "minecraft:max_stack_size" : 1,
      "minecraft:food" : {
        "using_converts_to" : "minecraft:bowl",
        "can_always_eat" : true,
        "nutrition" : 6,
        "saturation_modifier" : "good",
        "on_consume" : {
          "event" : "on_consume",
          "target" : "self"
        }
      },
      "minecraft:hand_equipped" : false,
      "minecraft:foil" : false,
      "minecraft:icon" : {
        "texture" : "end_goop_stew"
	},
	"minecraft:cooldown": {
	 "category": "chorusfruit",
	 "duration": 5
      },
      "minecraft:creative_category" : {
        "parent" : "itemGroup.name.miscFood"
      },
      "minecraft:display_name" : {
        "value" : "End Goop Stew"
      },
      "minecraft:render_offsets" : {
        "main_hand" : {
          "third_person" : {
            "scale" : [
              0.10000000000000001,
              0.10000000000000001,
              0.10000000000000001
            ]
          },
          "first_person" : {
            "scale" : [
              0.037999999999999999,
              0.037999999999999999,
              0.037999999999999999
            ]
          }
        },
        "off_hand" : {
          "third_person" : {
            "scale" : [
              0.10000000000000001,
              0.10000000000000001,
              0.10000000000000001
            ]
          },
          "first_person" : {
            "scale" : [
              0.037999999999999999,
              0.037999999999999999,
              0.037999999999999999
            ]
          }
        }
      },
      "minecraft:use_animation" : "eat"
    },
    "description" : {
      "category" : "equipment",
      "identifier" : "tweaks:end_goop_stew"
    }
  },
  "format_version" : "1.16.100"
}