{
	"format_version": "1.16.100",
	"minecraft:item": {
		"description": {
			"identifier": "tweaks:forbidden_amulet",
			"category": "equipment"
		},
		"components": {
			"minecraft:use_duration": 0,
			"minecraft:max_stack_size": 1,
			"minecraft:hand_equipped": false,
			"minecraft:durability": {
				"max_durability": 3000
			},
			"minecraft:repairable": {
				"repair_items": [
					{
						"items": [
							"tweaks:topaz_sliver"
						],
						"repair_amount": 287
					},
					{
						"items": [
							"tweaks:bismuth_shard"
						],
						"repair_amount": 1131
					},
          {
						"items": [
							"tweaks:forbidden_amulet"
						],
						"repair_amount": "context.other->query.remaining_durability + 0.05 * context.other->query.max_durability"
					}
				]
			},
			"minecraft:cooldown": {
				"category": "forbidden_amulet",
				"duration": 30
			},
			"minecraft:enchantable": {
				"slot": "flintsteel",
				"value": 30
			},
			"minecraft:icon": {
				"texture": "forbidden_amulet"
			},
			"minecraft:render_offsets": "tools",
			"minecraft:display_name": {
				"value": "§bForbidden Amulet§r"
			},
			"minecraft:on_use": {
				"on_use": {
					"event": "tweaks:amulet",
					"target": "self"
				}
			},
			"minecraft:creative_category": {
				"parent": "itemGroup.name.endEquipment"
			}
		},
		"events": {
			"tweaks:amulet": {
				"run_command": {
					"command": [
						"effect @a[r=30] clear",
						"effect @a[r=30] fire_resistance 10 1",
						"effect @a[r=30] resistance 10 1",
						"effect @a[r=30] slow_falling 10 1",
						"effect @a[r=30] water_breathing 10 1",
						"effect @a[r=30] haste 10 1",
						"effect @a[r=30] regeneration 10 1",
						"effect @a[r=30] strength 10 1",
						"effect @a[r=30] speed 10 1",
						"effect @a[r=30] jump_boost 10 1",
						"effect @a[r=30] night_vision 10 1",
						"effect @e[family=monster,r=30] wither 10 2",
						"effect @e[family=undead,r=30] wither 10 3",
						"effect @e[family=monster,r=30] poison 10 2",
						"effect @e[family=monster,r=30] slowness 10 2",
						"effect @e[family=monster,r=30] weakness 10 2",
						"playsound respawn_anchor.set_spawn @a[r=60] ~ ~ ~ 100 1"
					],
					"target": "holder"
				},
				"damage": {
					"type": "magic",
					"amount": 150
				}
			}
		}
	}
}