{
	"format_version": "1.16.100",
	"minecraft:item": {
		"description": {
			"identifier": "tweaks:glitter_horn_daze",
			"category": "equipment"
		},
		"components": {
			"minecraft:use_duration": 0,
			"minecraft:max_stack_size": 1,
			"minecraft:hand_equipped": false,
			"minecraft:can_destroy_in_creative": true,
			"minecraft:durability": {
				"max_durability": 500
			},
			"minecraft:repairable": {
				"repair_items": [
					{
						"items": [
							"minecraft:amethyst_shard"
						],
						"repair_amount": 5
					},
          {
						"items": [
							"tweaks:glitter_horn_daze"
						],
						"repair_amount": "context.other->query.remaining_durability + 0.05 * context.other->query.max_durability"
					}
				]
			},
			"minecraft:cooldown": {
				"category": "glitter_horn",
				"duration": 30
			},
			"minecraft:icon": {
				"texture": "glitter_horn"
			},
			"minecraft:render_offsets": "tools",
			"minecraft:display_name": {
				"value": "Glitter Horn\n§7Daze"
			},
			"minecraft:on_use": {
				"on_use": {
					"event": "tweaks:glitter_horn",
					"target": "self"
				}
			},
			"minecraft:use_animation": "goat_horn",
			"minecraft:creative_category": {
				"parent": "itemGroup.name.goatHorn"
			}
		},
		"events": {
			"tweaks:glitter_horn": {
				"run_command": {
					"command": [
						"summon tweaks:vibration_from_horn_daze",
						"effect @a[r=16] fire_resistance 10 1 true",
						"damage @e[type=tweaks:vibration_from_horn_daze] 1 contact",
						"kill @e[type=tweaks:vibration_from_horn_daze]"
					],
					"target": "holder"
				},
				"damage": {
					"type": "magic",
					"amount": 30
				}
			}
		}
	}
}