{
  "minecraft:item" : {
    "events" : {
      "on_use" : {

      },
      "on_consume" : {
        "sequence" : [
          {
            "remove_mob_effect" : {
              "target" : "holder",
              "effect" : "resistance"
            }
          },
          {
            "remove_mob_effect" : {
              "target" : "holder",
              "effect" : "fire_resistance"
            }
          },
          {
            "remove_mob_effect" : {
              "target" : "holder",
              "effect" : "water_breathing"
            }
          },
          {
            "remove_mob_effect" : {
              "target" : "holder",
              "effect" : "invisibility"
            }
          },
          {
            "remove_mob_effect" : {
              "target" : "holder",
              "effect" : "blindness"
            }
          },
          {
            "remove_mob_effect" : {
              "target" : "holder",
              "effect" : "night_vision"
            }
          },
          {
            "remove_mob_effect" : {
              "target" : "holder",
              "effect" : "hunger"
            }
          },
          {
            "remove_mob_effect" : {
              "target" : "holder",
              "effect" : "weakness"
            }
          },
          {
            "remove_mob_effect" : {
              "target" : "holder",
              "effect" : "poison"
            }
          },
          {
            "remove_mob_effect" : {
              "target" : "holder",
              "effect" : "wither"
            }
          },
          {
            "remove_mob_effect" : {
              "target" : "holder",
              "effect" : "health_boost"
            }
          },
          {
            "remove_mob_effect" : {
              "target" : "holder",
              "effect" : "speed"
            }
          },
          {
            "remove_mob_effect" : {
              "target" : "holder",
              "effect" : "absorption"
            }
          },
          {
            "remove_mob_effect" : {
              "target" : "holder",
              "effect" : "slowness"
            }
          },
          {
            "remove_mob_effect" : {
              "target" : "holder",
              "effect" : "saturation"
            }
          },
          {
            "remove_mob_effect" : {
              "target" : "holder",
              "effect" : "haste"
            }
          },
          {
            "remove_mob_effect" : {
              "target" : "holder",
              "effect" : "levitation"
            }
          },
          {
            "remove_mob_effect" : {
              "target" : "holder",
              "effect" : "mining_fatigue"
            }
          },
          {
            "remove_mob_effect" : {
              "target" : "holder",
              "effect" : "fatal_poison"
            }
          },
          {
            "remove_mob_effect" : {
              "target" : "holder",
              "effect" : "strength"
            }
          },
          {
            "remove_mob_effect" : {
              "target" : "holder",
              "effect" : "conduit_power"
            }
          },
          {
            "remove_mob_effect" : {
              "target" : "holder",
              "effect" : "instant_health"
            }
          },
          {
            "remove_mob_effect" : {
              "target" : "holder",
              "effect" : "slow_falling"
            }
          },
          {
            "remove_mob_effect" : {
              "target" : "holder",
              "effect" : "instant_damage"
            }
          },
          {
            "remove_mob_effect" : {
              "target" : "holder",
              "effect" : "bad_omen"
            }
          },
          {
            "remove_mob_effect" : {
              "target" : "holder",
              "effect" : "darkness"
            }
          },
          {
            "remove_mob_effect" : {
              "target" : "holder",
              "effect" : "village_hero"
            }
          },
          {
            "remove_mob_effect" : {
              "target" : "holder",
              "effect" : "nausea"
            }
          },
          {
            "remove_mob_effect" : {
              "target" : "holder",
              "effect" : "regeneration"
            }
          },
          {
            "add_mob_effect" : {
              "effect" : "jump_boost",
              "amplifier" : 3,
              "target" : "holder",
              "duration" : 10
            }
          }
        ]
      }
    },
    "components" : {
      "minecraft:use_duration" : 2,
      "minecraft:max_stack_size" : 1,
      "minecraft:food" : {
        "using_converts_to" : "minecraft:bucket",
        "can_always_eat" : true,
        "nutrition" : 0,
        "saturation_modifier" : "poor",
        "on_consume" : {
          "event" : "on_consume",
          "target" : "self"
        }
      },
      "minecraft:hand_equipped" : false,
      "minecraft:foil" : false,
      "minecraft:icon" : {
        "texture" : "goat_milk"
      },
      "minecraft:display_name" : {
        "value" : "Goat Milk Bucket"
      },
      "minecraft:creative_category" : {
        "parent" : "itemGroup.name.buckets"
      },
      "minecraft:render_offsets" : {
        "main_hand" : {
          "third_person" : {
            "scale" : [
              0.10000000000000001,
              0.10000000000000001,
              0.10000000000000001
            ]
          },
          "first_person" : {
            "scale" : [
              0.037999999999999999,
              0.037999999999999999,
              0.037999999999999999
            ]
          }
        },
        "off_hand" : {
          "third_person" : {
            "scale" : [
              0.10000000000000001,
              0.10000000000000001,
              0.10000000000000001
            ]
          },
          "first_person" : {
            "scale" : [
              0.037999999999999999,
              0.037999999999999999,
              0.037999999999999999
            ]
          }
        }
      },
      "minecraft:use_animation" : "drink"
    },
    "description" : {
      "category" : "items",
      "identifier" : "tweaks:goat_milk"
    }
  },
  "format_version" : "1.16.100"
}