{
  "minecraft:item" : {
    "events" : {
      "on_use" : {

      },
      "on_consume" : {
        "sequence" : [
          {
            "remove_mob_effect" : {
              "target" : "holder",
              "effect" : "wither"
            }
          },
          {
            "add_mob_effect" : {
              "effect" : "blindness",
              "amplifier" : 0,
              "target" : "holder",
              "duration" : 10
            }
          }
        ]
      }
    },
    "components" : {
      "minecraft:use_duration" : 2,
      "minecraft:max_stack_size" : 16,
      "minecraft:food" : {
        "using_converts_to" : "minecraft:glass_bottle",
        "can_always_eat" : false,
        "nutrition" : 6,
        "saturation_modifier" : "poor",
        "on_consume" : {
          "event" : "on_consume",
          "target" : "self"
        }
      },
      "minecraft:hand_equipped" : false,
      "minecraft:foil" : false,
      "minecraft:icon" : {
        "texture" : "melted_shroomlight_bottle"
      },
      "minecraft:display_name" : {
        "value" : "Melted Shroomlight Bottle"
      },
      "minecraft:creative_category" : {
        "parent" : "itemGroup.name.miscItems"
      },
      "minecraft:render_offsets" : {
        "main_hand" : {
          "third_person" : {
            "scale" : [
              0.10000000000000001,
              0.10000000000000001,
              0.10000000000000001
            ]
          },
          "first_person" : {
            "scale" : [
              0.037999999999999999,
              0.037999999999999999,
              0.037999999999999999
            ]
          }
        },
        "off_hand" : {
          "third_person" : {
            "scale" : [
              0.10000000000000001,
              0.10000000000000001,
              0.10000000000000001
            ]
          },
          "first_person" : {
            "scale" : [
              0.037999999999999999,
              0.037999999999999999,
              0.037999999999999999
            ]
          }
        }
      },
      "minecraft:use_animation" : "drink"
    },
    "description" : {
      "category" : "items",
      "identifier" : "tweaks:melted_shroomlight_bottle"
    }
  },
  "format_version" : "1.16.100"
}