{
	"format_version": "1.16.100",
	"minecraft:item": {
		"description": {
			"identifier": "tweaks:membrane_of_eternity",
			"category": "items"
		},
		"components": {
			"minecraft:use_duration": 0,
			"minecraft:max_stack_size": 1,
			"minecraft:hand_equipped": false,
			"minecraft:can_destroy_in_creative": true,
			"minecraft:cooldown": {
				"category": "membrane",
				"duration": 50
			},
			"minecraft:icon": {
				"texture": "membrane_of_eternity"
			},
			"minecraft:render_offsets": "tools",
			"minecraft:display_name": {
				"value": "Membrane of Eternity"
			},
			"minecraft:on_use": {
				"on_use": {
					"event": "tweaks:membrane",
					"target": "self"
				}
			},
			"minecraft:creative_category": {
				"parent": "itemGroup.name.tools"
			}
		},
		"events": {
			"tweaks:membrane": {
				"run_command": {
					"command": [
						"effect @a[r=15] strength 10 2",
						"effect @e[family=monster,r=15] weakness 10 2",
						"playsound mob.noxious_immolator.membrane_use @a[r=15]"
					],
					"target": "holder"
				}
			}
		}
	}
}