{
  "format_version": "1.16.100",
  "minecraft:item": {
        "description": {
      "category": "equipment",
      "identifier": "tweaks:mithril_helmet"
    },
    "components": {
		"tag:minecraft:is_armor": {},
      "minecraft:creative_category": {
        "parent": "itemGroup.name.helmet"
     },
      "minecraft:display_name": {
  				"value": "Mithril Helmet"
		},
     "minecraft:icon": {
        "texture": "mithril_helmet"
     },
    "minecraft:render_offsets": "helmet",
      "minecraft:max_stack_size": 1,
      "minecraft:enchantable": {
        "value": 15,
        "slot": "armor_head"
      },
      "minecraft:durability": {
        "max_durability": 512,
			"damage_chance": {
				"min": 60,
				"max": 100
			}
      },
      "minecraft:armor": {
        "protection": 4
      },
      "minecraft:wearable": {
        "slot": "slot.armor.head",
	 "dispensable": true
      },
            "minecraft:repairable": {
                "repair_items": [
                    {
                        "items": [
                            "tweaks:mithril_ingot"
                        ],
                        "repair_amount": 248
                    },
                    {
                        "items": [
									"tweaks:mithril_helmet"
                        ],
                        "repair_amount": "context.other->query.remaining_durability + 0.05 * context.other->query.max_durability"
                    }
                ]
            }
    }
  }
}