{
  "format_version": "1.16.100",
  "minecraft:item": {
        "description": {
      "category": "equipment",
      "identifier": "tweaks:mithril_leggings"
    },
    "components": {
		"tag:minecraft:is_armor": {},
      "minecraft:creative_category": {
        "parent": "itemGroup.name.leggings"
     },
      "minecraft:display_name": {
  				"value": "Mithril Leggings"
		},
     "minecraft:icon": {
        "texture": "mithril_leggings"
     },
    "minecraft:render_offsets": "leggings",
      "minecraft:max_stack_size": 1,
      "minecraft:enchantable": {
        "value": 15,
        "slot": "armor_legs"
      },
      "minecraft:durability": {
        "max_durability": 756,
			"damage_chance": {
				"min": 60,
				"max": 100
			}
      },
      "minecraft:armor": {
        "protection": 7
      },
      "minecraft:wearable": {
        "slot": "slot.armor.legs",
	 "dispensable": true
      },
            "minecraft:repairable": {
                "repair_items": [
                    {
                        "items": [
                            "tweaks:mithril_ingot"
                        ],
                        "repair_amount": 361
                    },
                    {
                        "items": [
									"tweaks:mithril_leggings"
                        ],
                        "repair_amount": "context.other->query.remaining_durability + 0.05 * context.other->query.max_durability"
                    }
                ]
            }
	 }
  }
}