{
	"format_version": "1.16.100",
	"minecraft:item": {
		"description": {
			"identifier": "tweaks:nuclear_fury",
			"category": "equipment"
		},
		"components": {
			"minecraft:use_duration": 0,
			"minecraft:max_stack_size": 1,
			"minecraft:hand_equipped": true,
			"minecraft:durability": {
				"max_durability": 1000
			},
			"minecraft:repairable": {
				"repair_items": [
					{
						"items": [
							"tweaks:uranium_powder"
						],
						"repair_amount": 153
					},
					{
						"items": [
							"minecraft:netherite_ingot"
						],
						"repair_amount": 601
					},
          {
						"items": [
							"tweaks:nuclear_fury"
						],
						"repair_amount": "context.other->query.remaining_durability + 0.05 * context.other->query.max_durability"
					}
				]
			},
			"minecraft:cooldown": {
				"category": "nuclear_fury",
				"duration": 15
			},
			"minecraft:enchantable": {
				"slot": "flintsteel",
				"value": 11
			},
			"minecraft:icon": {
				"texture": "nuclear_fury"
			},
			"minecraft:render_offsets": "tools",
			"minecraft:display_name": {
				"value": "Nuclear Fury"
			},
			"minecraft:on_use": {
				"on_use": {
					"event": "tweaks:fury",
					"target": "self"
				}
			},
			"minecraft:creative_category": {
				"parent": "itemGroup.name.netherEquipment"
			}
		},
		"events": {
			"tweaks:fury": {
				"run_command": {
					"command": [
						"effect @e[family=mob,r=15] fatal_poison 8 10",
						"effect @e[family=undead,r=15] wither 8 10",
						"effect @a[r=15] weakness 8 10",
						"effect @a[r=15] slowness 8 5",
						"playsound copper.wax.off @p ~ ~ ~ 100 1"
					],
					"target": "holder"
				},
				"damage": {
					"type": "magic",
					"amount": 50
				}
			}
		}
	}
}