{
	"format_version": "1.16.100",
	"minecraft:item": {
		"description": {
			"identifier": "tweaks:olivager",
			"category": "equipment"
		},
		"components": {
			"minecraft:use_duration": 0,
			"minecraft:max_stack_size": 1,
			"minecraft:hand_equipped": false,
			"minecraft:can_destroy_in_creative": true,
			"minecraft:durability": {
				"max_durability": 500
			},
			"minecraft:cooldown": {
				"category": "olivager",
				"duration": 150
			},
			"minecraft:icon": {
				"texture": "olivager"
			},
			"minecraft:render_offsets": "tools",
			"minecraft:display_name": {
				"value": "Olivager"
			},
			"minecraft:on_use": {
				"on_use": {
					"event": "tweaks:blow",
					"target": "self"
				}
			},
			"minecraft:creative_category": {
				"parent": "itemGroup.name.overworldEquipment"
			}
		},
		"events": {
			"tweaks:blow": {
				"run_command": {
					"command": [
						"summon tweaks:vibration_from_olivager",
						"effect @a[r=64] village_hero 50",
						"damage @e[type=tweaks:vibration_from_olivager] 1 contact",
						"kill @e[type=tweaks:vibration_from_olivager]"
					],
					"target": "holder"
				},
				"damage": {
					"type": "magic",
					"amount": 90
				}
			}
		}
	}
}