{
  "minecraft:item" : {
    "components" : {
      "minecraft:creative_category": {
        "parent": "itemGroup.name.boat"
      },
      "minecraft:entity_placer" : {
        "entity" : "tweaks:palm_boat"
      },
      "minecraft:display_name" : {
        "value" : "Palm Boat"
      },
      "minecraft:fuel" : {
        "duration" : 10
      },
      "minecraft:max_stack_size" : 1,
      "minecraft:render_offsets": "apple",
      "minecraft:icon" : {
        "texture" : "palm_boat"
      }
    },
    "description" : {
      "category" : "items",
      "identifier" : "tweaks:palm_boat_placer"
    }
  },
  "format_version" : "1.16.100"
}