{
	"format_version": "1.16.100",
	"minecraft:item": {
		"description": {
			"identifier": "tweaks:pearl_shooter",
			"category": "equipment"
		},
		"components": {
			"minecraft:use_duration": 0,
			"minecraft:max_stack_size": 1,
			"minecraft:hand_equipped": true,
			"minecraft:durability": {
				"max_durability": 1000
			},
			"minecraft:repairable": {
				"repair_items": [
					{
						"items": [
							"tweaks:pearl_ingot"
						],
						"repair_amount": 200
					},
					{
						"items": [
							"tweaks:bismuth_shard"
						],
						"repair_amount": 560
					},
          {
						"items": [
							"tweaks:pearl_shooter"
						],
						"repair_amount": "context.other->query.remaining_durability + 0.05 * context.other->query.max_durability"
					}
				]
			},
			"minecraft:cooldown": {
				"category": "pearl_shooter",
				"duration": 3
			},
			"minecraft:enchantable": {
				"slot": "flintsteel",
				"value": 20
			},
			"minecraft:icon": {
				"texture": "pearl_shooter_icon"
                    },
                    "minecraft:render_offsets" : {
                      "main_hand" : {
                        "third_person" : {
                          "scale" : [
                            0.0090909090909090922,
                            0.0090909090909090922,
                            0.0090909090909090922
                          ]
                        },
                       "first_person" : {
                          "scale" : [
                            0.0034545454545454545,
                            0.0034545454545454545,
                            0.0034545454545454545
                          ]
                        }
                      },
                      "off_hand" : {
                        "third_person" : {
                          "scale" : [
                            0.0090909090909090922,
                            0.0090909090909090922,
                            0.0090909090909090922
                          ]
                        },
                        "first_person" : {
                          "scale" : [
                            0.0034545454545454545,
                            0.0034545454545454545,
                            0.0034545454545454545
                          ]
                        }
                      }
			},
			"minecraft:display_name": {
				"value": "Pearl Shard Shooter"
			},
			"minecraft:on_use": {
				"on_use": {
					"event": "tweaks:pearl_shooter",
					"target": "self"
				}
			},
			"minecraft:creative_category": {
				"parent": "itemGroup.name.endEquipment"
			}
		},
		"events": {
			"tweaks:pearl_shooter": {
				"run_command": {
					"command": [
						"playsound mob.shulker.shoot @a[r=5] ~ ~ ~"
					],
					"target": "holder"
				},
				"shoot": {
					"projectile": "tweaks:pearl_shard",
					"launch_power": 3
				},
				"damage": {
					"type": "magic",
					"amount": 10
				}
			}
		}
	}
}