{
	"format_version": "1.17.0",
	"minecraft:item": {
		"description": {
			"category": "equipment",
			"identifier": "tweaks:potion_of_rage_strong"
		},
		"components": {
			"minecraft:max_stack_size": 1,
			"minecraft:stacked_by_data": true,
			"minecraft:use_duration": 1.6,
			"minecraft:potion": {
				"type": "regular"
			},
			"minecraft:use_animation": "drink",
			"minecraft:icon": {
				"texture": "potion_of_rage"
			},
			"minecraft:display_name": {
				"value": "Potion of Rage\n§cBlindness (0:15)§r\n§9Speed III (0:15)§r\n§9Strength III (0:15)\n§7\n§5When Applied:§r\n§9+60 Speed§r\n§9+4.5 Attack Damage§r"
			},
			"minecraft:food": {
				"on_consume": {
					"event": "effect",
					"target": "self"
				},
				"can_always_eat": true
			},
			"minecraft:creative_category": {
				"parent": "itemGroup.name.potion"
			},
			"minecraft:foil": false
		},
		"events": {
			"effect": {
				"run_command": {
					"command": [
						"effect @s blindness 15 0",
						"effect @s speed 15 2",
						"effect @s strength 15 2",
						"gamerule sendcommandfeedback false",
						"give @p glass_bottle",
						"gamerule sendcommandfeedback true"
					]
				}
			}
		}
	}
}