{
	"format_version": "1.17.0",
	"minecraft:item": {
		"description": {
			"category": "equipment",
			"identifier": "tweaks:potion_of_health_boost_long"
		},
		"components": {
			"minecraft:max_stack_size": 1,
			"minecraft:stacked_by_data": true,
			"minecraft:use_duration": 1.6,
			"minecraft:potion": {
				"type": "regular"
			},
			"minecraft:use_animation": "drink",
			"minecraft:icon": {
				"texture": "potion_of_health_boost"
			},
			"minecraft:display_name": {
				"value": "Potion of Health Boost\n§7§9Health Boost (1:30)"
			},
			"minecraft:food": {
				"on_consume": {
					"event": "effect",
					"target": "self"
				},
				"can_always_eat": true
			},
			"minecraft:creative_category": {
				"parent": "itemGroup.name.potion"
			},
			"minecraft:foil": false
		},
		"events": {
			"effect": {
				"run_command": {
					"command": [
						"effect @s health_boost 90 0",
						"gamerule sendcommandfeedback false",
						"give @p glass_bottle",
						"gamerule sendcommandfeedback true"
					]
				}
			}
		}
	}
}