{
  "minecraft:item" : {
    "events" : {
      "on_use" : {

      },
      "on_consume" : {
        "sequence" : [
          {
            "add_mob_effect" : {
              "target" : "holder",
              "effect" : "darkness",
              "amplifier" : 0,
              "duration" : 20
            }
          },
          {
            "add_mob_effect" : {
              "target" : "holder",
              "effect" : "speed",
              "amplifier" : 2,
              "duration" : 8
            }
          }
        ]
      }
    },
    "components" : {
      "minecraft:use_duration" : 2,
      "minecraft:max_stack_size" : 64,
      "minecraft:food" : {
        "can_always_eat" : false,
        "nutrition" : 4,
        "saturation_modifier" : "low",
        "on_consume" : {
          "event" : "on_consume",
          "target" : "self"
        }
      },
      "minecraft:hand_equipped" : false,
      "minecraft:foil" : false,
      "minecraft:icon" : {
        "texture" : "pulse_sludge"
      },
      "minecraft:creative_category" : {
        "parent" : "itemGroup.name.miscItems"
      },
      "minecraft:display_name" : {
        "value" : "Pulse Sludge"
      },
      "minecraft:render_offsets" : {
        "main_hand" : {
          "third_person" : {
            "scale" : [
              0.10000000000000001,
              0.10000000000000001,
              0.10000000000000001
            ]
          },
          "first_person" : {
            "scale" : [
              0.037999999999999999,
              0.037999999999999999,
              0.037999999999999999
            ]
          }
        },
        "off_hand" : {
          "third_person" : {
            "scale" : [
              0.10000000000000001,
              0.10000000000000001,
              0.10000000000000001
            ]
          },
          "first_person" : {
            "scale" : [
              0.037999999999999999,
              0.037999999999999999,
              0.037999999999999999
            ]
          }
        }
      },
      "minecraft:use_animation" : "eat"
    },
    "description" : {
      "category" : "items",
      "identifier" : "tweaks:pulse_sludge"
    }
  },
  "format_version" : "1.16.100"
}