{
  "minecraft:item" : {
    "events" : {
      "on_use" : {

      },
      "on_consume" : {
        "sequence" : [
          {
            "add_mob_effect" : {
              "effect" : "nothing",
              "amplifier" : 0,
              "target" : "holder",
              "duration" : 0
            }
          }
        ]
      }
    },
    "components" : {
      "minecraft:use_duration" : 2,
      "minecraft:max_stack_size" : 1,
      "minecraft:food" : {
        "can_always_eat" : false,
        "using_converts_to" : "minecraft:bowl",
        "nutrition" : 6,
        "saturation_modifier" : "supernatural",
        "on_consume" : {
          "event" : "on_consume",
          "target" : "self"
        }
      },
      "minecraft:hand_equipped" : false,
      "minecraft:foil" : false,
      "minecraft:icon" : {
        "texture" : "salad"
      },
      "minecraft:creative_category" : {
        "parent" : "itemGroup.name.miscFood"
      },
      "minecraft:display_name" : {
        "value" : "Salad"
      },
      "minecraft:render_offsets" : {
        "main_hand" : {
          "third_person" : {
            "scale" : [
              0.10000000000000001,
              0.10000000000000001,
              0.10000000000000001
            ]
          },
          "first_person" : {
            "scale" : [
              0.037999999999999999,
              0.037999999999999999,
              0.037999999999999999
            ]
          }
        },
        "off_hand" : {
          "third_person" : {
            "scale" : [
              0.10000000000000001,
              0.10000000000000001,
              0.10000000000000001
            ]
          },
          "first_person" : {
            "scale" : [
              0.037999999999999999,
              0.037999999999999999,
              0.037999999999999999
            ]
          }
        }
      },
      "minecraft:use_animation" : "eat"
    },
    "description" : {
      "category" : "equipment",
      "identifier" : "tweaks:salad"
    }
  },
  "format_version" : "1.16.100"
}