{
  "minecraft:item" : {
    "components" : {
      "minecraft:block_placer" : {
        "block" : "tweaks:soul_lamp"
      },
      "minecraft:icon" : {
        "texture" : "soul_lamp_item"
      },
      "minecraft:creative_category" : {
        "parent" : "itemGroup.name.miscItems"
      },
      "minecraft:display_name" : {
        "value" : "Soul Lamp"
      },
      "minecraft:max_stack_size" : 64,
      "minecraft:render_offsets" : {
        "main_hand" : {
          "third_person" : {
            "scale" : [
              0.10000000000000001,
              0.10000000000000001,
              0.10000000000000001
            ]
          },
          "first_person" : {
            "scale" : [
              0.037999999999999999,
              0.037999999999999999,
              0.037999999999999999
            ]
          }
        },
        "off_hand" : {
          "third_person" : {
            "scale" : [
              0.10000000000000001,
              0.10000000000000001,
              0.10000000000000001
            ]
          },
          "first_person" : {
            "scale" : [
              0.037999999999999999,
              0.037999999999999999,
              0.037999999999999999
            ]
          }
        }
      }
    },
    "description" : {
      "category" : "items",
      "identifier" : "tweaks:soul_lamp_item"
    }
  },
  "format_version" : "1.16.100"
}