{
  "minecraft:item" : {
    "components" : {
      "minecraft:creative_category": {
        "parent": "itemGroup.name.mushroom"
      },
      "minecraft:block_placer" : {
        "use_block_description": true,
        "block" : "tweaks:volatile_shroom"
      },
      "minecraft:display_name" : {
        "value" : "Volatile Shroom"
      },
      "minecraft:max_stack_size" : 64,
      "minecraft:icon" : {
        "texture" : "volatile_shroom_item"
      }
    },
    "description" : {
      "category" : "nature",
      "identifier" : "tweaks:volatile_shroom_item"
    }
  },
  "format_version" : "1.16.100"
}