{
	"format_version": [ 1, 1, 0],

	"tweaks:ruby_block": {
		"textures": "ruby_block",
		"sound": "copper"
	},
	"tweaks:soul_iron_ore": {
		"sound": "soul_soil",
		"textures": "soul_iron_ore"
	},
	"tweaks:hardened_honeycomb": {
		"sound": "coral",
		"textures": "hardened_honeycomb"
	},
	"tweaks:ruby_stairs": {
		"sound": "copper"
	},
	"tweaks:trapper_plant_stage_1": {
		"sound": "sweet_berry_bush"
	},
	"tweaks:trapper_plant_stage_2": {
		"sound": "sweet_berry_bush"
	},
	"tweaks:trapper_plant_stage_3": {
		"sound": "sweet_berry_bush"
	},
	"tweaks:soul_lamp": {
		"sound": "metal"
	},
	"tweaks:palm_stairs": {
		"sound": "wood"
	},
	"tweaks:palm_fence": {
		"sound": "wood"
	},
	"tweaks:palm_trapdoor": {
		"sound": "wood"
	},
	"tweaks:palm_slab": {
		"sound": "wood"
	},
	"tweaks:tuff_stairs": {
		"sound": "tuff"
	},
	"tweaks:polished_tuff_stairs": {
		"sound": "tuff"
	},
	"tweaks:tuff_slab": {
		"sound": "tuff"
	},
	"tweaks:tuff_wall": {
		"sound": "tuff"
	},
	"tweaks:calcite_stairs": {
		"sound": "calcite"
	},
	"tweaks:polished_calcite_stairs": {
		"sound": "calcite"
	},
	"tweaks:polished_calcite_slab": {
		"sound": "calcite"
	},
	"tweaks:polished_tuff_slab": {
		"sound": "tuff"
	},
	"tweaks:calcite_slab": {
		"sound": "calcite"
	},
	"tweaks:calcite_wall": {
		"sound": "calcite"
	},
	"tweaks:lepidolite_stairs": {
		"sound": "deepslate"
	},
	"tweaks:polished_lepidolite_stairs": {
		"sound": "deepslate"
	},
	"tweaks:lepidolite_slab": {
		"sound": "deepslate"
	},
	"tweaks:lepidolite_wall": {
		"sound": "deepslate"
	},
	"tweaks:polished_lepidolite_slab": {
		"sound": "deepslate"
	},
	"tweaks:butterfly_rose": {
		"sound": "grass"
	},
	"tweaks:palm_sapling": {
		"sound": "grass"
	},
	"tweaks:antler_orchid": {
		"sound": "grass"
	},
	"tweaks:petunia": {
		"sound": "grass"
	},
	"tweaks:tomato_plant_stage_1": {
		"sound": "grass"
	},
	"tweaks:tomato_plant_stage_2": {
		"sound": "grass"
	},
	"tweaks:tomato_plant_stage_3": {
		"sound": "grass"
	},
	"tweaks:waft_fruit_plant": {
		"sound": "fungus"
	},
	"tweaks:topaz_brick_slab": {
		"sound": "deepslate_bricks"
	},
	"tweaks:topaz_brick_stairs": {
		"sound": "deepslate_bricks"
	},
	"tweaks:topaz_brick_wall": {
		"sound": "deepslate_bricks"
	},
	"tweaks:dripstone_brick_wall": {
		"sound": "dripstone_block"
	},
	"tweaks:dripstone_brick_slab": {
		"sound": "dripstone_block"
	},
	"tweaks:dripstone_brick_stairs": {
		"sound": "dripstone_block"
	},
	"tweaks:mossy_dripstone_brick_wall": {
		"sound": "dripstone_block"
	},
	"tweaks:mossy_dripstone_brick_slab": {
		"sound": "dripstone_block"
	},
	"tweaks:mossy_dripstone_brick_stairs": {
		"sound": "dripstone_block"
	},
	"tweaks:polished_dripstone_slab": {
		"sound": "dripstone_block"
	},
	"tweaks:polished_dripstone_stairs": {
		"sound": "dripstone_block"
	},
	"tweaks:smooth_soul_sandstone_stairs": {
		"sound": "stone"
	},
	"tweaks:smooth_soul_sandstone_slab": {
		"sound": "stone"
	},
	"tweaks:topaz_crystals": {
		"sound": "amethyst_cluster"
	},
	"tweaks:small_topaz_growth": {
		"sound": "small_amethyst_bud"
	},
	"tweaks:medium_topaz_growth": {
		"sound": "medium_amethyst_bud"
	},
	"tweaks:chorus_weeds": {
		"sound": "grass"
	},
	"tweaks:wax_block": {
		"sound": "honey_block",
		"textures": "wax_block"
	},
	"tweaks:palm_planks": {
		"sound": "wood",
		"textures": "palm_planks"
	},
	"tweaks:palm_wood": {
		"sound": "wood",
		"textures": "palm_log_side"
	},
	"tweaks:stripped_palm_wood": {
		"sound": "wood",
		"textures": "stripped_palm_log_side"
	},
	"tweaks:rotten_flesh_block": {
		"textures": "rotten_flesh_block",
		"sound": "honey_block"
	},
	"tweaks:sunken_flesh_block": {
		"textures": "sunken_flesh_block",
		"sound": "honey_block"
	},
	"tweaks:smouldering_flesh_block": {
		"textures": "smouldering_flesh_block",
		"sound": "honey_block"
	},
	"tweaks:chorungus_block": {
		"sound": "nether_wart",
		"textures": "chorungus_block"
	},
	"tweaks:permafrost": {
		"textures": "permafrost",
		"sound": "glass"
	},
	"tweaks:soul_jack_o_lantern": {
		"sound": "wood"
	},
	"tweaks:chorungus_stem": {
		"sound": "stem",
		"textures": "chorungus_stem"
	},
	"tweaks:charcoal_block": {
		"sound": "stone",
		"textures": "charcoal_block"
	},
	"tweaks:chorus_shoots": {
		"sound": "nether_sprouts"
	},
	"tweaks:sanguine_sprouts": {
		"sound": "nether_sprouts"
	},
	"tweaks:chorungus": {
		"sound": "fungus"
	},
	"tweaks:volatile_shroom": {
		"sound": "fungus"
	},
	"tweaks:whitecap_mushroom": {
		"sound": "fungus"
	},
	"tweaks:chorus_morass_carpet": {
		"sound": "moss_carpet"
	},
	"tweaks:large_topaz_growth": {
		"sound": "large_amethyst_bud"
	},
	"tweaks:ruby_slab": {
		"sound": "copper"
	},
	"tweaks:copper_chain": {
		"sound": "chain"
	},
	"tweaks:copper_lantern": {
		"sound": "lantern"
	},
	"tweaks:dragon_cherry_bush": {
		"sound": "sweet_berry_bush"
	},
	"tweaks:dragon_cherry_bush_grown": {
		"sound": "sweet_berry_bush"
	},
	"coral": {
		"sound": "coral"
	},
	"coral_block": {
		"sound": "coral"
	},
	"coral_fan": {
		"sound": "coral"
	},
	"coral_fan_hang": {
		"sound": "coral"
	},
	"coral_fan_hang2": {
		"sound": "coral"
	},
	"coral_fan_hang3": {
		"sound": "coral"
	},
	"brain_coral": {
		"sound": "coral"
	},
	"bubble_coral": {
		"sound": "coral"
	},
	"tube_coral": {
		"sound": "coral"
	},
	"horn_coral": {
		"sound": "coral"
	},
	"fire_coral": {
		"sound": "coral"
	},
	"dead_brain_coral": {
		"sound": "coral"
	},
	"dead_bubble_coral": {
		"sound": "coral"
	},
	"dead_tube_coral": {
		"sound": "coral"
	},
	"dead_horn_coral": {
		"sound": "coral"
	},
	"dead_fire_coral": {
		"sound": "coral"
	},
	"tweaks:ruby_ore": {
		"sound": "basalt",
		"textures": {
			"up": "ruby_ore",
			"down": "ruby_ore",
			"side": "ruby_ore_side"
		}
	},
	"tweaks:chilled_bone_block": {
		"sound": "bone_block",
		"textures": {
			"up": "chilled_bone_block",
			"down": "chilled_bone_block",
			"side": "chilled_bone_block_side"
		}
	},
	"tweaks:wither_bone_block": {
		"sound": "bone_block",
		"textures": {
			"up": "wither_bone_block",
			"down": "wither_bone_block",
			"side": "wither_bone_block_side"
		}
	},
	"tweaks:stripped_palm_log": {
		"sound": "wood",
		"textures": {
			"up": "stripped_palm_log",
			"down": "stripped_palm_log",
			"side": "stripped_palm_log_side"
		}
	},
	"tweaks:palm_log": {
		"sound": "wood",
		"textures": {
			"up": "palm_log",
			"down": "palm_log",
			"side": "palm_log_side"
		}
	},
	"tweaks:soul_sandstone": {
		"sound": "stone",
		"textures": {
			"up": "soul_sandstone_up",
			"down": "soul_sandstone_down",
			"side": "soul_sandstone"
		}
	},
	"tweaks:soul_sandstone_slab": {
		"sound": "stone",
		"textures": {
			"up": "soul_sandstone_up",
			"down": "soul_sandstone_down",
			"side": "soul_sandstone"
		}
	},
	"tweaks:soul_sandstone_stairs": {
		"sound": "stone",
		"textures": {
			"up": "soul_sandstone_up",
			"down": "soul_sandstone_down",
			"side": "soul_sandstone"
		}
	},
	"tweaks:soul_sandstone_wall": {
		"sound": "stone",
		"textures": {
			"up": "soul_sandstone_up",
			"down": "soul_sandstone_down",
			"side": "soul_sandstone"
		}
	},
	"tweaks:chiseled_soul_sandstone": {
		"sound": "stone",
		"textures": {
			"up": "soul_sandstone_up",
			"down": "soul_sandstone_up",
			"side": "chiseled_soul_sandstone"
		}
	},
	"tweaks:cut_soul_sandstone": {
		"sound": "stone",
		"textures": {
			"up": "soul_sandstone_up",
			"down": "soul_sandstone_up",
			"side": "cut_soul_sandstone"
		}
	},
	"tweaks:cut_soul_sandstone_slab": {
		"sound": "stone",
		"textures": {
			"up": "soul_sandstone_up",
			"down": "soul_sandstone_up",
			"side": "cut_soul_sandstone"
		}
	},
	"tweaks:pearl_block": {
		"textures": "pearl_block",
		"sound": "copper"
	},
	"tweaks:smooth_soul_sandstone": {
		"textures": "soul_sandstone_up",
		"sound": "stone"
	},
	"tweaks:topaz_block": {
		"textures": "topaz_block",
		"sound": "amethyst_block"
	},
	"tweaks:whispering_crystal": {
		"textures": "whispering_crystal",
		"sound": "amethyst_block"
	},
	"tweaks:polished_calcite": {
		"textures": "polished_calcite",
		"sound": "calcite"
	},
	"tweaks:polished_tuff": {
		"textures": "polished_tuff",
		"sound": "tuff"
	},
	"tweaks:topaz_lamp": {
		"sound": "copper",
		"textures": {
			"up": "topaz_lamp_up",
			"down": "topaz_lamp_up",
			"side": "topaz_lamp"
		}
	},
	"tweaks:palm_leaves": {
		"textures": "palm_leaves",
		"sound": "grass"
	},
	"tweaks:twisting_nebula": {
		"textures": "twisting_nebula",
		"sound": "sculk"
	},
	"tweaks:sculk_jaw": {
		"sound": "sculk_shrieker",
		"textures": {
			"up": "sculk_jaw",
			"down": "sculk",
			"side": "sculk"
		}
	},
	"tweaks:fossilised_sculk": {
		"textures": "fossilised_sculk",
		"sound": "sculk_catalyst"
	},
	"tweaks:topaz_bricks": {
		"textures": "topaz_bricks",
		"sound": "deepslate_bricks"
	},
	"tweaks:cracked_topaz_bricks": {
		"textures": "cracked_topaz_bricks",
		"sound": "deepslate_bricks"
	},
	"tweaks:cracked_mud_bricks": {
		"textures": "cracked_mud_bricks",
		"sound": "mud_bricks"
	},
	"tweaks:wet_mud_bricks": {
		"textures": "wet_mud_bricks",
		"sound": "mud"
	},
	"tweaks:chiseled_mud_bricks": {
		"textures": "chiseled_mud_bricks",
		"sound": "mud_bricks"
	},
	"tweaks:barrel_cactus": {
		"sound": "cloth"
	},
	"tweaks:chiselled_mud_bricks": {
		"textures": "chiseled_mud_bricks",
		"sound": "mud_bricks"
	},
	"tweaks:cracked_end_stone_bricks": {
		"textures": "cracked_end_stone_bricks",
		"sound": "stone"
	},
	"tweaks:chiseled_end_stone_bricks": {
		"textures": "chiseled_end_stone_bricks",
		"sound": "stone"
	},
	"tweaks:chiseled_purpur": {
		"textures": "chiseled_purpur",
		"sound": "stone"
	},
	"tweaks:smooth_purpur": {
		"textures": "smooth_purpur",
		"sound": "stone"
	},
	"tweaks:smooth_purpur_slab": {
		"sound": "stone"
	},
	"tweaks:chiseled_topaz_bricks": {
		"textures": "chiseled_topaz_bricks",
		"sound": "deepslate_bricks"
	},
	"tweaks:chiseled_dripstone_bricks": {
		"textures": "chiseled_dripstone_bricks",
		"sound": "dripstone_block"
	},
	"tweaks:mossy_dripstone_bricks": {
		"textures": "mossy_dripstone_bricks",
		"sound": "dripstone_block"
	},
	"tweaks:cracked_dripstone_bricks": {
		"textures": "cracked_dripstone_bricks",
		"sound": "dripstone_block"
	},
	"tweaks:polished_dripstone": {
		"textures": "polished_dripstone",
		"sound": "dripstone_block"
	},
	"tweaks:dripstone_bricks": {
		"textures": "dripstone_bricks",
		"sound": "dripstone_block"
	},
	"tweaks:mossy_deepslate_bricks": {
		"textures": "mossy_deepslate_bricks",
		"sound": "deepslate_bricks"
	},
	"tweaks:mossy_deepslate_brick_wall": {
		"sound": "deepslate_bricks"
	},
	"tweaks:mossy_deepslate_brick_slab": {
		"sound": "deepslate_bricks"
	},
	"tweaks:mossy_deepslate_brick_stairs": {
		"sound": "deepslate_bricks"
	},
	"tweaks:mossy_cobbled_deepslate": {
		"textures": "mossy_cobbled_deepslate",
		"sound": "deepslate"
	},
	"tweaks:mossy_cobbled_deepslate_wall": {
		"sound": "deepslate"
	},
	"tweaks:mossy_cobbled_deepslate_slab": {
		"sound": "deepslate"
	},
	"tweaks:mossy_cobbled_deepslate_stairs": {
		"sound": "deepslate"
	},
	"tweaks:marine_rubble": {
		"textures": "marine_rubble",
		"sound": "basalt"
	},
	"tweaks:marinestone": {
		"textures": "marinestone",
		"sound": "basalt"
	},
	"tweaks:aquatic_illuminator": {
		"textures": "aquatic_illuminator",
		"sound": "glass"
	},
	"tweaks:lepidolite": {
		"textures": "lepidolite",
		"sound": "deepslate"
	},
	"tweaks:lepidolite_pearl_ore": {
		"textures": "lepidolite_pearl_ore",
		"sound": "deepslate"
	},
	"tweaks:polished_lepidolite": {
		"textures": "polished_lepidolite",
		"sound": "deepslate"
	},
	"tweaks:topaz_burgeon": {
		"textures": "topaz_burgeon",
		"sound": "amethyst_block"
	},
	"tweaks:carnelian": {
		"textures": "carnelian",
		"sound": "tuff"
	},
	"tweaks:marble": {
		"textures": "marble",
		"sound": "calcite"
	},
	"tweaks:bismuth_block": {
		"textures": "bismuth_block",
		"sound": "netherite"
	},
	"tweaks:bismuth_bench": {
		"textures": "bismuth_bench",
		"sound": "netherite"
	},
	"tweaks:pearl_ore": {
		"textures": "pearl_ore",
		"sound": "nether_gold_ore"
	},
	"tweaks:uranium_ore": {
		"textures": "uranium_ore",
		"sound": "nether_gold_ore"
	},
	"tweaks:uranium_block": {
		"textures": "uranium_block",
		"sound": "metal"
	},
	"tweaks:pulstone": {
		"textures": "pulstone",
		"sound": "glass"
	},
	"tweaks:soul_glass": {
		"textures": "soul_glass",
		"sound": "glass"
	},
	"tweaks:chorus_morass": {
		"textures": "chorus_sod_up",
		"sound": "moss_block"
	},
	"gilded_blackstone": {
		"sound": "nether_gold_ore"
	},
	"red_mushroom_block": {
		"sound": "nether_wart"
	},
	"chorus_flower": {
		"sound": "wood"
	},
	"chorus_plant": {
		"sound": "wood"
	},
	"waterlily": {
		"sound": "big_dripleaf"
	},
	"bee_nest": {
		"sound": "wood"
	},
	"brown_mushroom_block": {
		"sound": "nether_wart"
	},
	"cracked_nether_bricks": {
		"sound": "nether_brick"
	},
	"bell": {
		"sound": "anvil"
	},
	"flower_pot": {
		"sound": "decorated_pot"
	},
	"chiseled_nether_bricks": {
		"sound": "nether_brick"
	},
	"tweaks:chorus_sod": {
		"sound": "nylium",
		"textures": {
			"up": "chorus_sod_up",
			"down": "end_stone",
			"side": "chorus_sod_side"
		}
	},
	"tweaks:bismuth_ore": {
		"textures": "bismuth_ore",
		"sound": "nether_gold_ore"
	},
	"tweaks:crossed_bamboo_block": {
		"textures": "crossed_bamboo_block",
		"sound": "bamboo_wood"
	},
	"tweaks:tiled_bamboo": {
		"textures": "tiled_bamboo",
		"sound": "bamboo_wood"
	},
	"tweaks:checkered_bamboo": {
		"textures": "checkered_bamboo",
		"sound": "bamboo_wood"
	},
	"tweaks:mithril_ore": {
		"textures": "mithril_ore",
		"sound": "stone"
	},
	"tweaks:deepslate_mithril_ore": {
		"textures": "deepslate_mithril_ore",
		"sound": "deepslate"
	},
	"tweaks:raw_pearl_block": {
		"textures": "raw_pearl_block",
		"sound": "stone"
	},
	"tweaks:tempest_lamp": {
		"textures": "tempest_lamp",
		"sound": "metal"
	},
	"tweaks:immutable_slush": {
		"textures": "immutable_slush",
		"sound": "sculk_sensor"
	},
	"tweaks:mithril_block": {
		"textures": "mithril_block",
		"sound": "metal"
	},
	"tweaks:raw_mithril_block": {
		"textures": "raw_mithril_block",
		"sound": "stone"
	},
	"tweaks:endermite_nest": {
		"textures": {
			"up": "end_stone",
			"down": "end_stone",
			"side": "endermite_nest"
		},
		"sound": "coral"
	}
}