{
	"entity_sounds": {
		"entities": {
			"silverfish": {
				"events": {
					"ambient": "mob.silverfish.say",
					"hurt": "mob.silverfish.hurt",
					"death": "mob.silverfish.death",
					"attack": "mob.silverfish.attack",
					"step": "mob.endermite.step"
				},
				"pitch": [
					0.80,
					1.20
				],
				"volume": 1
			},
			"endermite": {
				"events": {
					"ambient": "mob.endermite.say",
					"hurt": "mob.endermite.hurt",
					"death": "mob.endermite.death",
					"attack": "mob.endermite.attack",
					"step": "mob.endermite.step"
				},
				"pitch": [
					0.80,
					1.20
				],
				"volume": 1
			},
			"zombie_horse": {
				"events": {
					"eat": "mob.horse.eat",
					"attack": "random.eat"
				},
				"pitch": [
					0.80,
					1.20
				],
				"volume": 1
			},
			"tweaks:pest": {
				"events": {
					"ambient": "mob.pest.say",
					"hurt": "mob.pest.hurt",
					"death": "mob.pest.death",
					"attack": "mob.endermite.attack",
					"step": "mob.endermite.step"
				},
				"pitch": [
					0.45,
					0.95
				],
				"volume": 1
			},
			"tweaks:noxious_immolator": {
				"events": {
					"ambient": "mob.noxious_immolator.say",
					"hurt": "mob.noxious_immolator.hurt",
					"attack": "mob.noxious_immolator.attack",
					"death": "mob.noxious_immolator.death",
					"step": "mob.noxious_immolator.step"
				},
				"pitch": [
					0.50,
					1.00
				],
				"volume": 1
			},
			"tweaks:noxious_bubble": {
				"events": {
					"spawn": "mob.noxious_bubble.pop",
					"roar": "mob.noxious_bubble.burst"
				},
				"pitch": [
					0.50,
					1.00
				],
				"volume": 1
                    },
			"tweaks:frost_bite": {
				"events": {
					"ambient": "mob.frost_bite.say",
					"attack": "mob.frost_bite.attack",
					"hurt": "mob.frost_bite.hurt",
					"death": "mob.frost_bite.death",
					"summon_spikes": "mob.frost_bite.spike",
					"step": "mob.frost_bite.step"
				},
				"pitch": [
					0.50,
					1.00
				],
				"volume": 1
			},
			"spider": {
				"events": {
					"ambient": "mob.spider.say",
					"attack": "mob.spider.attack",
					"hurt": "mob.spider.say",
					"death": "mob.spider.death",
					"step": "mob.spider.step"
				},
				"pitch": [
					0.80,
					1.20
				],
				"volume": 1
			},
			"cave_spider": {
				"events": {
					"ambient": "mob.cave_spider.say",
					"attack": "mob.cave_spider.attack",
					"hurt": "mob.cave_spider.say",
					"death": "mob.cave_spider.death",
					"step": "mob.spider.step"
				},
				"pitch": [
					0.80,
					1.20
				],
				"volume": 1
			},
			"tweaks:skeletal_swimmer": {
				"events": {
					"ambient": "mob.skeleton.say",
					"attack": "mob.ravager.bite",
					"hurt": "mob.skeleton.hurt",
					"death": "mob.skeleton.death",
					"ambient.in.water": "mob.skeleton.say",
					"hurt.in.water": "mob.skeleton.hurt",
					"death.in.water": "mob.skeleton.death",
					"swim": "mob.axolotl.swim",
					"splash": "mob.axolotl.splash",
					"flop": "mob.fish.flop"
				},
				"pitch": [
					1.5,
					2.0
				],
				"volume": 1
			},
			"tweaks:vibration_from_olivager": {
				"events": {
					"death": "olivager.blow",
					"death.in.water": "olivager.blow",
					"hurt": "",
					"hurt.in.water": ""
				},
				"pitch": [
					1.0,
					1.0
				],
				"volume": 20
			},
			"tweaks:vibration_from_horn_fearless_river_gift": {
				"events": {
					"death": "copper_horn.fearless_river_gift",
					"death.in.water": "copper_horn.fearless_river_gift",
					"hurt": "",
					"hurt.in.water": ""
				},
				"pitch": [
					1.0,
					1.0
				],
				"volume": 20
			},
			"tweaks:vibration_from_horn_great_sky_falling": {
				"events": {
					"death": "copper_horn.great_sky_falling",
					"death.in.water": "copper_horn.great_sky_falling",
					"hurt": "",
					"hurt.in.water": ""
				},
				"pitch": [
					1.0,
					1.0
				],
				"volume": 20
			},
			"tweaks:vibration_from_horn_pure_water_desire": {
				"events": {
					"death": "copper_horn.pure_water_desire",
					"death.in.water": "copper_horn.pure_water_desire",
					"hurt": "",
					"hurt.in.water": ""
				},
				"pitch": [
					1.0,
					1.0
				],
				"volume": 20
			},
			"tweaks:vibration_from_horn_secret_lake_tear": {
				"events": {
					"death": "copper_horn.secret_lake_tear",
					"death.in.water": "copper_horn.secret_lake_tear",
					"hurt": "",
					"hurt.in.water": ""
				},
				"pitch": [
					1.0,
					1.0
				],
				"volume": 20
			},
			"tweaks:vibration_from_horn_mumble_fire_memory": {
				"events": {
					"death": "copper_horn.mumble_fire_memory",
					"death.in.water": "copper_horn.mumble_fire_memory",
					"hurt": "",
					"hurt.in.water": ""
				},
				"pitch": [
					1.0,
					1.0
				],
				"volume": 20
			},
			"tweaks:vibration_from_horn_sweet_moon_love": {
				"events": {
					"death": "copper_horn.sweet_moon_love",
					"death.in.water": "copper_horn.sweet_moon_love",
					"hurt": "",
					"hurt.in.water": ""
				},
				"pitch": [
					1.0,
					1.0
				],
				"volume": 20
			},
			"tweaks:vibration_from_horn_cry": {
				"events": {
					"death": "echo_horn.cry",
					"death.in.water": "echo_horn.cry",
					"hurt": "",
					"hurt.in.water": ""
				},
				"pitch": [
					1.0,
					1.0
				],
				"volume": 20
			},
			"tweaks:vibration_from_horn_whine": {
				"events": {
					"death": "echo_horn.whine",
					"death.in.water": "echo_horn.whine",
					"hurt": "",
					"hurt.in.water": ""
				},
				"pitch": [
					1.0,
					1.0
				],
				"volume": 20
			},
			"tweaks:vibration_from_horn_grief": {
				"events": {
					"death": "echo_horn.grief",
					"death.in.water": "echo_horn.grief",
					"hurt": "",
					"hurt.in.water": ""
				},
				"pitch": [
					1.0,
					1.0
				],
				"volume": 20
			},
			"tweaks:vibration_from_horn_void": {
				"events": {
					"death": "echo_horn.void",
					"death.in.water": "echo_horn.void",
					"hurt": "",
					"hurt.in.water": ""
				},
				"pitch": [
					1.0,
					1.0
				],
				"volume": 20
			},
			"tweaks:vibration_from_horn_epiphany": {
				"events": {
					"death": "echo_horn.epiphany",
					"death.in.water": "echo_horn.epiphany",
					"hurt": "",
					"hurt.in.water": ""
				},
				"pitch": [
					1.0,
					1.0
				],
				"volume": 20
			},
			"tweaks:vibration_from_horn_darkness": {
				"events": {
					"death": "echo_horn.darkness",
					"death.in.water": "echo_horn.darkness",
					"hurt": "",
					"hurt.in.water": ""
				},
				"pitch": [
					1.0,
					1.0
				],
				"volume": 20
			},
			"tweaks:vibration_from_horn_soul": {
				"events": {
					"death": "echo_horn.soul",
					"death.in.water": "echo_horn.soul",
					"hurt": "",
					"hurt.in.water": ""
				},
				"pitch": [
					1.0,
					1.0
				],
				"volume": 20
			},
			"tweaks:vibration_from_horn_delusion": {
				"events": {
					"death": "echo_horn.delusion",
					"death.in.water": "echo_horn.delusion",
					"hurt": "",
					"hurt.in.water": ""
				},
				"pitch": [
					1.0,
					1.0
				],
				"volume": 20
			},
			"tweaks:vibration_from_horn_shimmer": {
				"events": {
					"death": "glitter_horn.shimmer",
					"death.in.water": "glitter_horn.shimmer",
					"hurt": "",
					"hurt.in.water": ""
				},
				"pitch": [
					1.0,
					1.0
				],
				"volume": 20
			},
			"tweaks:vibration_from_horn_blessing": {
				"events": {
					"death": "glitter_horn.blessing",
					"death.in.water": "glitter_horn.blessing",
					"hurt": "",
					"hurt.in.water": ""
				},
				"pitch": [
					1.0,
					1.0
				],
				"volume": 20
			},
			"tweaks:vibration_from_horn_daze": {
				"events": {
					"death": "glitter_horn.daze",
					"death.in.water": "glitter_horn.daze",
					"hurt": "",
					"hurt.in.water": ""
				},
				"pitch": [
					1.0,
					1.0
				],
				"volume": 20
			},
			"tweaks:vibration_from_horn_spark": {
				"events": {
					"death": "glitter_horn.spark",
					"death.in.water": "glitter_horn.spark",
					"hurt": "",
					"hurt.in.water": ""
				},
				"pitch": [
					1.0,
					1.0
				],
				"volume": 20
			},
			"tweaks:vibration_from_horn_eternal": {
				"events": {
					"death": "glitter_horn.eternal",
					"death.in.water": "glitter_horn.eternal",
					"hurt": "",
					"hurt.in.water": ""
				},
				"pitch": [
					1.0,
					1.0
				],
				"volume": 20
			},
			"tweaks:vibration_from_horn_distant": {
				"events": {
					"death": "glitter_horn.distant",
					"death.in.water": "glitter_horn.distant",
					"hurt": "",
					"hurt.in.water": ""
				},
				"pitch": [
					1.0,
					1.0
				],
				"volume": 20
			},
			"tweaks:vibration_from_horn_moonlight": {
				"events": {
					"death": "glitter_horn.moonlight",
					"death.in.water": "glitter_horn.moonlight",
					"hurt": "",
					"hurt.in.water": ""
				},
				"pitch": [
					1.0,
					1.0
				],
				"volume": 20
			},
			"tweaks:vibration_from_horn_fable": {
				"events": {
					"death": "glitter_horn.fable",
					"death.in.water": "glitter_horn.fable",
					"hurt": "",
					"hurt.in.water": ""
				},
				"pitch": [
					1.0,
					1.0
				],
				"volume": 20
			},
			"tweaks:vibration_from_horn_fresh_nest_thought": {
				"events": {
					"death": "copper_horn.fresh_nest_thought",
					"death.in.water": "copper_horn.fresh_nest_thought",
					"hurt": "",
					"hurt.in.water": ""
				},
				"pitch": [
					1.0,
					1.0
				],
				"volume": 20
			},
			"tweaks:vibration_from_horn_old_hymn_resting": {
				"events": {
					"death": "copper_horn.old_hymn_resting",
					"death.in.water": "copper_horn.old_hymn_resting",
					"hurt": "",
					"hurt.in.water": ""
				},
				"pitch": [
					1.0,
					1.0
				],
				"volume": 20
			},
			"tweaks:wallower": {
				"events": {
					"ambient": "mob.pig.say",
					"hurt": "mob.pig.say",
					"death": "mob.pig.death",
					"step": "block.mud.step",
					"eat": ""
				},
				"pitch": [
					0.60,
					1.05
				],
				"volume": 1
			},
			"tweaks:shroomlight_bug": {
				"events": {
					"ambient": "mob.bee.loop",
					"hurt": "mob.bee.hurt",
					"death": "mob.bee.death",
					"angry": "mob.bee.aggressive",
					"attack": "dig.shroomlight",
					"eat": ""
				},
				"pitch": [
					0.30,
					0.70
				],
				"volume": 1
			},
			"tweaks:amethyst_orx": {
				"events": {
					"ambient": "chime.amethyst_block",
					"hurt": "place.amethyst_block",
					"death": "break.amethyst_block",
					"step": "dig.stone",
					"plop": "break.amethyst_block"
				},
				"pitch": [
					0.80,
					1.20
				],
				"volume": 1
			},
			"tweaks:iron_orx": {
				"events": {
					"hurt": "place.amethyst_block",
					"death": "break.amethyst_block",
					"step": "dig.stone",
					"plop": "break.amethyst_block"
				},
				"pitch": [
					0.80,
					1.20
				],
				"volume": 1
			},
			"tweaks:lapis_lazuli_orx": {
				"events": {
					"hurt": "place.amethyst_block",
					"death": "break.amethyst_block",
					"step": "dig.stone",
					"plop": "break.amethyst_block"
				},
				"pitch": [
					0.80,
					1.20
				],
				"volume": 1
			},
			"tweaks:gold_orx": {
				"events": {
					"ambient": "chime.amethyst_block",
					"hurt": "place.amethyst_block",
					"death": "break.amethyst_block",
					"step": "dig.stone",
					"plop": "break.amethyst_block"
				},
				"pitch": [
					0.60,
					1.00
				],
				"volume": 1
			},
			"tweaks:redstone_orx": {
				"events": {
					"ambient": "chime.amethyst_block",
					"hurt": "place.amethyst_block",
					"death": "break.amethyst_block",
					"step": "dig.stone",
					"plop": "break.amethyst_block"
				},
				"pitch": [
					0.60,
					1.00
				],
				"volume": 1
			},
			"tweaks:diamond_orx": {
				"events": {
					"ambient": "chime.amethyst_block",
					"hurt": "place.amethyst_block",
					"death": "break.amethyst_block",
					"step": "dig.stone",
					"plop": "break.amethyst_block"
				},
				"pitch": [
					0.40,
					0.80
				],
				"volume": 1
			},
			"tweaks:mithril_orx": {
				"events": {
					"ambient": "chime.amethyst_block",
					"hurt": "place.amethyst_block",
					"death": "break.amethyst_block",
					"step": "dig.stone",
					"plop": "break.amethyst_block"
				},
				"pitch": [
					0.40,
					0.80
				],
				"volume": 1
			},
			"tweaks:ravenous_rabbit": {
				"events": {
					"ambient": "mob.rabbit.idle",
					"hurt": "mob.rabbit.hurt",
					"death": "mob.rabbit.death",
					"attack": "mob.ravenous_rabbit.attack"
				},
				"pitch": [
					0.80,
					1.20
				],
				"volume": 1
			},
			"tweaks:emerald_orx": {
				"events": {
					"ambient": "chime.amethyst_block",
					"hurt": "place.amethyst_block",
					"death": "break.amethyst_block",
					"step": "dig.stone",
					"plop": "break.amethyst_block"
				},
				"pitch": [
					0.40,
					0.80
				],
				"volume": 1
			},
			"tweaks:topaz_critter": {
				"events": {
					"ambient": "chime.amethyst_block",
					"hurt": "place.amethyst_block",
					"death": "break.amethyst_block",
					"step": "step.tuff"
				},
				"pitch": [
					1.20,
					1.60
				],
				"volume": 1
			},
			"tweaks:frost_spike": {
				"events": {
					"spawn": "mob.frost_spike.spawn",
					"attack": "random.glass"
				},
				"pitch": [
					0.80,
					1.20
				],
				"volume": 1
			},
			"tweaks:icebolt_spike": {
				"events": {
					"spawn": "mob.frost_spike.spawn",
					"attack": "random.glass"
				},
				"pitch": [
					0.80,
					1.20
				],
				"volume": 1
			},
			"tweaks:bluster": {
				"events": {
					"ambient": "mob.bluster.say",
					"hurt": "mob.bluster.hurt",
					"fly": "mob.bluster.fly",
					"death": "mob.bluster.death",
					"prepare.summon": "mob.bluster.attack"
				},
				"pitch": [
					0.80,
					1.20
				],
				"volume": 5
			},
			"tweaks:zombified_piglin_brute": {
				"events": {
					"ambient": "mob.zombiepig.zpig",
					"hurt": "mob.zombiepig.zpighurt",
					"mad": "mob.zombiepig.zpigangry",
					"death": "mob.zombiepig.zpigdeath",
					"step": "mob.piglin.step"
				},
				"pitch": [
					1.00,
					0.65
				],
				"volume": 1
			},
			"tweaks:stained_vessel": {
				"events": {
					"ambient": "mob.husk.ambient",
					"hurt": "mob.husk.hurt",
					"death": "mob.husk.death",
					"step": "mob.husk.step"
				},
				"pitch": [
					1.00,
					0.60
				],
				"volume": 1
			},
			"tweaks:snare": {
				"events": {
					"ambient": "mob.turtle.ambient",
					"hurt": "mob.turtle.hurt",
					"eat": "mob.camel.eat",
					"death": "mob.turtle.death",
					"step": "dig.azalea_leaves"
				},
				"pitch": [
					0.90,
					0.50
				],
				"volume": 1
			},
			"tweaks:roxen": {
				"events": {
					"ambient": "mob.roxen.say",
					"hurt": "mob.roxen.hurt",
					"attack": "mob.phantom.bite",
					"death": "mob.roxen.death",
					"step": "hit.tuff",
					"eat": ""
				},
				"pitch": [
					0.80,
					1.20
				],
				"volume": 1
			},
			"tweaks:ghoul": {
				"events": {
					"ambient": "hit.sculk",
					"hurt": "break.sculk_sensor",
					"attack": "mob.ghoul.attack",
					"death": "break.sculk_shrieker",
					"step": "mob.ghoul.step"
				},
				"pitch": [
					0.80,
					1.20
				],
				"volume": 1
			},
			"tweaks:pearl_golem": {
				"events": {
					"ambient": "mob.shulker.ambient",
					"hurt": "mob.shulker.hurt",
					"death": "mob.shulker.death",
					"shoot": "mob.shulker.shoot",
					"step": "mob.irongolem.walk"
				},
				"pitch": [
					0.80,
					1.20
				],
				"volume": 1	
			},
			"tweaks:wombat": {
				"events": {
					"ambient": "mob.wombat.say",
					"hurt": "mob.panda.hurt",
					"death": "mob.wombat.death",
					"eat": "mob.panda.eat",
					"step": "mob.wombat.step"
				},
				"pitch": [
					0.60,
					0.95
				],
				"volume": 1	
			},
			"shulker": {
				"events": {
					"ambient": "mob.new_shulker.say",
					"hurt": "mob.new_shulker.hurt",
					"death": "mob.new_shulker.death",
					"shulker.open": "mob.shulker.open",
					"shulker.close": "mob.shulker.close",
					"shoot": "mob.new_shulker.shoot"
				},
				"pitch": [
					0.80,
					1.20
				],
				"volume": 1	
			},
			"tweaks:chorus_snail": {
				"events": {
					"ambient": "mob.strider.idle",
					"hurt": "mob.strider.hurt",
					"death": "mob.strider.death",
					"eat": "mob.strider.eat",
					"attack": "mob.strider.eat",
					"tempt": "mob.strider.tempt",
					"boost": "mob.strider.eat",
					"panic": "mob.strider.panic",
					"milk": "mob.mooshroom.suspicious_milk",
					"step": "dig.honey_block"
				},
				"pitch": [
					0.80,
					1.20
				],
				"volume": 1	
			},
			"tweaks:blastling": {
				"events": {
					"ambient": "mob.blastling.say",
					"hurt": "mob.blastling.hurt",
					"death": "mob.blastling.death",
					"shoot": "mob.blastling.shoot",
					"step": "mob.blastling.step",
					"angry": "mob.blastling.angry"
				},
				"pitch": [
					0.80,
					1.20
				],
				"volume": 1	
			},
			"tweaks:wart_crusher": {
				"events": {
					"ambient": "mob.wart_crusher.say",
					"hurt": "mob.wart_crusher.hurt",
					"death": "mob.wart_crusher.death",
					"attack": "mob.wart_crusher.attack",
					"step": "mob.wart_crusher.step"
				},
				"pitch": [
					0.80,
					1.20
				],
				"volume": 1	
			},
			"tweaks:warped_wart_crusher": {
				"events": {
					"ambient": "mob.wart_crusher.say",
					"hurt": "mob.wart_crusher.hurt",
					"death": "mob.wart_crusher.death",
					"attack": "mob.wart_crusher.attack",
					"step": "mob.wart_crusher.step"
				},
				"pitch": [
					0.80,
					1.20
				],
				"volume": 1	
			},
			"tweaks:glider": {
				"events": {
					"ambient": "mob.glider.say",
					"hurt": "mob.glider.hurt",
					"death": "mob.glider.death",
					"shoot": "mob.glider.shoot",
					"flap": "mob.glider.flap"
				},
				"pitch": [
					0.80,
					1.20
				],
				"volume": 5
			},
			"tweaks:guardian_vex": {
				"events": {
					"ambient": "mob.vex.ambient",
					"hurt": "mob.vex.hurt",
					"death": "mob.guardian_vex.death",
					"attack": "mob.guardian_vex.attack",
					"step": "mob.guardian_vex.step"
				},
				"pitch": [
					0.80,
					1.20
				],
				"volume": 1	
			},
			"skeleton": {
				"events": {
					"shoot": "random.bow"
				},
				"pitch": [
					0.80,
					1.20
				],
				"volume": 1
			},
			"zombie_pigman": {
				"events": {
					"step": "mob.piglin.step"
				},
				"pitch": [
					0.80,
					1.20
				],
				"volume": 1
			},
			"turtle": {
				"events": {
					"ambient.in.water": "mob.turtle.ambient",
					"hurt.in.water": "mob.turtle.hurt",
					"swim": "mob.axolotl.swim",
					"splash": "mob.axolotl.splash",
					"death.in.water": "mob.turtle.death"
				},
				"pitch": [
					0.80,
					1.20
				],
				"volume": 1
			},
			"pufferfish": {
				"events": {
					"death": "mob.pufferfish.death",
					"hurt": "mob.pufferfish.hurt",
					"swim": "mob.axolotl.swim",
					"splash": "mob.axolotl.splash",
					"death.in.water": "mob.pufferfish.death",
					"ambient.in.water": "mob.pufferfish.say",
					"attack": "mob.pufferfish.sting",
					"hurt.in.water": "mob.pufferfish.hurt"
				},
				"pitch": [
					0.80,
					1.20
				],
				"volume": 1
			},
			"salmon": {
				"events": {
					"death": "mob.tadpole.death",
					"hurt": "mob.tadpole.hurt",
					"swim": "mob.axolotl.swim",
					"splash": "mob.axolotl.splash",
					"death.in.water": "mob.tadpole.death",
					"hurt.in.water": "mob.tadpole.hurt"
				},
				"pitch": [
					0.80,
					1.20
				],
				"volume": 1
			},
			"tweaks:haddock": {
				"events": {
					"death": "mob.tadpole.death",
					"hurt": "mob.tadpole.hurt",
					"swim": "mob.axolotl.swim",
					"splash": "mob.axolotl.splash",
					"death.in.water": "mob.tadpole.death",
					"hurt.in.water": "mob.tadpole.hurt",
					"flop": "mob.fish.flop"
				},
				"pitch": [
					0.80,
					1.20
				],
				"volume": 1
			},
			"tadpole": {
				"events": {
					"death": "mob.tadpole.death",
					"hurt": "mob.tadpole.hurt",
					"swim": "mob.axolotl.swim",
					"splash": "mob.axolotl.splash",
					"death.in.water": "mob.tadpole.death",
					"hurt.in.water": "mob.tadpole.hurt"
				},
				"pitch": [
					0.80,
					1.20
				],
				"volume": 1
			},
			"cod": {
				"events": {
					"death": "mob.tadpole.death",
					"hurt": "mob.tadpole.hurt",
					"swim": "mob.axolotl.swim",
					"splash": "mob.axolotl.splash",
					"death.in.water": "mob.tadpole.death",
					"hurt.in.water": "mob.tadpole.hurt"
				},
				"pitch": [
					0.80,
					1.20
				],
				"volume": 1
			},
			"fish": {
				"events": {
					"death": "mob.tadpole.death",
					"hurt": "mob.tadpole.hurt",
					"swim": "mob.axolotl.swim",
					"splash": "mob.axolotl.splash",
					"death.in.water": "mob.tadpole.death",
					"hurt.in.water": "mob.tadpole.hurt"
				},
				"pitch": [
					0.80,
					1.20
				],
				"volume": 1
			},
			"tropicalfish": {
				"events": {
					"death": "mob.tadpole.death",
					"hurt": "mob.tadpole.hurt",
					"swim": "mob.axolotl.swim",
					"splash": "mob.axolotl.splash",
					"death.in.water": "mob.tadpole.death",
					"hurt.in.water": "mob.tadpole.hurt"
				},
				"pitch": [
					0.80,
					1.20
				],
				"volume": 1
			},
			"ender_dragon": {
				"events": {
					"shoot": "mob.ghast.fireball"
				},
				"pitch": [
					0.80,
					1.20
				],
				"volume": 80
			},
			"ghast": {
				"events": {
					"shoot": "mob.ghast.fireball"
				},
				"pitch": [
					0.80,
					1.20
				],
				"volume": 5
			},
			"wither_skeleton": {
				"events": {
					"ambient": "mob.wither_skeleton.say",
					"hurt": "mob.wither_skeleton.hurt",
					"death": "mob.wither_skeleton.death",
					"attack": "mob.wither_skeleton.attack",
					"shoot": "random.bow",
					"step": "mob.wither_skeleton.step"
				},
				"pitch": [
					0.80,
					1.20
				],
				"volume": 1
			},
			"tweaks:soul_scuttle": {
				"events": {
					"ambient": "mob.soul_scuttle.say",
					"hurt": "mob.soul_scuttle.hurt",
					"death": "mob.soul_scuttle.death",
					"angry": "mob.soul_scuttle.angry",
					"attack": "mob.soul_scuttle.attack",
					"step": "mob.soul_scuttle.step"
				},
				"pitch": [
					0.45,
					0.80
				],
				"volume": 1
			},
			"tweaks:illusioner_clone": {
				"events": {
					"ambient": "mob.illusioner.say",
					"hurt": "mob.illusioner.hurt",
					"spawn": "mob.illusioner.mirror_spawn",
					"death": "mob.evocation_illager.death",
					"shoot": "random.bow"
				},
				"pitch": [
					0.80,
					1.20
				],
				"volume": 1	
			},
			"tweaks:illusioner": {
				"events": {
					"ambient": "mob.illusioner.say",
					"hurt": "mob.illusioner.hurt",
					"death": "mob.illusioner.death",
					"prepare.attack": "mob.illusioner.blindness",
					"prepare.summon": "mob.illusioner.mirror",
					"cast.spell": "mob.evocation_illager.cast_spell",
					"shoot": "random.bow"
				},
				"pitch": [
					0.80,
					1.20
				],
				"volume": 1	
			},
			"tweaks:basalt_giant": {
				"events": {
					"ambient": "mob.basalt_giant.say",
					"hurt": "mob.basalt_giant.hurt",
					"death": "mob.basalt_giant.death",
					"angry": "mob.basalt_giant.angry",
					"attack": "mob.basalt_giant.attack",
					"shoot": "mob.basalt_giant.shoot",
					"step": "mob.basalt_giant.step"
				},
				"pitch": [
					0.40,
					0.80
				],
				"volume": 3
			},
			"stray": {
				"events": {
					"shoot": "mob.stray.shoot"
				},
				"pitch": [
					0.80,
					1.20
				],
				"volume": 1
			},
			"pillager": {
				"events": {
					"shoot": "crossbow.shoot"
				},
				"pitch": [
					0.80,
					1.20
				],
				"volume": 1
			},
			"drowned": {
				"events": {
					"shoot": "item.trident.throw"
				},
				"pitch": [
					0.80,
					1.20
				],
				"volume": 1
			},
			"piglin": {
				"events": {
					"shoot": "crossbow.shoot"
				},
				"pitch": [
					0.80,
					1.20
				],
				"volume": 1
        		}
      		}
		}
	}
}